student_id,subject,marks,total_marks,percentage,exam_date,exam_type,term
1,Mathematics,83.10394459363413,100,83.10394459363413,2025-11-22T04:50:14.246418,midterm,1
1,Science,76.75416005180995,100,76.75416005180995,2025-11-22T04:50:14.246418,midterm,1
1,English,84.61368844452872,100,84.61368844452872,2025-11-22T04:50:14.246418,midterm,1
1,Social Studies,93.36710162760205,100,93.36710162760205,2025-11-22T04:50:14.246418,midterm,1
1,Hindi,75.79526931628844,100,75.79526931628844,2025-11-22T04:50:14.246418,midterm,1
1,Mathematics,75.79543349403,100,75.79543349403,2025-09-27T04:50:14.246418,midterm,2
1,Science,93.92893121859571,100,93.92893121859571,2025-09-27T04:50:14.246418,midterm,2
1,English,85.81115035505088,100,85.81115035505088,2025-09-27T04:50:14.246418,midterm,2
1,Social Studies,73.44205920417228,100,73.44205920417228,2025-09-27T04:50:14.246418,midterm,2
1,Hindi,83.56240349938145,100,83.56240349938145,2025-09-27T04:50:14.246418,midterm,2
1,Mathematics,73.50262613539718,100,73.50262613539718,2025-12-17T04:50:14.246418,final,3
1,Science,73.47950552781923,100,73.47950552781923,2025-12-17T04:50:14.246418,final,3
1,English,80.55642577918213,100,80.55642577918213,2025-12-17T04:50:14.246418,final,3
1,Social Studies,59.00400061694381,100,59.00400061694381,2025-12-17T04:50:14.246418,final,3
1,Hindi,60.887624738391466,100,60.887624738391466,2025-12-17T04:50:14.246418,final,3
2,Mathematics,55.527853748696415,100,55.527853748696415,2026-01-25T04:50:14.246418,midterm,1
2,Science,51.02241783776191,100,51.02241783776191,2026-01-25T04:50:14.246418,midterm,1
2,English,64.29320236705888,100,64.29320236705888,2026-01-25T04:50:14.246418,midterm,1
2,Social Studies,52.07048828589404,100,52.07048828589404,2026-01-25T04:50:14.246418,midterm,1
2,Hindi,47.02769202775323,100,47.02769202775323,2026-01-25T04:50:14.246418,midterm,1
2,Mathematics,75.80721673032168,100,75.80721673032168,2025-11-03T04:50:14.246418,midterm,2
2,Science,58.89296603624079,100,58.89296603624079,2025-11-03T04:50:14.246418,midterm,2
2,English,61.826011087985385,100,61.826011087985385,2025-11-03T04:50:14.246418,midterm,2
2,Social Studies,46.90324717897158,100,46.90324717897158,2025-11-03T04:50:14.246418,midterm,2
2,Hindi,55.70690179585432,100,55.70690179585432,2025-11-03T04:50:14.246418,midterm,2
2,Mathematics,62.25995493820481,100,62.25995493820481,2025-12-21T04:50:14.246418,final,3
2,Science,49.64079326688312,100,49.64079326688312,2025-12-21T04:50:14.246418,final,3
2,English,64.90770922456286,100,64.90770922456286,2025-12-21T04:50:14.246418,final,3
2,Social Studies,55.144342141918095,100,55.144342141918095,2025-12-21T04:50:14.246418,final,3
2,Hindi,58.23379154317338,100,58.23379154317338,2025-12-21T04:50:14.246418,final,3
3,Mathematics,83.9857652208862,100,83.9857652208862,2025-11-06T04:50:14.246418,midterm,1
3,Science,100.0,100,100.0,2025-11-06T04:50:14.246418,midterm,1
3,English,89.86785909580082,100,89.86785909580082,2025-11-06T04:50:14.246418,midterm,1
3,Social Studies,79.42572205362116,100,79.42572205362116,2025-11-06T04:50:14.246418,midterm,1
3,Hindi,98.22828046421205,100,98.22828046421205,2025-11-06T04:50:14.246418,midterm,1
3,Mathematics,77.79439484346995,100,77.79439484346995,2025-11-05T04:50:14.247416,midterm,2
3,Science,92.09146729322772,100,92.09146729322772,2025-11-05T04:50:14.247416,midterm,2
3,English,70.40613010438241,100,70.40613010438241,2025-11-05T04:50:14.247416,midterm,2
3,Social Studies,76.72097085419585,100,76.72097085419585,2025-11-05T04:50:14.247416,midterm,2
3,Hindi,91.9714437018714,100,91.9714437018714,2025-11-05T04:50:14.247416,midterm,2
3,Mathematics,97.38749714313427,100,97.38749714313427,2025-11-17T04:50:14.247416,final,3
3,Science,91.71651415507986,100,91.71651415507986,2025-11-17T04:50:14.247416,final,3
3,English,88.84634851929776,100,88.84634851929776,2025-11-17T04:50:14.247416,final,3
3,Social Studies,86.99179438728727,100,86.99179438728727,2025-11-17T04:50:14.247416,final,3
3,Hindi,75.21761143950589,100,75.21761143950589,2025-11-17T04:50:14.247416,final,3
4,Mathematics,68.62512101428213,100,68.62512101428213,2025-10-20T04:50:14.247416,midterm,1
4,Science,71.21717538863135,100,71.21717538863135,2025-10-20T04:50:14.247416,midterm,1
4,English,86.39478536041837,100,86.39478536041837,2025-10-20T04:50:14.247416,midterm,1
4,Social Studies,79.25974599391382,100,79.25974599391382,2025-10-20T04:50:14.247416,midterm,1
4,Hindi,58.19316154460188,100,58.19316154460188,2025-10-20T04:50:14.247416,midterm,1
4,Mathematics,79.06440279217716,100,79.06440279217716,2026-02-21T04:50:14.247416,midterm,2
4,Science,71.97274029406606,100,71.97274029406606,2026-02-21T04:50:14.247416,midterm,2
4,English,69.05434309516963,100,69.05434309516963,2026-02-21T04:50:14.247416,midterm,2
4,Social Studies,81.94032598663789,100,81.94032598663789,2026-02-21T04:50:14.247416,midterm,2
4,Hindi,86.13355832318872,100,86.13355832318872,2026-02-21T04:50:14.247416,midterm,2
4,Mathematics,85.1363642893912,100,85.1363642893912,2025-09-24T04:50:14.247416,final,3
4,Science,67.43138786600284,100,67.43138786600284,2025-09-24T04:50:14.247416,final,3
4,English,72.73143933971707,100,72.73143933971707,2025-09-24T04:50:14.247416,final,3
4,Social Studies,79.13619741226485,100,79.13619741226485,2025-09-24T04:50:14.247416,final,3
4,Hindi,85.5790143694528,100,85.5790143694528,2025-09-24T04:50:14.247416,final,3
5,Mathematics,39.5293200821227,100,39.5293200821227,2025-12-29T04:50:14.247416,midterm,1
5,Science,42.46447269393743,100,42.46447269393743,2025-12-29T04:50:14.247416,midterm,1
5,English,33.25771272051532,100,33.25771272051532,2025-12-29T04:50:14.247416,midterm,1
5,Social Studies,32.3589962197689,100,32.3589962197689,2025-12-29T04:50:14.247416,midterm,1
5,Hindi,52.44632068451759,100,52.44632068451759,2025-12-29T04:50:14.247416,midterm,1
5,Mathematics,57.88346274628383,100,57.88346274628383,2026-02-09T04:50:14.247416,midterm,2
5,Science,43.600961244772265,100,43.600961244772265,2026-02-09T04:50:14.247416,midterm,2
5,English,54.356391439495845,100,54.356391439495845,2026-02-09T04:50:14.247416,midterm,2
5,Social Studies,47.937422711051944,100,47.937422711051944,2026-02-09T04:50:14.247416,midterm,2
5,Hindi,37.86986491452436,100,37.86986491452436,2026-02-09T04:50:14.247416,midterm,2
5,Mathematics,47.93501851565974,100,47.93501851565974,2025-11-26T04:50:14.247416,final,3
5,Science,59.701428125235296,100,59.701428125235296,2025-11-26T04:50:14.247416,final,3
5,English,43.96280206947609,100,43.96280206947609,2025-11-26T04:50:14.247416,final,3
5,Social Studies,59.967499018715664,100,59.967499018715664,2025-11-26T04:50:14.247416,final,3
5,Hindi,18.12361141967816,100,18.12361141967816,2025-11-26T04:50:14.247416,final,3
6,Mathematics,56.8563360692973,100,56.8563360692973,2025-11-05T04:50:14.247416,midterm,1
6,Science,49.507781707926775,100,49.507781707926775,2025-11-05T04:50:14.247416,midterm,1
6,English,45.647237520886385,100,45.647237520886385,2025-11-05T04:50:14.247416,midterm,1
6,Social Studies,49.55491879090008,100,49.55491879090008,2025-11-05T04:50:14.247416,midterm,1
6,Hindi,28.761621879536133,100,28.761621879536133,2025-11-05T04:50:14.247416,midterm,1
6,Mathematics,46.44059214716994,100,46.44059214716994,2026-02-08T04:50:14.247416,midterm,2
6,Science,52.20843674066252,100,52.20843674066252,2026-02-08T04:50:14.247416,midterm,2
6,English,63.41625147296022,100,63.41625147296022,2026-02-08T04:50:14.247416,midterm,2
6,Social Studies,43.45460884280858,100,43.45460884280858,2026-02-08T04:50:14.247416,midterm,2
6,Hindi,40.55237499661318,100,40.55237499661318,2026-02-08T04:50:14.247416,midterm,2
6,Mathematics,43.619740589699695,100,43.619740589699695,2025-11-27T04:50:14.247416,final,3
6,Science,57.7913322025658,100,57.7913322025658,2025-11-27T04:50:14.247416,final,3
6,English,51.924822122141904,100,51.924822122141904,2025-11-27T04:50:14.247416,final,3
6,Social Studies,43.33970898787467,100,43.33970898787467,2025-11-27T04:50:14.247416,final,3
6,Hindi,53.76998535667862,100,53.76998535667862,2025-11-27T04:50:14.247416,final,3
7,Mathematics,80.87929799262011,100,80.87929799262011,2025-09-27T04:50:14.247416,midterm,1
7,Science,89.59497240446859,100,89.59497240446859,2025-09-27T04:50:14.247416,midterm,1
7,English,72.88799156036619,100,72.88799156036619,2025-09-27T04:50:14.247416,midterm,1
7,Social Studies,76.63190103316202,100,76.63190103316202,2025-09-27T04:50:14.247416,midterm,1
7,Hindi,75.98744096781813,100,75.98744096781813,2025-09-27T04:50:14.247416,midterm,1
7,Mathematics,65.27337301781853,100,65.27337301781853,2025-11-09T04:50:14.247416,midterm,2
7,Science,82.86972526978546,100,82.86972526978546,2025-11-09T04:50:14.247416,midterm,2
7,English,82.5190752209386,100,82.5190752209386,2025-11-09T04:50:14.247416,midterm,2
7,Social Studies,79.95965706556431,100,79.95965706556431,2025-11-09T04:50:14.247416,midterm,2
7,Hindi,77.56265116538823,100,77.56265116538823,2025-11-09T04:50:14.247416,midterm,2
7,Mathematics,65.75481507863556,100,65.75481507863556,2026-02-21T04:50:14.247416,final,3
7,Science,75.70206927148612,100,75.70206927148612,2026-02-21T04:50:14.247416,final,3
7,English,76.48137733387202,100,76.48137733387202,2026-02-21T04:50:14.247416,final,3
7,Social Studies,71.88574980692351,100,71.88574980692351,2026-02-21T04:50:14.247416,final,3
7,Hindi,78.29566538247961,100,78.29566538247961,2026-02-21T04:50:14.247416,final,3
8,Mathematics,73.9944345326293,100,73.9944345326293,2025-10-01T04:50:14.247416,midterm,1
8,Science,88.81578497658921,100,88.81578497658921,2025-10-01T04:50:14.247416,midterm,1
8,English,71.6997040928023,100,71.6997040928023,2025-10-01T04:50:14.247416,midterm,1
8,Social Studies,72.52942987171156,100,72.52942987171156,2025-10-01T04:50:14.247416,midterm,1
8,Hindi,69.20946680682225,100,69.20946680682225,2025-10-01T04:50:14.247416,midterm,1
8,Mathematics,50.7662138114935,100,50.7662138114935,2026-01-29T04:50:14.247416,midterm,2
8,Science,69.68878720999174,100,69.68878720999174,2026-01-29T04:50:14.247416,midterm,2
8,English,70.55622806389418,100,70.55622806389418,2026-01-29T04:50:14.247416,midterm,2
8,Social Studies,94.58634708933678,100,94.58634708933678,2026-01-29T04:50:14.247416,midterm,2
8,Hindi,68.0303163166727,100,68.0303163166727,2026-01-29T04:50:14.247416,midterm,2
8,Mathematics,72.96939938782003,100,72.96939938782003,2025-10-26T04:50:14.247416,final,3
8,Science,69.60680826743148,100,69.60680826743148,2025-10-26T04:50:14.247416,final,3
8,English,58.26714558828859,100,58.26714558828859,2025-10-26T04:50:14.247416,final,3
8,Social Studies,81.38215410963412,100,81.38215410963412,2025-10-26T04:50:14.247416,final,3
8,Hindi,77.47325629135166,100,77.47325629135166,2025-10-26T04:50:14.247416,final,3
9,Mathematics,81.29972387635964,100,81.29972387635964,2026-01-06T04:50:14.247416,midterm,1
9,Science,64.29552985798178,100,64.29552985798178,2026-01-06T04:50:14.247416,midterm,1
9,English,87.41734751529016,100,87.41734751529016,2026-01-06T04:50:14.247416,midterm,1
9,Social Studies,59.37089377800636,100,59.37089377800636,2026-01-06T04:50:14.247416,midterm,1
9,Hindi,79.25797534393188,100,79.25797534393188,2026-01-06T04:50:14.247416,midterm,1
9,Mathematics,95.29396066402896,100,95.29396066402896,2025-12-26T04:50:14.247416,midterm,2
9,Science,63.48404115462229,100,63.48404115462229,2025-12-26T04:50:14.247416,midterm,2
9,English,67.72642710990145,100,67.72642710990145,2025-12-26T04:50:14.247416,midterm,2
9,Social Studies,74.38591805680558,100,74.38591805680558,2025-12-26T04:50:14.247416,midterm,2
9,Hindi,68.35464786476717,100,68.35464786476717,2025-12-26T04:50:14.247416,midterm,2
9,Mathematics,57.882770095267844,100,57.882770095267844,2026-01-19T04:50:14.247416,final,3
9,Science,74.07503415398945,100,74.07503415398945,2026-01-19T04:50:14.247416,final,3
9,English,62.76636726866812,100,62.76636726866812,2026-01-19T04:50:14.247416,final,3
9,Social Studies,78.12532871228099,100,78.12532871228099,2026-01-19T04:50:14.247416,final,3
9,Hindi,64.19516206359114,100,64.19516206359114,2026-01-19T04:50:14.247416,final,3
10,Mathematics,81.02549983266697,100,81.02549983266697,2025-11-16T04:50:14.247416,midterm,1
10,Science,57.6936228591292,100,57.6936228591292,2025-11-16T04:50:14.247416,midterm,1
10,English,62.30554062043481,100,62.30554062043481,2025-11-16T04:50:14.247416,midterm,1
10,Social Studies,73.66132795618827,100,73.66132795618827,2025-11-16T04:50:14.247416,midterm,1
10,Hindi,53.21751261815202,100,53.21751261815202,2025-11-16T04:50:14.247416,midterm,1
10,Mathematics,67.80075512853287,100,67.80075512853287,2025-10-24T04:50:14.247416,midterm,2
10,Science,78.59758332531585,100,78.59758332531585,2025-10-24T04:50:14.247416,midterm,2
10,English,49.45132343687929,100,49.45132343687929,2025-10-24T04:50:14.247416,midterm,2
10,Social Studies,67.37249436781461,100,67.37249436781461,2025-10-24T04:50:14.247416,midterm,2
10,Hindi,68.1249837249758,100,68.1249837249758,2025-10-24T04:50:14.247416,midterm,2
10,Mathematics,73.34438450026468,100,73.34438450026468,2025-12-08T04:50:14.247416,final,3
10,Science,53.15664867371075,100,53.15664867371075,2025-12-08T04:50:14.247416,final,3
10,English,52.32158965164881,100,52.32158965164881,2025-12-08T04:50:14.247416,final,3
10,Social Studies,70.74557143866055,100,70.74557143866055,2025-12-08T04:50:14.247416,final,3
10,Hindi,68.49600251482343,100,68.49600251482343,2025-12-08T04:50:14.247416,final,3
11,Mathematics,76.12102994120714,100,76.12102994120714,2025-10-06T04:50:14.247416,midterm,1
11,Science,77.08058353271812,100,77.08058353271812,2025-10-06T04:50:14.247416,midterm,1
11,English,66.81585422196346,100,66.81585422196346,2025-10-06T04:50:14.247416,midterm,1
11,Social Studies,75.9386384093584,100,75.9386384093584,2025-10-06T04:50:14.247416,midterm,1
11,Hindi,76.54682617073519,100,76.54682617073519,2025-10-06T04:50:14.247416,midterm,1
11,Mathematics,66.47258725748469,100,66.47258725748469,2025-12-05T04:50:14.247416,midterm,2
11,Science,92.27384654919594,100,92.27384654919594,2025-12-05T04:50:14.247416,midterm,2
11,English,78.35443064686625,100,78.35443064686625,2025-12-05T04:50:14.247416,midterm,2
11,Social Studies,61.70306646572188,100,61.70306646572188,2025-12-05T04:50:14.247416,midterm,2
11,Hindi,80.18163752408667,100,80.18163752408667,2025-12-05T04:50:14.247416,midterm,2
11,Mathematics,63.869284735475155,100,63.869284735475155,2025-10-31T04:50:14.247416,final,3
11,Science,81.48694747517288,100,81.48694747517288,2025-10-31T04:50:14.247416,final,3
11,English,85.20205722782241,100,85.20205722782241,2025-10-31T04:50:14.247416,final,3
11,Social Studies,65.40927825423127,100,65.40927825423127,2025-10-31T04:50:14.247416,final,3
11,Hindi,83.24986273019158,100,83.24986273019158,2025-10-31T04:50:14.247416,final,3
12,Mathematics,49.22729951427699,100,49.22729951427699,2025-11-11T04:50:14.247416,midterm,1
12,Science,53.32009184485691,100,53.32009184485691,2025-11-11T04:50:14.247416,midterm,1
12,English,64.0674200714515,100,64.0674200714515,2025-11-11T04:50:14.247416,midterm,1
12,Social Studies,42.645609084883304,100,42.645609084883304,2025-11-11T04:50:14.247416,midterm,1
12,Hindi,37.562128601337115,100,37.562128601337115,2025-11-11T04:50:14.247416,midterm,1
12,Mathematics,36.20434594865678,100,36.20434594865678,2025-12-31T04:50:14.247416,midterm,2
12,Science,36.94138739525763,100,36.94138739525763,2025-12-31T04:50:14.247416,midterm,2
12,English,44.32847315077097,100,44.32847315077097,2025-12-31T04:50:14.247416,midterm,2
12,Social Studies,48.51100999307845,100,48.51100999307845,2025-12-31T04:50:14.247416,midterm,2
12,Hindi,47.8663982382122,100,47.8663982382122,2025-12-31T04:50:14.247416,midterm,2
12,Mathematics,53.37132273527225,100,53.37132273527225,2025-10-23T04:50:14.247416,final,3
12,Science,45.229509163691084,100,45.229509163691084,2025-10-23T04:50:14.247416,final,3
12,English,59.63483101648518,100,59.63483101648518,2025-10-23T04:50:14.247416,final,3
12,Social Studies,42.45292191253245,100,42.45292191253245,2025-10-23T04:50:14.247416,final,3
12,Hindi,72.3011819108082,100,72.3011819108082,2025-10-23T04:50:14.247416,final,3
13,Mathematics,46.68865148869214,100,46.68865148869214,2025-12-05T04:50:14.247416,midterm,1
13,Science,31.86040244687925,100,31.86040244687925,2025-12-05T04:50:14.247416,midterm,1
13,English,29.723053030430954,100,29.723053030430954,2025-12-05T04:50:14.247416,midterm,1
13,Social Studies,45.25670216347393,100,45.25670216347393,2025-12-05T04:50:14.247416,midterm,1
13,Hindi,38.19735015778357,100,38.19735015778357,2025-12-05T04:50:14.247416,midterm,1
13,Mathematics,47.571982951962994,100,47.571982951962994,2025-10-21T04:50:14.247416,midterm,2
13,Science,45.16435425677753,100,45.16435425677753,2025-10-21T04:50:14.247416,midterm,2
13,English,39.70368888447335,100,39.70368888447335,2025-10-21T04:50:14.247416,midterm,2
13,Social Studies,31.964040830358027,100,31.964040830358027,2025-10-21T04:50:14.247416,midterm,2
13,Hindi,25.28350576418343,100,25.28350576418343,2025-10-21T04:50:14.247416,midterm,2
13,Mathematics,35.96682849037187,100,35.96682849037187,2026-02-09T04:50:14.247416,final,3
13,Science,48.9959659542768,100,48.9959659542768,2026-02-09T04:50:14.247416,final,3
13,English,42.57291545234412,100,42.57291545234412,2026-02-09T04:50:14.247416,final,3
13,Social Studies,27.974590223922196,100,27.974590223922196,2026-02-09T04:50:14.247416,final,3
13,Hindi,42.16378726955389,100,42.16378726955389,2026-02-09T04:50:14.247416,final,3
14,Mathematics,90.74589910486165,100,90.74589910486165,2026-02-25T04:50:14.247416,midterm,1
14,Science,78.05415094556196,100,78.05415094556196,2026-02-25T04:50:14.247416,midterm,1
14,English,88.42997636702856,100,88.42997636702856,2026-02-25T04:50:14.247416,midterm,1
14,Social Studies,87.47481249203328,100,87.47481249203328,2026-02-25T04:50:14.247416,midterm,1
14,Hindi,75.46302232926706,100,75.46302232926706,2026-02-25T04:50:14.247416,midterm,1
14,Mathematics,90.47059891105611,100,90.47059891105611,2026-02-21T04:50:14.247416,midterm,2
14,Science,92.50057057125564,100,92.50057057125564,2026-02-21T04:50:14.247416,midterm,2
14,English,97.72323773932605,100,97.72323773932605,2026-02-21T04:50:14.247416,midterm,2
14,Social Studies,97.43074582792232,100,97.43074582792232,2026-02-21T04:50:14.247416,midterm,2
14,Hindi,73.11603162800237,100,73.11603162800237,2026-02-21T04:50:14.247416,midterm,2
14,Mathematics,77.51447490842206,100,77.51447490842206,2025-12-26T04:50:14.247416,final,3
14,Science,92.04307797965988,100,92.04307797965988,2025-12-26T04:50:14.247416,final,3
14,English,92.03058481669538,100,92.03058481669538,2025-12-26T04:50:14.247416,final,3
14,Social Studies,92.04320217063376,100,92.04320217063376,2025-12-26T04:50:14.247416,final,3
14,Hindi,100.0,100,100.0,2025-12-26T04:50:14.247416,final,3
15,Mathematics,76.08415576193985,100,76.08415576193985,2026-02-06T04:50:14.247416,midterm,1
15,Science,81.73090705681417,100,81.73090705681417,2026-02-06T04:50:14.247416,midterm,1
15,English,79.91526828994022,100,79.91526828994022,2026-02-06T04:50:14.247416,midterm,1
15,Social Studies,76.88916316806616,100,76.88916316806616,2026-02-06T04:50:14.247416,midterm,1
15,Hindi,67.22255820860474,100,67.22255820860474,2026-02-06T04:50:14.247416,midterm,1
15,Mathematics,77.96494285994086,100,77.96494285994086,2026-03-10T04:50:14.247416,midterm,2
15,Science,62.64699850963247,100,62.64699850963247,2026-03-10T04:50:14.247416,midterm,2
15,English,68.0070645876081,100,68.0070645876081,2026-03-10T04:50:14.247416,midterm,2
15,Social Studies,65.52161517671715,100,65.52161517671715,2026-03-10T04:50:14.247416,midterm,2
15,Hindi,71.19399204887141,100,71.19399204887141,2026-03-10T04:50:14.247416,midterm,2
15,Mathematics,93.52183632174328,100,93.52183632174328,2026-02-02T04:50:14.248411,final,3
15,Science,51.70259872909071,100,51.70259872909071,2026-02-02T04:50:14.248411,final,3
15,English,77.23785255875332,100,77.23785255875332,2026-02-02T04:50:14.248411,final,3
15,Social Studies,54.248091943111675,100,54.248091943111675,2026-02-02T04:50:14.248411,final,3
15,Hindi,65.65593199711385,100,65.65593199711385,2026-02-02T04:50:14.248411,final,3
16,Mathematics,52.69055372078449,100,52.69055372078449,2025-10-02T04:50:14.248411,midterm,1
16,Science,42.44384794206546,100,42.44384794206546,2025-10-02T04:50:14.248411,midterm,1
16,English,31.023599971817767,100,31.023599971817767,2025-10-02T04:50:14.248411,midterm,1
16,Social Studies,34.64801065851115,100,34.64801065851115,2025-10-02T04:50:14.248411,midterm,1
16,Hindi,48.59702524045759,100,48.59702524045759,2025-10-02T04:50:14.248411,midterm,1
16,Mathematics,34.497381433939466,100,34.497381433939466,2026-03-11T04:50:14.248411,midterm,2
16,Science,43.96563364693058,100,43.96563364693058,2026-03-11T04:50:14.248411,midterm,2
16,English,42.25676615014897,100,42.25676615014897,2026-03-11T04:50:14.248411,midterm,2
16,Social Studies,35.285044275052655,100,35.285044275052655,2026-03-11T04:50:14.248411,midterm,2
16,Hindi,63.240488644364085,100,63.240488644364085,2026-03-11T04:50:14.248411,midterm,2
16,Mathematics,48.14023797429094,100,48.14023797429094,2025-11-18T04:50:14.248411,final,3
16,Science,21.54962188453476,100,21.54962188453476,2025-11-18T04:50:14.248411,final,3
16,English,43.66559089880511,100,43.66559089880511,2025-11-18T04:50:14.248411,final,3
16,Social Studies,35.18318310342695,100,35.18318310342695,2025-11-18T04:50:14.248411,final,3
16,Hindi,50.32538109907307,100,50.32538109907307,2025-11-18T04:50:14.248411,final,3
17,Mathematics,56.4093364085508,100,56.4093364085508,2025-10-10T04:50:14.248411,midterm,1
17,Science,63.18717937820882,100,63.18717937820882,2025-10-10T04:50:14.248411,midterm,1
17,English,69.38441658268238,100,69.38441658268238,2025-10-10T04:50:14.248411,midterm,1
17,Social Studies,72.99209573457902,100,72.99209573457902,2025-10-10T04:50:14.248411,midterm,1
17,Hindi,52.33157972232004,100,52.33157972232004,2025-10-10T04:50:14.248411,midterm,1
17,Mathematics,60.989531434468326,100,60.989531434468326,2025-12-17T04:50:14.248411,midterm,2
17,Science,59.58509068126825,100,59.58509068126825,2025-12-17T04:50:14.248411,midterm,2
17,English,57.80125146714069,100,57.80125146714069,2025-12-17T04:50:14.248411,midterm,2
17,Social Studies,81.98908619568877,100,81.98908619568877,2025-12-17T04:50:14.248411,midterm,2
17,Hindi,68.38436090248736,100,68.38436090248736,2025-12-17T04:50:14.248411,midterm,2
17,Mathematics,51.725704249527354,100,51.725704249527354,2025-11-27T04:50:14.248411,final,3
17,Science,73.51316326342557,100,73.51316326342557,2025-11-27T04:50:14.248411,final,3
17,English,85.55610576300414,100,85.55610576300414,2025-11-27T04:50:14.248411,final,3
17,Social Studies,74.65919639838928,100,74.65919639838928,2025-11-27T04:50:14.248411,final,3
17,Hindi,49.14084413333768,100,49.14084413333768,2025-11-27T04:50:14.248411,final,3
18,Mathematics,48.35710701331018,100,48.35710701331018,2025-10-26T04:50:14.248411,midterm,1
18,Science,65.86855923383892,100,65.86855923383892,2025-10-26T04:50:14.248411,midterm,1
18,English,46.12275308578488,100,46.12275308578488,2025-10-26T04:50:14.248411,midterm,1
18,Social Studies,57.63764202343498,100,57.63764202343498,2025-10-26T04:50:14.248411,midterm,1
18,Hindi,60.94578827626606,100,60.94578827626606,2025-10-26T04:50:14.248411,midterm,1
18,Mathematics,43.93014302619186,100,43.93014302619186,2025-12-06T04:50:14.248411,midterm,2
18,Science,52.60419418135469,100,52.60419418135469,2025-12-06T04:50:14.248411,midterm,2
18,English,20.786774341281962,100,20.786774341281962,2025-12-06T04:50:14.248411,midterm,2
18,Social Studies,42.955571328629794,100,42.955571328629794,2025-12-06T04:50:14.248411,midterm,2
18,Hindi,50.67376622804109,100,50.67376622804109,2025-12-06T04:50:14.248411,midterm,2
18,Mathematics,40.7216159223242,100,40.7216159223242,2026-02-20T04:50:14.248411,final,3
18,Science,69.52356078128904,100,69.52356078128904,2026-02-20T04:50:14.248411,final,3
18,English,38.89803396236636,100,38.89803396236636,2026-02-20T04:50:14.248411,final,3
18,Social Studies,48.799002875002856,100,48.799002875002856,2026-02-20T04:50:14.248411,final,3
18,Hindi,54.5068535148336,100,54.5068535148336,2026-02-20T04:50:14.248411,final,3
19,Mathematics,71.47439001123989,100,71.47439001123989,2026-01-20T04:50:14.248411,midterm,1
19,Science,42.70303560878433,100,42.70303560878433,2026-01-20T04:50:14.248411,midterm,1
19,English,68.69329464212832,100,68.69329464212832,2026-01-20T04:50:14.248411,midterm,1
19,Social Studies,57.1639877307746,100,57.1639877307746,2026-01-20T04:50:14.248411,midterm,1
19,Hindi,47.24657061009922,100,47.24657061009922,2026-01-20T04:50:14.248411,midterm,1
19,Mathematics,61.68269186321144,100,61.68269186321144,2026-01-06T04:50:14.248411,midterm,2
19,Science,59.05225407631343,100,59.05225407631343,2026-01-06T04:50:14.248411,midterm,2
19,English,51.05948834899078,100,51.05948834899078,2026-01-06T04:50:14.248411,midterm,2
19,Social Studies,57.75967797047892,100,57.75967797047892,2026-01-06T04:50:14.248411,midterm,2
19,Hindi,53.20852115196113,100,53.20852115196113,2026-01-06T04:50:14.248411,midterm,2
19,Mathematics,58.19683057309121,100,58.19683057309121,2025-09-23T04:50:14.248411,final,3
19,Science,63.6829638657892,100,63.6829638657892,2025-09-23T04:50:14.248411,final,3
19,English,72.92182528203224,100,72.92182528203224,2025-09-23T04:50:14.248411,final,3
19,Social Studies,44.68350213231024,100,44.68350213231024,2025-09-23T04:50:14.248411,final,3
19,Hindi,78.3919908671414,100,78.3919908671414,2025-09-23T04:50:14.248411,final,3
20,Mathematics,20.46358902282417,100,20.46358902282417,2025-12-18T04:50:14.248411,midterm,1
20,Science,38.46661606769335,100,38.46661606769335,2025-12-18T04:50:14.248411,midterm,1
20,English,45.867639082894954,100,45.867639082894954,2025-12-18T04:50:14.248411,midterm,1
20,Social Studies,42.79438569539951,100,42.79438569539951,2025-12-18T04:50:14.248411,midterm,1
20,Hindi,33.757471819843246,100,33.757471819843246,2025-12-18T04:50:14.248411,midterm,1
20,Mathematics,37.903244514476434,100,37.903244514476434,2026-01-04T04:50:14.248411,midterm,2
20,Science,35.05445767146086,100,35.05445767146086,2026-01-04T04:50:14.248411,midterm,2
20,English,34.09081944860707,100,34.09081944860707,2026-01-04T04:50:14.248411,midterm,2
20,Social Studies,48.48048798825943,100,48.48048798825943,2026-01-04T04:50:14.248411,midterm,2
20,Hindi,43.55462187769966,100,43.55462187769966,2026-01-04T04:50:14.248411,midterm,2
20,Mathematics,33.05537106544264,100,33.05537106544264,2026-01-21T04:50:14.248411,final,3
20,Science,48.98046577238169,100,48.98046577238169,2026-01-21T04:50:14.248411,final,3
20,English,43.05746222681528,100,43.05746222681528,2026-01-21T04:50:14.248411,final,3
20,Social Studies,48.11308820643879,100,48.11308820643879,2026-01-21T04:50:14.248411,final,3
20,Hindi,46.28075543728531,100,46.28075543728531,2026-01-21T04:50:14.248411,final,3
21,Mathematics,59.5737766495417,100,59.5737766495417,2025-12-29T04:50:14.248411,midterm,1
21,Science,62.26191635679273,100,62.26191635679273,2025-12-29T04:50:14.248411,midterm,1
21,English,75.33666280999505,100,75.33666280999505,2025-12-29T04:50:14.248411,midterm,1
21,Social Studies,73.96742941309708,100,73.96742941309708,2025-12-29T04:50:14.248411,midterm,1
21,Hindi,67.65471081912095,100,67.65471081912095,2025-12-29T04:50:14.248411,midterm,1
21,Mathematics,69.03700059185024,100,69.03700059185024,2026-02-21T04:50:14.248411,midterm,2
21,Science,80.64037571664667,100,80.64037571664667,2026-02-21T04:50:14.248411,midterm,2
21,English,61.94801287040413,100,61.94801287040413,2026-02-21T04:50:14.248411,midterm,2
21,Social Studies,73.3347005704628,100,73.3347005704628,2026-02-21T04:50:14.248411,midterm,2
21,Hindi,65.84180023442349,100,65.84180023442349,2026-02-21T04:50:14.248411,midterm,2
21,Mathematics,65.68691472649022,100,65.68691472649022,2025-11-07T04:50:14.248411,final,3
21,Science,78.85149527863433,100,78.85149527863433,2025-11-07T04:50:14.248411,final,3
21,English,76.11789024864272,100,76.11789024864272,2025-11-07T04:50:14.248411,final,3
21,Social Studies,75.99882311876881,100,75.99882311876881,2025-11-07T04:50:14.248411,final,3
21,Hindi,80.91851483030571,100,80.91851483030571,2025-11-07T04:50:14.248411,final,3
22,Mathematics,79.24424219482125,100,79.24424219482125,2025-12-15T04:50:14.248411,midterm,1
22,Science,85.85373349144331,100,85.85373349144331,2025-12-15T04:50:14.248411,midterm,1
22,English,75.9315362125591,100,75.9315362125591,2025-12-15T04:50:14.248411,midterm,1
22,Social Studies,82.27586730337808,100,82.27586730337808,2025-12-15T04:50:14.248411,midterm,1
22,Hindi,77.73277323481682,100,77.73277323481682,2025-12-15T04:50:14.248411,midterm,1
22,Mathematics,80.00416342842084,100,80.00416342842084,2026-01-24T04:50:14.248411,midterm,2
22,Science,84.98577403286279,100,84.98577403286279,2026-01-24T04:50:14.248411,midterm,2
22,English,70.85199694615893,100,70.85199694615893,2026-01-24T04:50:14.248411,midterm,2
22,Social Studies,99.95807653534827,100,99.95807653534827,2026-01-24T04:50:14.248411,midterm,2
22,Hindi,68.97402996349665,100,68.97402996349665,2026-01-24T04:50:14.248411,midterm,2
22,Mathematics,66.89231765061635,100,66.89231765061635,2025-10-27T04:50:14.248411,final,3
22,Science,90.61531251349435,100,90.61531251349435,2025-10-27T04:50:14.248411,final,3
22,English,86.95083071812302,100,86.95083071812302,2025-10-27T04:50:14.248411,final,3
22,Social Studies,85.27540194901522,100,85.27540194901522,2025-10-27T04:50:14.248411,final,3
22,Hindi,85.31765887113646,100,85.31765887113646,2025-10-27T04:50:14.248411,final,3
23,Mathematics,62.054042207221926,100,62.054042207221926,2026-03-07T04:50:14.248411,midterm,1
23,Science,53.203966220832754,100,53.203966220832754,2026-03-07T04:50:14.248411,midterm,1
23,English,62.93455551762833,100,62.93455551762833,2026-03-07T04:50:14.248411,midterm,1
23,Social Studies,55.404892820569955,100,55.404892820569955,2026-03-07T04:50:14.248411,midterm,1
23,Hindi,71.92770726986859,100,71.92770726986859,2026-03-07T04:50:14.248411,midterm,1
23,Mathematics,60.70593612066968,100,60.70593612066968,2026-02-19T04:50:14.248411,midterm,2
23,Science,53.92153796776596,100,53.92153796776596,2026-02-19T04:50:14.248411,midterm,2
23,English,58.96265151916114,100,58.96265151916114,2026-02-19T04:50:14.248411,midterm,2
23,Social Studies,66.30582447844732,100,66.30582447844732,2026-02-19T04:50:14.248411,midterm,2
23,Hindi,56.53926440765132,100,56.53926440765132,2026-02-19T04:50:14.248411,midterm,2
23,Mathematics,53.95430598002676,100,53.95430598002676,2026-01-01T04:50:14.248411,final,3
23,Science,64.6133820506102,100,64.6133820506102,2026-01-01T04:50:14.248411,final,3
23,English,64.62617564677831,100,64.62617564677831,2026-01-01T04:50:14.248411,final,3
23,Social Studies,57.10707818197977,100,57.10707818197977,2026-01-01T04:50:14.248411,final,3
23,Hindi,57.46612687950785,100,57.46612687950785,2026-01-01T04:50:14.248411,final,3
24,Mathematics,79.1852749042731,100,79.1852749042731,2025-10-21T04:50:14.248411,midterm,1
24,Science,62.38393211572349,100,62.38393211572349,2025-10-21T04:50:14.248411,midterm,1
24,English,62.79013778693118,100,62.79013778693118,2025-10-21T04:50:14.248411,midterm,1
24,Social Studies,69.68033331817237,100,69.68033331817237,2025-10-21T04:50:14.248411,midterm,1
24,Hindi,74.73030401357826,100,74.73030401357826,2025-10-21T04:50:14.248411,midterm,1
24,Mathematics,79.97385118667678,100,79.97385118667678,2026-01-29T04:50:14.248411,midterm,2
24,Science,91.61833770019226,100,91.61833770019226,2026-01-29T04:50:14.248411,midterm,2
24,English,85.44137176271693,100,85.44137176271693,2026-01-29T04:50:14.248411,midterm,2
24,Social Studies,75.26539023106247,100,75.26539023106247,2026-01-29T04:50:14.248411,midterm,2
24,Hindi,76.67461345166984,100,76.67461345166984,2026-01-29T04:50:14.248411,midterm,2
24,Mathematics,66.83948188431864,100,66.83948188431864,2026-02-22T04:50:14.248411,final,3
24,Science,76.67964417077283,100,76.67964417077283,2026-02-22T04:50:14.248411,final,3
24,English,73.97818914149535,100,73.97818914149535,2026-02-22T04:50:14.248411,final,3
24,Social Studies,80.09196113407762,100,80.09196113407762,2026-02-22T04:50:14.248411,final,3
24,Hindi,68.5924660951735,100,68.5924660951735,2026-02-22T04:50:14.248411,final,3
25,Mathematics,44.48846087032331,100,44.48846087032331,2025-09-29T04:50:14.248411,midterm,1
25,Science,54.62238485793736,100,54.62238485793736,2025-09-29T04:50:14.248411,midterm,1
25,English,38.20739424334301,100,38.20739424334301,2025-09-29T04:50:14.248411,midterm,1
25,Social Studies,43.312112948900996,100,43.312112948900996,2025-09-29T04:50:14.248411,midterm,1
25,Hindi,46.19643564502271,100,46.19643564502271,2025-09-29T04:50:14.248411,midterm,1
25,Mathematics,35.28279100905322,100,35.28279100905322,2025-09-25T04:50:14.248411,midterm,2
25,Science,41.53592054601575,100,41.53592054601575,2025-09-25T04:50:14.248411,midterm,2
25,English,39.420919735729534,100,39.420919735729534,2025-09-25T04:50:14.248411,midterm,2
25,Social Studies,40.2717567133999,100,40.2717567133999,2025-09-25T04:50:14.248411,midterm,2
25,Hindi,31.56489788935692,100,31.56489788935692,2025-09-25T04:50:14.248411,midterm,2
25,Mathematics,39.54009747050101,100,39.54009747050101,2026-01-18T04:50:14.248411,final,3
25,Science,44.27497864036608,100,44.27497864036608,2026-01-18T04:50:14.248411,final,3
25,English,53.806431805862005,100,53.806431805862005,2026-01-18T04:50:14.248411,final,3
25,Social Studies,48.887703988763654,100,48.887703988763654,2026-01-18T04:50:14.248411,final,3
25,Hindi,60.82682030302715,100,60.82682030302715,2026-01-18T04:50:14.248411,final,3
26,Mathematics,65.41619482367973,100,65.41619482367973,2026-02-01T04:50:14.248411,midterm,1
26,Science,81.81287681976701,100,81.81287681976701,2026-02-01T04:50:14.248411,midterm,1
26,English,74.92309050994375,100,74.92309050994375,2026-02-01T04:50:14.248411,midterm,1
26,Social Studies,94.98769978473695,100,94.98769978473695,2026-02-01T04:50:14.248411,midterm,1
26,Hindi,65.00668759900871,100,65.00668759900871,2026-02-01T04:50:14.248411,midterm,1
26,Mathematics,64.69245203075246,100,64.69245203075246,2026-03-07T04:50:14.248411,midterm,2
26,Science,67.09574399812,100,67.09574399812,2026-03-07T04:50:14.248411,midterm,2
26,English,51.85071320946216,100,51.85071320946216,2026-03-07T04:50:14.248411,midterm,2
26,Social Studies,67.83212023575261,100,67.83212023575261,2026-03-07T04:50:14.248411,midterm,2
26,Hindi,65.49834383702324,100,65.49834383702324,2026-03-07T04:50:14.248411,midterm,2
26,Mathematics,74.5936083173223,100,74.5936083173223,2025-10-12T04:50:14.248411,final,3
26,Science,76.50723021033183,100,76.50723021033183,2025-10-12T04:50:14.248411,final,3
26,English,91.8513788447191,100,91.8513788447191,2025-10-12T04:50:14.248411,final,3
26,Social Studies,82.59390883442073,100,82.59390883442073,2025-10-12T04:50:14.248411,final,3
26,Hindi,67.3206338959362,100,67.3206338959362,2025-10-12T04:50:14.248411,final,3
27,Mathematics,82.17202094299033,100,82.17202094299033,2026-02-22T04:50:14.248411,midterm,1
27,Science,96.07535937153897,100,96.07535937153897,2026-02-22T04:50:14.248411,midterm,1
27,English,77.95383558626749,100,77.95383558626749,2026-02-22T04:50:14.248411,midterm,1
27,Social Studies,100.0,100,100.0,2026-02-22T04:50:14.248411,midterm,1
27,Hindi,100.0,100,100.0,2026-02-22T04:50:14.248411,midterm,1
27,Mathematics,86.46441113542686,100,86.46441113542686,2025-09-24T04:50:14.248411,midterm,2
27,Science,74.02482236556514,100,74.02482236556514,2025-09-24T04:50:14.248411,midterm,2
27,English,100.0,100,100.0,2025-09-24T04:50:14.248411,midterm,2
27,Social Studies,90.01076920394773,100,90.01076920394773,2025-09-24T04:50:14.248411,midterm,2
27,Hindi,100.0,100,100.0,2025-09-24T04:50:14.248411,midterm,2
27,Mathematics,75.21189106853024,100,75.21189106853024,2025-11-12T04:50:14.248411,final,3
27,Science,85.16241742693619,100,85.16241742693619,2025-11-12T04:50:14.248411,final,3
27,English,91.20860465365574,100,91.20860465365574,2025-11-12T04:50:14.248411,final,3
27,Social Studies,91.62597359412133,100,91.62597359412133,2025-11-12T04:50:14.248411,final,3
27,Hindi,86.65551294168148,100,86.65551294168148,2025-11-12T04:50:14.248411,final,3
28,Mathematics,50.3081204975673,100,50.3081204975673,2025-10-22T04:50:14.249413,midterm,1
28,Science,33.40341688026638,100,33.40341688026638,2025-10-22T04:50:14.249413,midterm,1
28,English,42.65582632387938,100,42.65582632387938,2025-10-22T04:50:14.249413,midterm,1
28,Social Studies,45.282577491211306,100,45.282577491211306,2025-10-22T04:50:14.249413,midterm,1
28,Hindi,49.22400951467981,100,49.22400951467981,2025-10-22T04:50:14.249413,midterm,1
28,Mathematics,51.195769954981216,100,51.195769954981216,2026-03-05T04:50:14.249413,midterm,2
28,Science,32.83320025571362,100,32.83320025571362,2026-03-05T04:50:14.249413,midterm,2
28,English,28.738479466736095,100,28.738479466736095,2026-03-05T04:50:14.249413,midterm,2
28,Social Studies,56.85638939307741,100,56.85638939307741,2026-03-05T04:50:14.249413,midterm,2
28,Hindi,47.40276129388823,100,47.40276129388823,2026-03-05T04:50:14.249413,midterm,2
28,Mathematics,36.594755808526784,100,36.594755808526784,2026-02-05T04:50:14.249413,final,3
28,Science,59.59114092931755,100,59.59114092931755,2026-02-05T04:50:14.249413,final,3
28,English,45.2363675170209,100,45.2363675170209,2026-02-05T04:50:14.249413,final,3
28,Social Studies,55.87259301473058,100,55.87259301473058,2026-02-05T04:50:14.249413,final,3
28,Hindi,44.754805988193404,100,44.754805988193404,2026-02-05T04:50:14.249413,final,3
29,Mathematics,93.56810270164526,100,93.56810270164526,2026-02-03T04:50:14.249413,midterm,1
29,Science,90.51403187725742,100,90.51403187725742,2026-02-03T04:50:14.249413,midterm,1
29,English,70.47098196803465,100,70.47098196803465,2026-02-03T04:50:14.249413,midterm,1
29,Social Studies,82.67633296236895,100,82.67633296236895,2026-02-03T04:50:14.249413,midterm,1
29,Hindi,79.41438294867686,100,79.41438294867686,2026-02-03T04:50:14.249413,midterm,1
29,Mathematics,86.64693902814888,100,86.64693902814888,2025-11-04T04:50:14.249413,midterm,2
29,Science,63.31138884702435,100,63.31138884702435,2025-11-04T04:50:14.249413,midterm,2
29,English,79.82113805280979,100,79.82113805280979,2025-11-04T04:50:14.249413,midterm,2
29,Social Studies,83.54486832132126,100,83.54486832132126,2025-11-04T04:50:14.249413,midterm,2
29,Hindi,55.373228588594245,100,55.373228588594245,2025-11-04T04:50:14.249413,midterm,2
29,Mathematics,61.12803832616764,100,61.12803832616764,2025-11-01T04:50:14.249413,final,3
29,Science,52.56830167522438,100,52.56830167522438,2025-11-01T04:50:14.249413,final,3
29,English,70.2665551083798,100,70.2665551083798,2025-11-01T04:50:14.249413,final,3
29,Social Studies,80.13604601078501,100,80.13604601078501,2025-11-01T04:50:14.249413,final,3
29,Hindi,87.98419397378566,100,87.98419397378566,2025-11-01T04:50:14.249413,final,3
30,Mathematics,56.67710142263832,100,56.67710142263832,2026-02-07T04:50:14.249413,midterm,1
30,Science,72.22230907415349,100,72.22230907415349,2026-02-07T04:50:14.249413,midterm,1
30,English,42.135139036291655,100,42.135139036291655,2026-02-07T04:50:14.249413,midterm,1
30,Social Studies,38.90232922488902,100,38.90232922488902,2026-02-07T04:50:14.249413,midterm,1
30,Hindi,55.38067662947438,100,55.38067662947438,2026-02-07T04:50:14.249413,midterm,1
30,Mathematics,59.776808107833645,100,59.776808107833645,2026-02-01T04:50:14.249413,midterm,2
30,Science,55.60920613749964,100,55.60920613749964,2026-02-01T04:50:14.249413,midterm,2
30,English,35.261732618041805,100,35.261732618041805,2026-02-01T04:50:14.249413,midterm,2
30,Social Studies,55.04495322331269,100,55.04495322331269,2026-02-01T04:50:14.249413,midterm,2
30,Hindi,42.89145861339204,100,42.89145861339204,2026-02-01T04:50:14.249413,midterm,2
30,Mathematics,62.63287910674096,100,62.63287910674096,2025-10-08T04:50:14.249413,final,3
30,Science,59.60213607940905,100,59.60213607940905,2025-10-08T04:50:14.249413,final,3
30,English,46.53735575516702,100,46.53735575516702,2025-10-08T04:50:14.249413,final,3
30,Social Studies,50.797484445073636,100,50.797484445073636,2025-10-08T04:50:14.249413,final,3
30,Hindi,45.344018399551054,100,45.344018399551054,2025-10-08T04:50:14.249413,final,3
31,Mathematics,39.80521063837433,100,39.80521063837433,2025-09-22T04:50:14.249413,midterm,1
31,Science,49.98342481611843,100,49.98342481611843,2025-09-22T04:50:14.249413,midterm,1
31,English,30.574741147750608,100,30.574741147750608,2025-09-22T04:50:14.249413,midterm,1
31,Social Studies,45.47246676628449,100,45.47246676628449,2025-09-22T04:50:14.249413,midterm,1
31,Hindi,35.12942542738163,100,35.12942542738163,2025-09-22T04:50:14.249413,midterm,1
31,Mathematics,32.5032732884826,100,32.5032732884826,2026-03-02T04:50:14.249413,midterm,2
31,Science,39.36169801156047,100,39.36169801156047,2026-03-02T04:50:14.249413,midterm,2
31,English,30.079578386912303,100,30.079578386912303,2026-03-02T04:50:14.249413,midterm,2
31,Social Studies,34.89550855763422,100,34.89550855763422,2026-03-02T04:50:14.249413,midterm,2
31,Hindi,28.45322268521756,100,28.45322268521756,2026-03-02T04:50:14.249413,midterm,2
31,Mathematics,60.07925294026994,100,60.07925294026994,2026-03-01T04:50:14.249413,final,3
31,Science,40.784637130823334,100,40.784637130823334,2026-03-01T04:50:14.249413,final,3
31,English,33.43474653118019,100,33.43474653118019,2026-03-01T04:50:14.249413,final,3
31,Social Studies,42.571800718448266,100,42.571800718448266,2026-03-01T04:50:14.249413,final,3
31,Hindi,39.308721114197745,100,39.308721114197745,2026-03-01T04:50:14.249413,final,3
32,Mathematics,43.958209467810256,100,43.958209467810256,2026-02-15T04:50:14.249413,midterm,1
32,Science,52.30957246357674,100,52.30957246357674,2026-02-15T04:50:14.249413,midterm,1
32,English,53.74298256361554,100,53.74298256361554,2026-02-15T04:50:14.249413,midterm,1
32,Social Studies,40.86289398703721,100,40.86289398703721,2026-02-15T04:50:14.249413,midterm,1
32,Hindi,40.40972305669569,100,40.40972305669569,2026-02-15T04:50:14.249413,midterm,1
32,Mathematics,43.41738849162605,100,43.41738849162605,2025-10-07T04:50:14.249413,midterm,2
32,Science,23.14869381578664,100,23.14869381578664,2025-10-07T04:50:14.249413,midterm,2
32,English,31.015994841156967,100,31.015994841156967,2025-10-07T04:50:14.249413,midterm,2
32,Social Studies,59.83664813758774,100,59.83664813758774,2025-10-07T04:50:14.249413,midterm,2
32,Hindi,62.61758259815532,100,62.61758259815532,2025-10-07T04:50:14.249413,midterm,2
32,Mathematics,43.677545067578706,100,43.677545067578706,2026-02-19T04:50:14.249413,final,3
32,Science,51.93347509370015,100,51.93347509370015,2026-02-19T04:50:14.249413,final,3
32,English,49.28040700857785,100,49.28040700857785,2026-02-19T04:50:14.249413,final,3
32,Social Studies,76.95671354769487,100,76.95671354769487,2026-02-19T04:50:14.249413,final,3
32,Hindi,57.363654577488255,100,57.363654577488255,2026-02-19T04:50:14.249413,final,3
33,Mathematics,29.233445949928367,100,29.233445949928367,2026-01-30T04:50:14.249413,midterm,1
33,Science,20.957217458731776,100,20.957217458731776,2026-01-30T04:50:14.249413,midterm,1
33,English,14.44815866216031,100,14.44815866216031,2026-01-30T04:50:14.249413,midterm,1
33,Social Studies,32.547258223408264,100,32.547258223408264,2026-01-30T04:50:14.249413,midterm,1
33,Hindi,22.949114411893,100,22.949114411893,2026-01-30T04:50:14.249413,midterm,1
33,Mathematics,16.290084768759293,100,16.290084768759293,2025-11-23T04:50:14.249413,midterm,2
33,Science,24.04689302231077,100,24.04689302231077,2025-11-23T04:50:14.249413,midterm,2
33,English,19.697141828592084,100,19.697141828592084,2025-11-23T04:50:14.249413,midterm,2
33,Social Studies,47.38403821546168,100,47.38403821546168,2025-11-23T04:50:14.249413,midterm,2
33,Hindi,39.32901943423054,100,39.32901943423054,2025-11-23T04:50:14.249413,midterm,2
33,Mathematics,30.43289545156986,100,30.43289545156986,2025-09-26T04:50:14.249413,final,3
33,Science,45.312063253636296,100,45.312063253636296,2025-09-26T04:50:14.249413,final,3
33,English,31.286304941212215,100,31.286304941212215,2025-09-26T04:50:14.249413,final,3
33,Social Studies,21.899779851453395,100,21.899779851453395,2025-09-26T04:50:14.249413,final,3
33,Hindi,45.743862637432606,100,45.743862637432606,2025-09-26T04:50:14.249413,final,3
34,Mathematics,93.54022205101516,100,93.54022205101516,2025-12-29T04:50:14.249413,midterm,1
34,Science,77.77866007090401,100,77.77866007090401,2025-12-29T04:50:14.249413,midterm,1
34,English,86.24773483333249,100,86.24773483333249,2025-12-29T04:50:14.249413,midterm,1
34,Social Studies,79.394939080321,100,79.394939080321,2025-12-29T04:50:14.249413,midterm,1
34,Hindi,74.32312430452521,100,74.32312430452521,2025-12-29T04:50:14.249413,midterm,1
34,Mathematics,97.41289708948499,100,97.41289708948499,2026-02-07T04:50:14.249413,midterm,2
34,Science,100.0,100,100.0,2026-02-07T04:50:14.249413,midterm,2
34,English,74.16544587597716,100,74.16544587597716,2026-02-07T04:50:14.249413,midterm,2
34,Social Studies,93.78081398107429,100,93.78081398107429,2026-02-07T04:50:14.249413,midterm,2
34,Hindi,81.6446959229503,100,81.6446959229503,2026-02-07T04:50:14.249413,midterm,2
34,Mathematics,83.27986777652161,100,83.27986777652161,2026-02-23T04:50:14.249413,final,3
34,Science,82.22718237177989,100,82.22718237177989,2026-02-23T04:50:14.249413,final,3
34,English,79.51121391737041,100,79.51121391737041,2026-02-23T04:50:14.249413,final,3
34,Social Studies,88.63633789361684,100,88.63633789361684,2026-02-23T04:50:14.249413,final,3
34,Hindi,79.8416204500582,100,79.8416204500582,2026-02-23T04:50:14.249413,final,3
35,Mathematics,52.476931672892576,100,52.476931672892576,2025-11-05T04:50:14.249413,midterm,1
35,Science,49.26998232060282,100,49.26998232060282,2025-11-05T04:50:14.249413,midterm,1
35,English,47.382882946430094,100,47.382882946430094,2025-11-05T04:50:14.249413,midterm,1
35,Social Studies,40.69672679467821,100,40.69672679467821,2025-11-05T04:50:14.249413,midterm,1
35,Hindi,44.00465010941086,100,44.00465010941086,2025-11-05T04:50:14.249413,midterm,1
35,Mathematics,57.32627567335175,100,57.32627567335175,2025-11-22T04:50:14.249413,midterm,2
35,Science,54.781535291337995,100,54.781535291337995,2025-11-22T04:50:14.249413,midterm,2
35,English,39.99681096710868,100,39.99681096710868,2025-11-22T04:50:14.249413,midterm,2
35,Social Studies,50.76568646938645,100,50.76568646938645,2025-11-22T04:50:14.249413,midterm,2
35,Hindi,57.28623464881208,100,57.28623464881208,2025-11-22T04:50:14.249413,midterm,2
35,Mathematics,33.078310603880475,100,33.078310603880475,2026-02-13T04:50:14.249413,final,3
35,Science,55.20596533889354,100,55.20596533889354,2026-02-13T04:50:14.249413,final,3
35,English,43.14612582563572,100,43.14612582563572,2026-02-13T04:50:14.249413,final,3
35,Social Studies,55.47835010102578,100,55.47835010102578,2026-02-13T04:50:14.249413,final,3
35,Hindi,42.139771849669025,100,42.139771849669025,2026-02-13T04:50:14.249413,final,3
36,Mathematics,36.83724977876736,100,36.83724977876736,2025-09-25T04:50:14.249413,midterm,1
36,Science,38.610646406580926,100,38.610646406580926,2025-09-25T04:50:14.249413,midterm,1
36,English,55.36692025202637,100,55.36692025202637,2025-09-25T04:50:14.249413,midterm,1
36,Social Studies,57.48329580262737,100,57.48329580262737,2025-09-25T04:50:14.249413,midterm,1
36,Hindi,45.842904534368465,100,45.842904534368465,2025-09-25T04:50:14.249413,midterm,1
36,Mathematics,61.271995373186286,100,61.271995373186286,2026-01-05T04:50:14.249413,midterm,2
36,Science,38.27087016272295,100,38.27087016272295,2026-01-05T04:50:14.249413,midterm,2
36,English,54.225272798939386,100,54.225272798939386,2026-01-05T04:50:14.249413,midterm,2
36,Social Studies,42.775908787787984,100,42.775908787787984,2026-01-05T04:50:14.249413,midterm,2
36,Hindi,48.36770970739096,100,48.36770970739096,2026-01-05T04:50:14.249413,midterm,2
36,Mathematics,55.36005749857669,100,55.36005749857669,2025-11-09T04:50:14.249413,final,3
36,Science,46.28193713257303,100,46.28193713257303,2025-11-09T04:50:14.249413,final,3
36,English,51.04051534311429,100,51.04051534311429,2025-11-09T04:50:14.249413,final,3
36,Social Studies,64.94899887755696,100,64.94899887755696,2025-11-09T04:50:14.249413,final,3
36,Hindi,49.117152090181065,100,49.117152090181065,2025-11-09T04:50:14.249413,final,3
37,Mathematics,47.986756061566226,100,47.986756061566226,2025-10-04T04:50:14.249413,midterm,1
37,Science,28.33276639433863,100,28.33276639433863,2025-10-04T04:50:14.249413,midterm,1
37,English,44.92787672006764,100,44.92787672006764,2025-10-04T04:50:14.249413,midterm,1
37,Social Studies,54.045521147493815,100,54.045521147493815,2025-10-04T04:50:14.249413,midterm,1
37,Hindi,14.913389939641917,100,14.913389939641917,2025-10-04T04:50:14.249413,midterm,1
37,Mathematics,31.660882386210044,100,31.660882386210044,2025-12-15T04:50:14.249413,midterm,2
37,Science,45.40055621272021,100,45.40055621272021,2025-12-15T04:50:14.249413,midterm,2
37,English,37.59938108048488,100,37.59938108048488,2025-12-15T04:50:14.249413,midterm,2
37,Social Studies,43.3412936746279,100,43.3412936746279,2025-12-15T04:50:14.249413,midterm,2
37,Hindi,33.589983073756606,100,33.589983073756606,2025-12-15T04:50:14.249413,midterm,2
37,Mathematics,40.49573281564381,100,40.49573281564381,2026-01-07T04:50:14.249413,final,3
37,Science,38.07306258699402,100,38.07306258699402,2026-01-07T04:50:14.249413,final,3
37,English,51.30765555751289,100,51.30765555751289,2026-01-07T04:50:14.249413,final,3
37,Social Studies,42.17404337392694,100,42.17404337392694,2026-01-07T04:50:14.249413,final,3
37,Hindi,43.00586156166683,100,43.00586156166683,2026-01-07T04:50:14.249413,final,3
38,Mathematics,66.2928900812979,100,66.2928900812979,2025-10-20T04:50:14.249413,midterm,1
38,Science,65.53559750179764,100,65.53559750179764,2025-10-20T04:50:14.249413,midterm,1
38,English,66.08607786432637,100,66.08607786432637,2025-10-20T04:50:14.249413,midterm,1
38,Social Studies,74.35618116630555,100,74.35618116630555,2025-10-20T04:50:14.249413,midterm,1
38,Hindi,66.20181493431994,100,66.20181493431994,2025-10-20T04:50:14.249413,midterm,1
38,Mathematics,73.3094083114867,100,73.3094083114867,2025-09-28T04:50:14.249413,midterm,2
38,Science,91.16566772897696,100,91.16566772897696,2025-09-28T04:50:14.249413,midterm,2
38,English,79.1229067768395,100,79.1229067768395,2025-09-28T04:50:14.249413,midterm,2
38,Social Studies,67.15142442084417,100,67.15142442084417,2025-09-28T04:50:14.249413,midterm,2
38,Hindi,82.42379896416202,100,82.42379896416202,2025-09-28T04:50:14.249413,midterm,2
38,Mathematics,66.33090601230705,100,66.33090601230705,2026-01-05T04:50:14.249413,final,3
38,Science,50.030414390744035,100,50.030414390744035,2026-01-05T04:50:14.249413,final,3
38,English,60.330796633348534,100,60.330796633348534,2026-01-05T04:50:14.249413,final,3
38,Social Studies,51.70374053226402,100,51.70374053226402,2026-01-05T04:50:14.249413,final,3
38,Hindi,66.89652490210949,100,66.89652490210949,2026-01-05T04:50:14.249413,final,3
39,Mathematics,41.449944932013004,100,41.449944932013004,2025-12-28T04:50:14.249413,midterm,1
39,Science,58.03013426287032,100,58.03013426287032,2025-12-28T04:50:14.249413,midterm,1
39,English,44.53503487775912,100,44.53503487775912,2025-12-28T04:50:14.249413,midterm,1
39,Social Studies,39.07475585202885,100,39.07475585202885,2025-12-28T04:50:14.249413,midterm,1
39,Hindi,49.559816951952385,100,49.559816951952385,2025-12-28T04:50:14.249413,midterm,1
39,Mathematics,19.15440805003864,100,19.15440805003864,2026-02-25T04:50:14.249413,midterm,2
39,Science,43.621906721203146,100,43.621906721203146,2026-02-25T04:50:14.249413,midterm,2
39,English,48.974413078987155,100,48.974413078987155,2026-02-25T04:50:14.249413,midterm,2
39,Social Studies,26.479898682319075,100,26.479898682319075,2026-02-25T04:50:14.249413,midterm,2
39,Hindi,52.70330157218678,100,52.70330157218678,2026-02-25T04:50:14.249413,midterm,2
39,Mathematics,44.650725215061634,100,44.650725215061634,2026-03-02T04:50:14.249413,final,3
39,Science,37.112882001109476,100,37.112882001109476,2026-03-02T04:50:14.249413,final,3
39,English,47.59357980118034,100,47.59357980118034,2026-03-02T04:50:14.249413,final,3
39,Social Studies,63.97268971816145,100,63.97268971816145,2026-03-02T04:50:14.249413,final,3
39,Hindi,43.084423690702444,100,43.084423690702444,2026-03-02T04:50:14.249413,final,3
40,Mathematics,65.18251817857151,100,65.18251817857151,2025-11-09T04:50:14.250413,midterm,1
40,Science,58.106703320165714,100,58.106703320165714,2025-11-09T04:50:14.250413,midterm,1
40,English,54.20186862092024,100,54.20186862092024,2025-11-09T04:50:14.250413,midterm,1
40,Social Studies,71.00367048101062,100,71.00367048101062,2025-11-09T04:50:14.250413,midterm,1
40,Hindi,54.139474056479486,100,54.139474056479486,2025-11-09T04:50:14.250413,midterm,1
40,Mathematics,63.41597468776208,100,63.41597468776208,2025-10-06T04:50:14.250413,midterm,2
40,Science,57.92373784791699,100,57.92373784791699,2025-10-06T04:50:14.250413,midterm,2
40,English,67.49011057303207,100,67.49011057303207,2025-10-06T04:50:14.250413,midterm,2
40,Social Studies,66.03693336843764,100,66.03693336843764,2025-10-06T04:50:14.250413,midterm,2
40,Hindi,73.07571175814715,100,73.07571175814715,2025-10-06T04:50:14.250413,midterm,2
40,Mathematics,57.60014832702068,100,57.60014832702068,2026-02-19T04:50:14.250413,final,3
40,Science,60.001562962634445,100,60.001562962634445,2026-02-19T04:50:14.250413,final,3
40,English,52.912675157745085,100,52.912675157745085,2026-02-19T04:50:14.250413,final,3
40,Social Studies,58.25737971480704,100,58.25737971480704,2026-02-19T04:50:14.250413,final,3
40,Hindi,66.47331724601668,100,66.47331724601668,2026-02-19T04:50:14.250413,final,3
41,Mathematics,66.52723481513182,100,66.52723481513182,2026-01-23T04:50:14.250413,midterm,1
41,Science,49.735695406902046,100,49.735695406902046,2026-01-23T04:50:14.250413,midterm,1
41,English,67.6534078497349,100,67.6534078497349,2026-01-23T04:50:14.250413,midterm,1
41,Social Studies,72.5137272367278,100,72.5137272367278,2026-01-23T04:50:14.250413,midterm,1
41,Hindi,63.09169768091531,100,63.09169768091531,2026-01-23T04:50:14.250413,midterm,1
41,Mathematics,77.72530677425895,100,77.72530677425895,2026-03-11T04:50:14.250413,midterm,2
41,Science,51.21945665764257,100,51.21945665764257,2026-03-11T04:50:14.250413,midterm,2
41,English,46.51080161556413,100,46.51080161556413,2026-03-11T04:50:14.250413,midterm,2
41,Social Studies,41.17014615963551,100,41.17014615963551,2026-03-11T04:50:14.250413,midterm,2
41,Hindi,73.91779176357014,100,73.91779176357014,2026-03-11T04:50:14.250413,midterm,2
41,Mathematics,65.50100521221887,100,65.50100521221887,2025-11-11T04:50:14.250413,final,3
41,Science,58.40150193957375,100,58.40150193957375,2025-11-11T04:50:14.250413,final,3
41,English,61.7570349118765,100,61.7570349118765,2025-11-11T04:50:14.250413,final,3
41,Social Studies,47.70245817569453,100,47.70245817569453,2025-11-11T04:50:14.250413,final,3
41,Hindi,83.41486844484656,100,83.41486844484656,2025-11-11T04:50:14.250413,final,3
42,Mathematics,55.03437471539446,100,55.03437471539446,2025-12-18T04:50:14.250413,midterm,1
42,Science,54.83611084169112,100,54.83611084169112,2025-12-18T04:50:14.250413,midterm,1
42,English,60.99982913462911,100,60.99982913462911,2025-12-18T04:50:14.250413,midterm,1
42,Social Studies,58.55225521300932,100,58.55225521300932,2025-12-18T04:50:14.250413,midterm,1
42,Hindi,55.9810031384335,100,55.9810031384335,2025-12-18T04:50:14.250413,midterm,1
42,Mathematics,45.83741834118907,100,45.83741834118907,2025-12-05T04:50:14.250413,midterm,2
42,Science,58.456846467002144,100,58.456846467002144,2025-12-05T04:50:14.250413,midterm,2
42,English,72.56240786039253,100,72.56240786039253,2025-12-05T04:50:14.250413,midterm,2
42,Social Studies,67.19636335719197,100,67.19636335719197,2025-12-05T04:50:14.250413,midterm,2
42,Hindi,69.67402916203616,100,69.67402916203616,2025-12-05T04:50:14.250413,midterm,2
42,Mathematics,48.63000613133033,100,48.63000613133033,2026-01-07T04:50:14.250413,final,3
42,Science,43.84611469305638,100,43.84611469305638,2026-01-07T04:50:14.250413,final,3
42,English,52.48429369464571,100,52.48429369464571,2026-01-07T04:50:14.250413,final,3
42,Social Studies,54.29941201852913,100,54.29941201852913,2026-01-07T04:50:14.250413,final,3
42,Hindi,64.68407808035167,100,64.68407808035167,2026-01-07T04:50:14.250413,final,3
43,Mathematics,71.95688778505456,100,71.95688778505456,2026-01-20T04:50:14.250413,midterm,1
43,Science,100.0,100,100.0,2026-01-20T04:50:14.250413,midterm,1
43,English,87.30145509641285,100,87.30145509641285,2026-01-20T04:50:14.250413,midterm,1
43,Social Studies,84.61272338272855,100,84.61272338272855,2026-01-20T04:50:14.250413,midterm,1
43,Hindi,78.76049032960107,100,78.76049032960107,2026-01-20T04:50:14.250413,midterm,1
43,Mathematics,72.33296736354505,100,72.33296736354505,2025-10-27T04:50:14.250413,midterm,2
43,Science,97.1132399218219,100,97.1132399218219,2025-10-27T04:50:14.250413,midterm,2
43,English,89.6147137540868,100,89.6147137540868,2025-10-27T04:50:14.250413,midterm,2
43,Social Studies,75.98192508479221,100,75.98192508479221,2025-10-27T04:50:14.250413,midterm,2
43,Hindi,75.93074636156659,100,75.93074636156659,2025-10-27T04:50:14.250413,midterm,2
43,Mathematics,85.52368708930146,100,85.52368708930146,2026-03-09T04:50:14.250413,final,3
43,Science,100.0,100,100.0,2026-03-09T04:50:14.250413,final,3
43,English,86.2856205685667,100,86.2856205685667,2026-03-09T04:50:14.250413,final,3
43,Social Studies,73.85010455102169,100,73.85010455102169,2026-03-09T04:50:14.250413,final,3
43,Hindi,86.4241034413433,100,86.4241034413433,2026-03-09T04:50:14.250413,final,3
44,Mathematics,90.61676798482613,100,90.61676798482613,2026-01-21T04:50:14.250413,midterm,1
44,Science,66.37513725288711,100,66.37513725288711,2026-01-21T04:50:14.250413,midterm,1
44,English,92.80105501712471,100,92.80105501712471,2026-01-21T04:50:14.250413,midterm,1
44,Social Studies,91.03465838021604,100,91.03465838021604,2026-01-21T04:50:14.250413,midterm,1
44,Hindi,100.0,100,100.0,2026-01-21T04:50:14.250413,midterm,1
44,Mathematics,100.0,100,100.0,2026-02-22T04:50:14.250413,midterm,2
44,Science,100.0,100,100.0,2026-02-22T04:50:14.250413,midterm,2
44,English,90.65511677675453,100,90.65511677675453,2026-02-22T04:50:14.250413,midterm,2
44,Social Studies,82.27874459488612,100,82.27874459488612,2026-02-22T04:50:14.250413,midterm,2
44,Hindi,100.0,100,100.0,2026-02-22T04:50:14.250413,midterm,2
44,Mathematics,93.93618802244771,100,93.93618802244771,2026-03-07T04:50:14.250413,final,3
44,Science,93.48329660143229,100,93.48329660143229,2026-03-07T04:50:14.250413,final,3
44,English,93.10275281120279,100,93.10275281120279,2026-03-07T04:50:14.250413,final,3
44,Social Studies,95.32485128998138,100,95.32485128998138,2026-03-07T04:50:14.250413,final,3
44,Hindi,91.9003995630634,100,91.9003995630634,2026-03-07T04:50:14.250413,final,3
45,Mathematics,51.66316665818941,100,51.66316665818941,2026-02-16T04:50:14.250413,midterm,1
45,Science,51.931197314587855,100,51.931197314587855,2026-02-16T04:50:14.250413,midterm,1
45,English,57.07225402483179,100,57.07225402483179,2026-02-16T04:50:14.250413,midterm,1
45,Social Studies,51.96553901565413,100,51.96553901565413,2026-02-16T04:50:14.250413,midterm,1
45,Hindi,50.271328900220134,100,50.271328900220134,2026-02-16T04:50:14.250413,midterm,1
45,Mathematics,58.46408900391074,100,58.46408900391074,2026-01-14T04:50:14.250413,midterm,2
45,Science,54.85001455278322,100,54.85001455278322,2026-01-14T04:50:14.250413,midterm,2
45,English,72.43971661281867,100,72.43971661281867,2026-01-14T04:50:14.250413,midterm,2
45,Social Studies,30.89008864306166,100,30.89008864306166,2026-01-14T04:50:14.250413,midterm,2
45,Hindi,68.3148552462164,100,68.3148552462164,2026-01-14T04:50:14.250413,midterm,2
45,Mathematics,69.86063865196807,100,69.86063865196807,2025-10-02T04:50:14.250413,final,3
45,Science,36.66588440291028,100,36.66588440291028,2025-10-02T04:50:14.250413,final,3
45,English,53.972910786188294,100,53.972910786188294,2025-10-02T04:50:14.250413,final,3
45,Social Studies,53.68537806703387,100,53.68537806703387,2025-10-02T04:50:14.250413,final,3
45,Hindi,43.32466977981356,100,43.32466977981356,2025-10-02T04:50:14.250413,final,3
46,Mathematics,25.808615797251157,100,25.808615797251157,2025-10-17T04:50:14.250413,midterm,1
46,Science,22.481024218501624,100,22.481024218501624,2025-10-17T04:50:14.250413,midterm,1
46,English,51.109487107396134,100,51.109487107396134,2025-10-17T04:50:14.250413,midterm,1
46,Social Studies,42.94356660463452,100,42.94356660463452,2025-10-17T04:50:14.250413,midterm,1
46,Hindi,46.3023336231015,100,46.3023336231015,2025-10-17T04:50:14.250413,midterm,1
46,Mathematics,40.80350331359226,100,40.80350331359226,2025-10-07T04:50:14.250413,midterm,2
46,Science,22.296264960987617,100,22.296264960987617,2025-10-07T04:50:14.250413,midterm,2
46,English,28.341580010362172,100,28.341580010362172,2025-10-07T04:50:14.250413,midterm,2
46,Social Studies,38.48052828543909,100,38.48052828543909,2025-10-07T04:50:14.250413,midterm,2
46,Hindi,21.365504584240455,100,21.365504584240455,2025-10-07T04:50:14.250413,midterm,2
46,Mathematics,40.71676697488379,100,40.71676697488379,2025-09-29T04:50:14.250413,final,3
46,Science,31.18352869157856,100,31.18352869157856,2025-09-29T04:50:14.250413,final,3
46,English,29.838574597663936,100,29.838574597663936,2025-09-29T04:50:14.250413,final,3
46,Social Studies,40.69638235519483,100,40.69638235519483,2025-09-29T04:50:14.250413,final,3
46,Hindi,38.02941578802031,100,38.02941578802031,2025-09-29T04:50:14.250413,final,3
47,Mathematics,78.0045433612271,100,78.0045433612271,2025-11-25T04:50:14.250413,midterm,1
47,Science,93.20750305306039,100,93.20750305306039,2025-11-25T04:50:14.250413,midterm,1
47,English,70.80357174341893,100,70.80357174341893,2025-11-25T04:50:14.250413,midterm,1
47,Social Studies,87.77356108886055,100,87.77356108886055,2025-11-25T04:50:14.250413,midterm,1
47,Hindi,87.54521759910175,100,87.54521759910175,2025-11-25T04:50:14.250413,midterm,1
47,Mathematics,78.518740626278,100,78.518740626278,2025-12-01T04:50:14.250413,midterm,2
47,Science,84.87553524183909,100,84.87553524183909,2025-12-01T04:50:14.250413,midterm,2
47,English,69.10306925556488,100,69.10306925556488,2025-12-01T04:50:14.250413,midterm,2
47,Social Studies,90.85447521148691,100,90.85447521148691,2025-12-01T04:50:14.250413,midterm,2
47,Hindi,79.76518365498802,100,79.76518365498802,2025-12-01T04:50:14.250413,midterm,2
47,Mathematics,76.38697481422751,100,76.38697481422751,2026-01-29T04:50:14.250413,final,3
47,Science,92.1042972777868,100,92.1042972777868,2026-01-29T04:50:14.250413,final,3
47,English,74.57076811399031,100,74.57076811399031,2026-01-29T04:50:14.250413,final,3
47,Social Studies,67.52959205578232,100,67.52959205578232,2026-01-29T04:50:14.250413,final,3
47,Hindi,66.04791328417888,100,66.04791328417888,2026-01-29T04:50:14.250413,final,3
48,Mathematics,46.74497617347214,100,46.74497617347214,2025-10-11T04:50:14.250413,midterm,1
48,Science,27.88058313505291,100,27.88058313505291,2025-10-11T04:50:14.250413,midterm,1
48,English,58.23281847985939,100,58.23281847985939,2025-10-11T04:50:14.250413,midterm,1
48,Social Studies,19.86558258117852,100,19.86558258117852,2025-10-11T04:50:14.250413,midterm,1
48,Hindi,57.64944034291612,100,57.64944034291612,2025-10-11T04:50:14.250413,midterm,1
48,Mathematics,42.79505133204192,100,42.79505133204192,2026-03-10T04:50:14.250413,midterm,2
48,Science,39.717745541311814,100,39.717745541311814,2026-03-10T04:50:14.250413,midterm,2
48,English,35.235685791926244,100,35.235685791926244,2026-03-10T04:50:14.250413,midterm,2
48,Social Studies,44.676237803536445,100,44.676237803536445,2026-03-10T04:50:14.250413,midterm,2
48,Hindi,40.30852963576726,100,40.30852963576726,2026-03-10T04:50:14.250413,midterm,2
48,Mathematics,51.71789548018096,100,51.71789548018096,2025-11-25T04:50:14.250413,final,3
48,Science,41.827153146636135,100,41.827153146636135,2025-11-25T04:50:14.250413,final,3
48,English,42.187894274634516,100,42.187894274634516,2025-11-25T04:50:14.250413,final,3
48,Social Studies,37.04875453787718,100,37.04875453787718,2025-11-25T04:50:14.250413,final,3
48,Hindi,40.115420422805066,100,40.115420422805066,2025-11-25T04:50:14.250413,final,3
49,Mathematics,48.16604949152553,100,48.16604949152553,2025-12-25T04:50:14.250413,midterm,1
49,Science,27.986347876038682,100,27.986347876038682,2025-12-25T04:50:14.250413,midterm,1
49,English,31.606177581547808,100,31.606177581547808,2025-12-25T04:50:14.250413,midterm,1
49,Social Studies,52.52067274283209,100,52.52067274283209,2025-12-25T04:50:14.250413,midterm,1
49,Hindi,46.796686183884354,100,46.796686183884354,2025-12-25T04:50:14.250413,midterm,1
49,Mathematics,43.248198439078145,100,43.248198439078145,2025-11-08T04:50:14.250413,midterm,2
49,Science,45.27237113325887,100,45.27237113325887,2025-11-08T04:50:14.250413,midterm,2
49,English,48.56384885622165,100,48.56384885622165,2025-11-08T04:50:14.250413,midterm,2
49,Social Studies,39.690434999511325,100,39.690434999511325,2025-11-08T04:50:14.250413,midterm,2
49,Hindi,37.304984548581814,100,37.304984548581814,2025-11-08T04:50:14.250413,midterm,2
49,Mathematics,47.046484353581754,100,47.046484353581754,2026-03-10T04:50:14.250413,final,3
49,Science,35.304304026454616,100,35.304304026454616,2026-03-10T04:50:14.250413,final,3
49,English,49.17055935974966,100,49.17055935974966,2026-03-10T04:50:14.250413,final,3
49,Social Studies,28.062195760226533,100,28.062195760226533,2026-03-10T04:50:14.250413,final,3
49,Hindi,55.37958817586137,100,55.37958817586137,2026-03-10T04:50:14.250413,final,3
50,Mathematics,42.433016424104004,100,42.433016424104004,2026-01-09T04:50:14.250413,midterm,1
50,Science,40.26733894311233,100,40.26733894311233,2026-01-09T04:50:14.250413,midterm,1
50,English,47.53395143942871,100,47.53395143942871,2026-01-09T04:50:14.250413,midterm,1
50,Social Studies,54.36178604459934,100,54.36178604459934,2026-01-09T04:50:14.250413,midterm,1
50,Hindi,47.85074225015488,100,47.85074225015488,2026-01-09T04:50:14.250413,midterm,1
50,Mathematics,19.29829928665712,100,19.29829928665712,2025-11-29T04:50:14.250413,midterm,2
50,Science,24.911271932616557,100,24.911271932616557,2025-11-29T04:50:14.250413,midterm,2
50,English,31.458855823016783,100,31.458855823016783,2025-11-29T04:50:14.250413,midterm,2
50,Social Studies,37.96795210208191,100,37.96795210208191,2025-11-29T04:50:14.250413,midterm,2
50,Hindi,42.8836318046648,100,42.8836318046648,2025-11-29T04:50:14.250413,midterm,2
50,Mathematics,30.449603468438916,100,30.449603468438916,2026-01-11T04:50:14.250413,final,3
50,Science,39.574709244744355,100,39.574709244744355,2026-01-11T04:50:14.250413,final,3
50,English,30.153212276440346,100,30.153212276440346,2026-01-11T04:50:14.250413,final,3
50,Social Studies,31.591863570054088,100,31.591863570054088,2026-01-11T04:50:14.250413,final,3
50,Hindi,23.64043063149135,100,23.64043063149135,2026-01-11T04:50:14.250413,final,3
51,Mathematics,71.41541410751783,100,71.41541410751783,2026-01-30T04:50:14.250413,midterm,1
51,Science,67.13090051246354,100,67.13090051246354,2026-01-30T04:50:14.250413,midterm,1
51,English,70.88901403885355,100,70.88901403885355,2026-01-30T04:50:14.250413,midterm,1
51,Social Studies,91.18416453470527,100,91.18416453470527,2026-01-30T04:50:14.250413,midterm,1
51,Hindi,71.15375768030744,100,71.15375768030744,2026-01-30T04:50:14.250413,midterm,1
51,Mathematics,100.0,100,100.0,2025-11-05T04:50:14.250413,midterm,2
51,Science,85.58092557743576,100,85.58092557743576,2025-11-05T04:50:14.250413,midterm,2
51,English,82.4961078055756,100,82.4961078055756,2025-11-05T04:50:14.250413,midterm,2
51,Social Studies,72.06416876681473,100,72.06416876681473,2025-11-05T04:50:14.250413,midterm,2
51,Hindi,87.65084536271678,100,87.65084536271678,2025-11-05T04:50:14.250413,midterm,2
51,Mathematics,74.89136830624913,100,74.89136830624913,2025-09-22T04:50:14.250413,final,3
51,Science,81.86784471508048,100,81.86784471508048,2025-09-22T04:50:14.250413,final,3
51,English,100.0,100,100.0,2025-09-22T04:50:14.250413,final,3
51,Social Studies,79.68714757138038,100,79.68714757138038,2025-09-22T04:50:14.250413,final,3
51,Hindi,92.14047983148363,100,92.14047983148363,2025-09-22T04:50:14.250413,final,3
52,Mathematics,79.65847315792233,100,79.65847315792233,2025-11-10T04:50:14.251412,midterm,1
52,Science,86.3403525042116,100,86.3403525042116,2025-11-10T04:50:14.251412,midterm,1
52,English,100.0,100,100.0,2025-11-10T04:50:14.251412,midterm,1
52,Social Studies,80.42056683130353,100,80.42056683130353,2025-11-10T04:50:14.251412,midterm,1
52,Hindi,100.0,100,100.0,2025-11-10T04:50:14.251412,midterm,1
52,Mathematics,93.76775676373596,100,93.76775676373596,2025-11-26T04:50:14.251412,midterm,2
52,Science,81.06556965023853,100,81.06556965023853,2025-11-26T04:50:14.251412,midterm,2
52,English,93.01431479973641,100,93.01431479973641,2025-11-26T04:50:14.251412,midterm,2
52,Social Studies,96.41578190544851,100,96.41578190544851,2025-11-26T04:50:14.251412,midterm,2
52,Hindi,92.90833703135317,100,92.90833703135317,2025-11-26T04:50:14.251412,midterm,2
52,Mathematics,70.98799021027665,100,70.98799021027665,2025-12-31T04:50:14.251412,final,3
52,Science,79.41886565093252,100,79.41886565093252,2025-12-31T04:50:14.251412,final,3
52,English,84.21505105366616,100,84.21505105366616,2025-12-31T04:50:14.251412,final,3
52,Social Studies,85.94590311818075,100,85.94590311818075,2025-12-31T04:50:14.251412,final,3
52,Hindi,92.89695838468799,100,92.89695838468799,2025-12-31T04:50:14.251412,final,3
53,Mathematics,43.7257047221702,100,43.7257047221702,2025-11-20T04:50:14.251412,midterm,1
53,Science,28.595251125736652,100,28.595251125736652,2025-11-20T04:50:14.251412,midterm,1
53,English,45.7506732228973,100,45.7506732228973,2025-11-20T04:50:14.251412,midterm,1
53,Social Studies,48.054552165675894,100,48.054552165675894,2025-11-20T04:50:14.251412,midterm,1
53,Hindi,47.546599192148065,100,47.546599192148065,2025-11-20T04:50:14.251412,midterm,1
53,Mathematics,52.75650196838388,100,52.75650196838388,2025-12-31T04:50:14.251412,midterm,2
53,Science,50.2879162583267,100,50.2879162583267,2025-12-31T04:50:14.251412,midterm,2
53,English,46.54049550512203,100,46.54049550512203,2025-12-31T04:50:14.251412,midterm,2
53,Social Studies,41.2470375982512,100,41.2470375982512,2025-12-31T04:50:14.251412,midterm,2
53,Hindi,25.33908537767775,100,25.33908537767775,2025-12-31T04:50:14.251412,midterm,2
53,Mathematics,46.24487690416352,100,46.24487690416352,2025-10-10T04:50:14.251412,final,3
53,Science,44.02557158446878,100,44.02557158446878,2025-10-10T04:50:14.251412,final,3
53,English,44.6644830847914,100,44.6644830847914,2025-10-10T04:50:14.251412,final,3
53,Social Studies,29.18120895463457,100,29.18120895463457,2025-10-10T04:50:14.251412,final,3
53,Hindi,31.13812930875504,100,31.13812930875504,2025-10-10T04:50:14.251412,final,3
54,Mathematics,100.0,100,100.0,2025-10-17T04:50:14.251412,midterm,1
54,Science,94.23099684778002,100,94.23099684778002,2025-10-17T04:50:14.251412,midterm,1
54,English,100.0,100,100.0,2025-10-17T04:50:14.251412,midterm,1
54,Social Studies,94.90973214765118,100,94.90973214765118,2025-10-17T04:50:14.251412,midterm,1
54,Hindi,94.92410978130403,100,94.92410978130403,2025-10-17T04:50:14.251412,midterm,1
54,Mathematics,100.0,100,100.0,2026-02-25T04:50:14.251412,midterm,2
54,Science,89.46610110417284,100,89.46610110417284,2026-02-25T04:50:14.251412,midterm,2
54,English,95.58775615575641,100,95.58775615575641,2026-02-25T04:50:14.251412,midterm,2
54,Social Studies,90.00379549929615,100,90.00379549929615,2026-02-25T04:50:14.251412,midterm,2
54,Hindi,90.28158611202342,100,90.28158611202342,2026-02-25T04:50:14.251412,midterm,2
54,Mathematics,91.53482715166018,100,91.53482715166018,2025-09-28T04:50:14.251412,final,3
54,Science,96.8478861026837,100,96.8478861026837,2025-09-28T04:50:14.251412,final,3
54,English,89.8390621697118,100,89.8390621697118,2025-09-28T04:50:14.251412,final,3
54,Social Studies,100.0,100,100.0,2025-09-28T04:50:14.251412,final,3
54,Hindi,85.68047536415153,100,85.68047536415153,2025-09-28T04:50:14.251412,final,3
55,Mathematics,56.79054378882506,100,56.79054378882506,2026-01-13T04:50:14.251412,midterm,1
55,Science,54.26194964769691,100,54.26194964769691,2026-01-13T04:50:14.251412,midterm,1
55,English,73.12903907397599,100,73.12903907397599,2026-01-13T04:50:14.251412,midterm,1
55,Social Studies,60.6248079955544,100,60.6248079955544,2026-01-13T04:50:14.251412,midterm,1
55,Hindi,68.977705625125,100,68.977705625125,2026-01-13T04:50:14.251412,midterm,1
55,Mathematics,43.80365650006894,100,43.80365650006894,2026-02-06T04:50:14.251412,midterm,2
55,Science,61.329762889131246,100,61.329762889131246,2026-02-06T04:50:14.251412,midterm,2
55,English,67.55556818667303,100,67.55556818667303,2026-02-06T04:50:14.251412,midterm,2
55,Social Studies,59.48210012319289,100,59.48210012319289,2026-02-06T04:50:14.251412,midterm,2
55,Hindi,69.31406398109216,100,69.31406398109216,2026-02-06T04:50:14.251412,midterm,2
55,Mathematics,53.48637572943493,100,53.48637572943493,2025-10-08T04:50:14.251412,final,3
55,Science,72.75273463229445,100,72.75273463229445,2025-10-08T04:50:14.251412,final,3
55,English,81.64824146663116,100,81.64824146663116,2025-10-08T04:50:14.251412,final,3
55,Social Studies,55.03087462604206,100,55.03087462604206,2025-10-08T04:50:14.251412,final,3
55,Hindi,54.204235016430935,100,54.204235016430935,2025-10-08T04:50:14.251412,final,3
56,Mathematics,91.27417357640775,100,91.27417357640775,2025-11-08T04:50:14.251412,midterm,1
56,Science,92.53605026253787,100,92.53605026253787,2025-11-08T04:50:14.251412,midterm,1
56,English,71.51172853369806,100,71.51172853369806,2025-11-08T04:50:14.251412,midterm,1
56,Social Studies,72.53846063427217,100,72.53846063427217,2025-11-08T04:50:14.251412,midterm,1
56,Hindi,73.92248271662568,100,73.92248271662568,2025-11-08T04:50:14.251412,midterm,1
56,Mathematics,63.29582369488797,100,63.29582369488797,2025-12-15T04:50:14.251412,midterm,2
56,Science,67.55380934038877,100,67.55380934038877,2025-12-15T04:50:14.251412,midterm,2
56,English,66.69892113771007,100,66.69892113771007,2025-12-15T04:50:14.251412,midterm,2
56,Social Studies,69.06235315418947,100,69.06235315418947,2025-12-15T04:50:14.251412,midterm,2
56,Hindi,76.39347993136293,100,76.39347993136293,2025-12-15T04:50:14.251412,midterm,2
56,Mathematics,79.08247613059595,100,79.08247613059595,2026-01-09T04:50:14.251412,final,3
56,Science,92.24533373337151,100,92.24533373337151,2026-01-09T04:50:14.251412,final,3
56,English,66.75678839784284,100,66.75678839784284,2026-01-09T04:50:14.251412,final,3
56,Social Studies,86.58355278999659,100,86.58355278999659,2026-01-09T04:50:14.251412,final,3
56,Hindi,74.60044036297566,100,74.60044036297566,2026-01-09T04:50:14.251412,final,3
57,Mathematics,90.46470850994551,100,90.46470850994551,2026-01-12T04:50:14.251412,midterm,1
57,Science,97.70754052813588,100,97.70754052813588,2026-01-12T04:50:14.251412,midterm,1
57,English,79.73212539084685,100,79.73212539084685,2026-01-12T04:50:14.251412,midterm,1
57,Social Studies,94.78344306831035,100,94.78344306831035,2026-01-12T04:50:14.251412,midterm,1
57,Hindi,92.6238676886004,100,92.6238676886004,2026-01-12T04:50:14.251412,midterm,1
57,Mathematics,95.88385824655133,100,95.88385824655133,2025-12-15T04:50:14.251412,midterm,2
57,Science,93.85103204554802,100,93.85103204554802,2025-12-15T04:50:14.251412,midterm,2
57,English,100.0,100,100.0,2025-12-15T04:50:14.251412,midterm,2
57,Social Studies,84.58194576395668,100,84.58194576395668,2025-12-15T04:50:14.251412,midterm,2
57,Hindi,85.64937605645166,100,85.64937605645166,2025-12-15T04:50:14.251412,midterm,2
57,Mathematics,84.7279403422222,100,84.7279403422222,2025-11-07T04:50:14.251412,final,3
57,Science,85.4045744148673,100,85.4045744148673,2025-11-07T04:50:14.251412,final,3
57,English,84.58547433340466,100,84.58547433340466,2025-11-07T04:50:14.251412,final,3
57,Social Studies,100.0,100,100.0,2025-11-07T04:50:14.251412,final,3
57,Hindi,100.0,100,100.0,2025-11-07T04:50:14.251412,final,3
58,Mathematics,37.95206290452828,100,37.95206290452828,2025-12-04T04:50:14.251412,midterm,1
58,Science,35.33597011098075,100,35.33597011098075,2025-12-04T04:50:14.251412,midterm,1
58,English,48.37368140588708,100,48.37368140588708,2025-12-04T04:50:14.251412,midterm,1
58,Social Studies,38.13729539921333,100,38.13729539921333,2025-12-04T04:50:14.251412,midterm,1
58,Hindi,49.98884401957815,100,49.98884401957815,2025-12-04T04:50:14.251412,midterm,1
58,Mathematics,45.68875605053604,100,45.68875605053604,2026-02-09T04:50:14.251412,midterm,2
58,Science,28.502084692050722,100,28.502084692050722,2026-02-09T04:50:14.251412,midterm,2
58,English,59.134577855323656,100,59.134577855323656,2026-02-09T04:50:14.251412,midterm,2
58,Social Studies,61.618302572978266,100,61.618302572978266,2026-02-09T04:50:14.251412,midterm,2
58,Hindi,37.53163893717918,100,37.53163893717918,2026-02-09T04:50:14.251412,midterm,2
58,Mathematics,39.7825102426632,100,39.7825102426632,2026-02-27T04:50:14.251412,final,3
58,Science,46.51817974927209,100,46.51817974927209,2026-02-27T04:50:14.251412,final,3
58,English,47.00409374189329,100,47.00409374189329,2026-02-27T04:50:14.251412,final,3
58,Social Studies,50.24496856875135,100,50.24496856875135,2026-02-27T04:50:14.251412,final,3
58,Hindi,63.76157122968654,100,63.76157122968654,2026-02-27T04:50:14.251412,final,3
59,Mathematics,52.54478533533785,100,52.54478533533785,2026-03-11T04:50:14.252413,midterm,1
59,Science,46.331285164893806,100,46.331285164893806,2026-03-11T04:50:14.252413,midterm,1
59,English,40.52106533013308,100,40.52106533013308,2026-03-11T04:50:14.252413,midterm,1
59,Social Studies,47.00495721085915,100,47.00495721085915,2026-03-11T04:50:14.252413,midterm,1
59,Hindi,53.982987881540375,100,53.982987881540375,2026-03-11T04:50:14.252413,midterm,1
59,Mathematics,72.25983624545623,100,72.25983624545623,2025-10-25T04:50:14.252413,midterm,2
59,Science,49.13814461991663,100,49.13814461991663,2025-10-25T04:50:14.252413,midterm,2
59,English,56.55213712666733,100,56.55213712666733,2025-10-25T04:50:14.252413,midterm,2
59,Social Studies,54.150028649550826,100,54.150028649550826,2025-10-25T04:50:14.252413,midterm,2
59,Hindi,66.19819034475918,100,66.19819034475918,2025-10-25T04:50:14.252413,midterm,2
59,Mathematics,79.58358186901457,100,79.58358186901457,2025-12-25T04:50:14.252413,final,3
59,Science,49.00556988107514,100,49.00556988107514,2025-12-25T04:50:14.252413,final,3
59,English,49.419863185096126,100,49.419863185096126,2025-12-25T04:50:14.252413,final,3
59,Social Studies,64.75586638096907,100,64.75586638096907,2025-12-25T04:50:14.252413,final,3
59,Hindi,61.13317250654146,100,61.13317250654146,2025-12-25T04:50:14.252413,final,3
60,Mathematics,100.0,100,100.0,2026-01-04T04:50:14.252413,midterm,1
60,Science,98.19214652613256,100,98.19214652613256,2026-01-04T04:50:14.252413,midterm,1
60,English,88.75994376500233,100,88.75994376500233,2026-01-04T04:50:14.252413,midterm,1
60,Social Studies,98.25941297979602,100,98.25941297979602,2026-01-04T04:50:14.252413,midterm,1
60,Hindi,100.0,100,100.0,2026-01-04T04:50:14.252413,midterm,1
60,Mathematics,100.0,100,100.0,2026-02-27T04:50:14.252413,midterm,2
60,Science,97.4256049839459,100,97.4256049839459,2026-02-27T04:50:14.252413,midterm,2
60,English,100.0,100,100.0,2026-02-27T04:50:14.252413,midterm,2
60,Social Studies,100.0,100,100.0,2026-02-27T04:50:14.252413,midterm,2
60,Hindi,100.0,100,100.0,2026-02-27T04:50:14.252413,midterm,2
60,Mathematics,98.83996354876935,100,98.83996354876935,2025-12-04T04:50:14.252413,final,3
60,Science,90.68168386970439,100,90.68168386970439,2025-12-04T04:50:14.252413,final,3
60,English,93.82000153720615,100,93.82000153720615,2025-12-04T04:50:14.252413,final,3
60,Social Studies,100.0,100,100.0,2025-12-04T04:50:14.252413,final,3
60,Hindi,84.18350796300057,100,84.18350796300057,2025-12-04T04:50:14.252413,final,3
61,Mathematics,67.50489763101629,100,67.50489763101629,2025-12-23T04:50:14.252413,midterm,1
61,Science,59.88477641901367,100,59.88477641901367,2025-12-23T04:50:14.252413,midterm,1
61,English,64.10561277163545,100,64.10561277163545,2025-12-23T04:50:14.252413,midterm,1
61,Social Studies,76.60268316836027,100,76.60268316836027,2025-12-23T04:50:14.252413,midterm,1
61,Hindi,65.72915522248631,100,65.72915522248631,2025-12-23T04:50:14.252413,midterm,1
61,Mathematics,64.28253002384876,100,64.28253002384876,2026-01-17T04:50:14.252413,midterm,2
61,Science,50.21960313248809,100,50.21960313248809,2026-01-17T04:50:14.252413,midterm,2
61,English,71.28070020255949,100,71.28070020255949,2026-01-17T04:50:14.252413,midterm,2
61,Social Studies,70.27300635369804,100,70.27300635369804,2026-01-17T04:50:14.252413,midterm,2
61,Hindi,85.45071177534189,100,85.45071177534189,2026-01-17T04:50:14.252413,midterm,2
61,Mathematics,60.74038219275727,100,60.74038219275727,2025-12-12T04:50:14.252413,final,3
61,Science,66.00966781892667,100,66.00966781892667,2025-12-12T04:50:14.252413,final,3
61,English,66.31200137939483,100,66.31200137939483,2025-12-12T04:50:14.252413,final,3
61,Social Studies,79.59269733992203,100,79.59269733992203,2025-12-12T04:50:14.252413,final,3
61,Hindi,62.86520921841775,100,62.86520921841775,2025-12-12T04:50:14.252413,final,3
62,Mathematics,38.51939782495797,100,38.51939782495797,2025-10-20T04:50:14.252413,midterm,1
62,Science,41.80814766441997,100,41.80814766441997,2025-10-20T04:50:14.252413,midterm,1
62,English,37.595273798818155,100,37.595273798818155,2025-10-20T04:50:14.252413,midterm,1
62,Social Studies,31.264846421749294,100,31.264846421749294,2025-10-20T04:50:14.252413,midterm,1
62,Hindi,37.670082496237654,100,37.670082496237654,2025-10-20T04:50:14.252413,midterm,1
62,Mathematics,46.4655000658523,100,46.4655000658523,2025-11-25T04:50:14.252413,midterm,2
62,Science,25.464029573143975,100,25.464029573143975,2025-11-25T04:50:14.252413,midterm,2
62,English,37.058879308723334,100,37.058879308723334,2025-11-25T04:50:14.252413,midterm,2
62,Social Studies,28.727974417862843,100,28.727974417862843,2025-11-25T04:50:14.252413,midterm,2
62,Hindi,47.679648856503,100,47.679648856503,2025-11-25T04:50:14.252413,midterm,2
62,Mathematics,20.497313519416828,100,20.497313519416828,2025-10-21T04:50:14.252413,final,3
62,Science,30.13996409453869,100,30.13996409453869,2025-10-21T04:50:14.252413,final,3
62,English,39.50130131789978,100,39.50130131789978,2025-10-21T04:50:14.252413,final,3
62,Social Studies,51.384422859597976,100,51.384422859597976,2025-10-21T04:50:14.252413,final,3
62,Hindi,35.0716799565247,100,35.0716799565247,2025-10-21T04:50:14.252413,final,3
63,Mathematics,40.30180780447775,100,40.30180780447775,2025-10-25T04:50:14.252413,midterm,1
63,Science,64.66537376581563,100,64.66537376581563,2025-10-25T04:50:14.252413,midterm,1
63,English,31.37366406724729,100,31.37366406724729,2025-10-25T04:50:14.252413,midterm,1
63,Social Studies,23.86574350520891,100,23.86574350520891,2025-10-25T04:50:14.252413,midterm,1
63,Hindi,50.25394757194305,100,50.25394757194305,2025-10-25T04:50:14.252413,midterm,1
63,Mathematics,40.83326082788362,100,40.83326082788362,2025-12-12T04:50:14.252413,midterm,2
63,Science,35.641474900102594,100,35.641474900102594,2025-12-12T04:50:14.252413,midterm,2
63,English,52.93736754440326,100,52.93736754440326,2025-12-12T04:50:14.252413,midterm,2
63,Social Studies,48.29181020912172,100,48.29181020912172,2025-12-12T04:50:14.252413,midterm,2
63,Hindi,40.21301676404244,100,40.21301676404244,2025-12-12T04:50:14.252413,midterm,2
63,Mathematics,33.050759084700786,100,33.050759084700786,2025-10-22T04:50:14.252413,final,3
63,Science,54.57837635421117,100,54.57837635421117,2025-10-22T04:50:14.252413,final,3
63,English,52.35581485099634,100,52.35581485099634,2025-10-22T04:50:14.252413,final,3
63,Social Studies,44.8620444336159,100,44.8620444336159,2025-10-22T04:50:14.252413,final,3
63,Hindi,64.32017303188638,100,64.32017303188638,2025-10-22T04:50:14.252413,final,3
64,Mathematics,70.5551662507549,100,70.5551662507549,2026-02-14T04:50:14.252413,midterm,1
64,Science,66.00076220476903,100,66.00076220476903,2026-02-14T04:50:14.252413,midterm,1
64,English,74.33693321520397,100,74.33693321520397,2026-02-14T04:50:14.252413,midterm,1
64,Social Studies,80.80015375046145,100,80.80015375046145,2026-02-14T04:50:14.252413,midterm,1
64,Hindi,83.68940840724333,100,83.68940840724333,2026-02-14T04:50:14.252413,midterm,1
64,Mathematics,78.84365333545313,100,78.84365333545313,2026-01-30T04:50:14.252413,midterm,2
64,Science,84.77656787915939,100,84.77656787915939,2026-01-30T04:50:14.252413,midterm,2
64,English,68.74061967211198,100,68.74061967211198,2026-01-30T04:50:14.252413,midterm,2
64,Social Studies,95.69365995474902,100,95.69365995474902,2026-01-30T04:50:14.252413,midterm,2
64,Hindi,80.43450213009073,100,80.43450213009073,2026-01-30T04:50:14.252413,midterm,2
64,Mathematics,92.4289722298977,100,92.4289722298977,2025-09-28T04:50:14.252413,final,3
64,Science,84.68326737779346,100,84.68326737779346,2025-09-28T04:50:14.252413,final,3
64,English,85.82354610555426,100,85.82354610555426,2025-09-28T04:50:14.252413,final,3
64,Social Studies,86.95368671633847,100,86.95368671633847,2025-09-28T04:50:14.252413,final,3
64,Hindi,85.73309951418958,100,85.73309951418958,2025-09-28T04:50:14.252413,final,3
65,Mathematics,75.70995420555792,100,75.70995420555792,2026-03-06T04:50:14.252413,midterm,1
65,Science,82.57425190820679,100,82.57425190820679,2026-03-06T04:50:14.252413,midterm,1
65,English,71.24793830389717,100,71.24793830389717,2026-03-06T04:50:14.252413,midterm,1
65,Social Studies,76.3727641827676,100,76.3727641827676,2026-03-06T04:50:14.252413,midterm,1
65,Hindi,68.38536966401021,100,68.38536966401021,2026-03-06T04:50:14.252413,midterm,1
65,Mathematics,83.68389876137721,100,83.68389876137721,2025-11-25T04:50:14.252413,midterm,2
65,Science,62.51880358628978,100,62.51880358628978,2025-11-25T04:50:14.252413,midterm,2
65,English,87.29213093599063,100,87.29213093599063,2025-11-25T04:50:14.252413,midterm,2
65,Social Studies,68.88114710043904,100,68.88114710043904,2025-11-25T04:50:14.252413,midterm,2
65,Hindi,54.974975585702,100,54.974975585702,2025-11-25T04:50:14.252413,midterm,2
65,Mathematics,70.56377075599038,100,70.56377075599038,2025-12-11T04:50:14.252413,final,3
65,Science,62.47221003213367,100,62.47221003213367,2025-12-11T04:50:14.252413,final,3
65,English,77.68916209676972,100,77.68916209676972,2025-12-11T04:50:14.252413,final,3
65,Social Studies,62.756486813858565,100,62.756486813858565,2025-12-11T04:50:14.252413,final,3
65,Hindi,64.82089227473467,100,64.82089227473467,2025-12-11T04:50:14.252413,final,3
66,Mathematics,14.123133489061772,100,14.123133489061772,2026-02-17T04:50:14.252413,midterm,1
66,Science,28.495477606026313,100,28.495477606026313,2026-02-17T04:50:14.252413,midterm,1
66,English,8.779747532227514,100,8.779747532227514,2026-02-17T04:50:14.252413,midterm,1
66,Social Studies,17.17951256365985,100,17.17951256365985,2026-02-17T04:50:14.252413,midterm,1
66,Hindi,40.622687359960054,100,40.622687359960054,2026-02-17T04:50:14.252413,midterm,1
66,Mathematics,40.8765423850254,100,40.8765423850254,2025-12-16T04:50:14.252413,midterm,2
66,Science,37.273116416366726,100,37.273116416366726,2025-12-16T04:50:14.252413,midterm,2
66,English,23.34877936722495,100,23.34877936722495,2025-12-16T04:50:14.252413,midterm,2
66,Social Studies,32.54142723709728,100,32.54142723709728,2025-12-16T04:50:14.252413,midterm,2
66,Hindi,32.982515407611395,100,32.982515407611395,2025-12-16T04:50:14.252413,midterm,2
66,Mathematics,21.434893906591654,100,21.434893906591654,2025-09-29T04:50:14.252413,final,3
66,Science,48.05252381618858,100,48.05252381618858,2025-09-29T04:50:14.252413,final,3
66,English,41.79216370427379,100,41.79216370427379,2025-09-29T04:50:14.252413,final,3
66,Social Studies,30.80889906022044,100,30.80889906022044,2025-09-29T04:50:14.252413,final,3
66,Hindi,33.28739918846239,100,33.28739918846239,2025-09-29T04:50:14.252413,final,3
67,Mathematics,71.46372059020715,100,71.46372059020715,2025-10-20T04:50:14.252413,midterm,1
67,Science,48.96254382648871,100,48.96254382648871,2025-10-20T04:50:14.252413,midterm,1
67,English,66.90811868552565,100,66.90811868552565,2025-10-20T04:50:14.252413,midterm,1
67,Social Studies,62.56005003075364,100,62.56005003075364,2025-10-20T04:50:14.252413,midterm,1
67,Hindi,59.363692411782466,100,59.363692411782466,2025-10-20T04:50:14.252413,midterm,1
67,Mathematics,66.56888958187207,100,66.56888958187207,2025-10-08T04:50:14.252413,midterm,2
67,Science,87.35675777922685,100,87.35675777922685,2025-10-08T04:50:14.252413,midterm,2
67,English,75.78832112340172,100,75.78832112340172,2025-10-08T04:50:14.252413,midterm,2
67,Social Studies,63.66810261290365,100,63.66810261290365,2025-10-08T04:50:14.252413,midterm,2
67,Hindi,75.1057203242932,100,75.1057203242932,2025-10-08T04:50:14.252413,midterm,2
67,Mathematics,83.37344687659164,100,83.37344687659164,2026-01-28T04:50:14.252413,final,3
67,Science,78.62622933985931,100,78.62622933985931,2026-01-28T04:50:14.252413,final,3
67,English,69.97619620993336,100,69.97619620993336,2026-01-28T04:50:14.252413,final,3
67,Social Studies,62.910524733675885,100,62.910524733675885,2026-01-28T04:50:14.252413,final,3
67,Hindi,76.36212564686753,100,76.36212564686753,2026-01-28T04:50:14.252413,final,3
68,Mathematics,74.79322657165007,100,74.79322657165007,2025-10-28T04:50:14.252413,midterm,1
68,Science,79.8103049177099,100,79.8103049177099,2025-10-28T04:50:14.252413,midterm,1
68,English,77.21009073425226,100,77.21009073425226,2025-10-28T04:50:14.252413,midterm,1
68,Social Studies,81.35389987062592,100,81.35389987062592,2025-10-28T04:50:14.252413,midterm,1
68,Hindi,65.50602060182689,100,65.50602060182689,2025-10-28T04:50:14.252413,midterm,1
68,Mathematics,84.03231337377584,100,84.03231337377584,2025-11-20T04:50:14.252413,midterm,2
68,Science,72.83436876435657,100,72.83436876435657,2025-11-20T04:50:14.252413,midterm,2
68,English,91.61098144368523,100,91.61098144368523,2025-11-20T04:50:14.252413,midterm,2
68,Social Studies,63.96649453653689,100,63.96649453653689,2025-11-20T04:50:14.252413,midterm,2
68,Hindi,88.21801074908507,100,88.21801074908507,2025-11-20T04:50:14.252413,midterm,2
68,Mathematics,72.83748055205905,100,72.83748055205905,2025-11-20T04:50:14.253424,final,3
68,Science,64.34419268128809,100,64.34419268128809,2025-11-20T04:50:14.253424,final,3
68,English,66.01951437688936,100,66.01951437688936,2025-11-20T04:50:14.253424,final,3
68,Social Studies,67.65489963548937,100,67.65489963548937,2025-11-20T04:50:14.253424,final,3
68,Hindi,75.10003218145174,100,75.10003218145174,2025-11-20T04:50:14.253424,final,3
69,Mathematics,80.21109307177791,100,80.21109307177791,2026-02-24T04:50:14.253424,midterm,1
69,Science,69.24573815203712,100,69.24573815203712,2026-02-24T04:50:14.253424,midterm,1
69,English,74.73919226881308,100,74.73919226881308,2026-02-24T04:50:14.253424,midterm,1
69,Social Studies,96.40544177754154,100,96.40544177754154,2026-02-24T04:50:14.253424,midterm,1
69,Hindi,92.25816989243003,100,92.25816989243003,2026-02-24T04:50:14.253424,midterm,1
69,Mathematics,79.34597488816323,100,79.34597488816323,2025-10-09T04:50:14.253424,midterm,2
69,Science,75.36277297310491,100,75.36277297310491,2025-10-09T04:50:14.253424,midterm,2
69,English,76.18305145860552,100,76.18305145860552,2025-10-09T04:50:14.253424,midterm,2
69,Social Studies,81.11791791872707,100,81.11791791872707,2025-10-09T04:50:14.253424,midterm,2
69,Hindi,64.75481253943886,100,64.75481253943886,2025-10-09T04:50:14.253424,midterm,2
69,Mathematics,72.40897281718946,100,72.40897281718946,2025-12-14T04:50:14.253424,final,3
69,Science,58.296897452647016,100,58.296897452647016,2025-12-14T04:50:14.253424,final,3
69,English,78.9749694174757,100,78.9749694174757,2025-12-14T04:50:14.253424,final,3
69,Social Studies,81.45469758845032,100,81.45469758845032,2025-12-14T04:50:14.253424,final,3
69,Hindi,70.15087356842918,100,70.15087356842918,2025-12-14T04:50:14.253424,final,3
70,Mathematics,100.0,100,100.0,2025-12-05T04:50:14.253424,midterm,1
70,Science,78.10141881120481,100,78.10141881120481,2025-12-05T04:50:14.253424,midterm,1
70,English,75.71532663913001,100,75.71532663913001,2025-12-05T04:50:14.253424,midterm,1
70,Social Studies,92.60359362682793,100,92.60359362682793,2025-12-05T04:50:14.253424,midterm,1
70,Hindi,100.0,100,100.0,2025-12-05T04:50:14.253424,midterm,1
70,Mathematics,100.0,100,100.0,2026-01-26T04:50:14.253424,midterm,2
70,Science,85.77023281253881,100,85.77023281253881,2026-01-26T04:50:14.253424,midterm,2
70,English,100.0,100,100.0,2026-01-26T04:50:14.253424,midterm,2
70,Social Studies,89.97399074622115,100,89.97399074622115,2026-01-26T04:50:14.253424,midterm,2
70,Hindi,88.63280244182002,100,88.63280244182002,2026-01-26T04:50:14.253424,midterm,2
70,Mathematics,99.19567481609494,100,99.19567481609494,2025-12-11T04:50:14.253424,final,3
70,Science,96.8823042253624,100,96.8823042253624,2025-12-11T04:50:14.253424,final,3
70,English,74.59515387138572,100,74.59515387138572,2025-12-11T04:50:14.253424,final,3
70,Social Studies,100.0,100,100.0,2025-12-11T04:50:14.253424,final,3
70,Hindi,100.0,100,100.0,2025-12-11T04:50:14.253424,final,3
71,Mathematics,60.734546485609705,100,60.734546485609705,2025-10-30T04:50:14.253424,midterm,1
71,Science,70.94820883507909,100,70.94820883507909,2025-10-30T04:50:14.253424,midterm,1
71,English,71.93047536353238,100,71.93047536353238,2025-10-30T04:50:14.253424,midterm,1
71,Social Studies,69.59691115894407,100,69.59691115894407,2025-10-30T04:50:14.253424,midterm,1
71,Hindi,61.4871219622508,100,61.4871219622508,2025-10-30T04:50:14.253424,midterm,1
71,Mathematics,60.27393982132448,100,60.27393982132448,2026-01-16T04:50:14.253424,midterm,2
71,Science,66.73463279079054,100,66.73463279079054,2026-01-16T04:50:14.253424,midterm,2
71,English,78.71746369329864,100,78.71746369329864,2026-01-16T04:50:14.253424,midterm,2
71,Social Studies,72.42617504664932,100,72.42617504664932,2026-01-16T04:50:14.253424,midterm,2
71,Hindi,63.28403017984394,100,63.28403017984394,2026-01-16T04:50:14.253424,midterm,2
71,Mathematics,74.70716060718844,100,74.70716060718844,2025-09-25T04:50:14.253424,final,3
71,Science,38.50474729440424,100,38.50474729440424,2025-09-25T04:50:14.253424,final,3
71,English,78.47783050442604,100,78.47783050442604,2025-09-25T04:50:14.253424,final,3
71,Social Studies,49.59303571292401,100,49.59303571292401,2025-09-25T04:50:14.253424,final,3
71,Hindi,63.36576408667368,100,63.36576408667368,2025-09-25T04:50:14.253424,final,3
72,Mathematics,37.572082425768656,100,37.572082425768656,2025-10-16T04:50:14.253424,midterm,1
72,Science,35.82196661482104,100,35.82196661482104,2025-10-16T04:50:14.253424,midterm,1
72,English,60.377049245815286,100,60.377049245815286,2025-10-16T04:50:14.253424,midterm,1
72,Social Studies,44.09176935891118,100,44.09176935891118,2025-10-16T04:50:14.253424,midterm,1
72,Hindi,52.23382018933725,100,52.23382018933725,2025-10-16T04:50:14.253424,midterm,1
72,Mathematics,48.29957558323825,100,48.29957558323825,2025-10-04T04:50:14.253424,midterm,2
72,Science,53.539189644261306,100,53.539189644261306,2025-10-04T04:50:14.253424,midterm,2
72,English,49.53700028263265,100,49.53700028263265,2025-10-04T04:50:14.253424,midterm,2
72,Social Studies,35.938859130144394,100,35.938859130144394,2025-10-04T04:50:14.253424,midterm,2
72,Hindi,58.73144956650149,100,58.73144956650149,2025-10-04T04:50:14.253424,midterm,2
72,Mathematics,43.83121554041696,100,43.83121554041696,2025-12-08T04:50:14.253424,final,3
72,Science,33.202962385432585,100,33.202962385432585,2025-12-08T04:50:14.253424,final,3
72,English,44.487629762370965,100,44.487629762370965,2025-12-08T04:50:14.253424,final,3
72,Social Studies,63.7763792783732,100,63.7763792783732,2025-12-08T04:50:14.253424,final,3
72,Hindi,57.27099879316502,100,57.27099879316502,2025-12-08T04:50:14.253424,final,3
73,Mathematics,52.44909415953975,100,52.44909415953975,2025-11-26T04:50:14.253424,midterm,1
73,Science,52.443038460434046,100,52.443038460434046,2025-11-26T04:50:14.253424,midterm,1
73,English,52.71926499144451,100,52.71926499144451,2025-11-26T04:50:14.253424,midterm,1
73,Social Studies,76.70309533922675,100,76.70309533922675,2025-11-26T04:50:14.253424,midterm,1
73,Hindi,59.75497002593387,100,59.75497002593387,2025-11-26T04:50:14.253424,midterm,1
73,Mathematics,60.23603197552903,100,60.23603197552903,2026-01-15T04:50:14.253424,midterm,2
73,Science,66.23845004393675,100,66.23845004393675,2026-01-15T04:50:14.253424,midterm,2
73,English,58.32350709388347,100,58.32350709388347,2026-01-15T04:50:14.253424,midterm,2
73,Social Studies,53.345194045411304,100,53.345194045411304,2026-01-15T04:50:14.253424,midterm,2
73,Hindi,53.97211701276856,100,53.97211701276856,2026-01-15T04:50:14.253424,midterm,2
73,Mathematics,55.2196029094777,100,55.2196029094777,2025-11-08T04:50:14.253424,final,3
73,Science,55.56339313851992,100,55.56339313851992,2025-11-08T04:50:14.253424,final,3
73,English,63.21191093998814,100,63.21191093998814,2025-11-08T04:50:14.253424,final,3
73,Social Studies,56.45507436169133,100,56.45507436169133,2025-11-08T04:50:14.253424,final,3
73,Hindi,63.26201627577413,100,63.26201627577413,2025-11-08T04:50:14.253424,final,3
74,Mathematics,40.45390738814028,100,40.45390738814028,2026-01-11T04:50:14.253424,midterm,1
74,Science,42.04742509238701,100,42.04742509238701,2026-01-11T04:50:14.253424,midterm,1
74,English,21.279066343905026,100,21.279066343905026,2026-01-11T04:50:14.253424,midterm,1
74,Social Studies,50.42434993625092,100,50.42434993625092,2026-01-11T04:50:14.253424,midterm,1
74,Hindi,44.72595794820603,100,44.72595794820603,2026-01-11T04:50:14.253424,midterm,1
74,Mathematics,51.24117428782262,100,51.24117428782262,2025-10-24T04:50:14.253424,midterm,2
74,Science,12.29851940728921,100,12.29851940728921,2025-10-24T04:50:14.253424,midterm,2
74,English,62.14482023703338,100,62.14482023703338,2025-10-24T04:50:14.253424,midterm,2
74,Social Studies,39.86517690767437,100,39.86517690767437,2025-10-24T04:50:14.253424,midterm,2
74,Hindi,52.34290135660127,100,52.34290135660127,2025-10-24T04:50:14.253424,midterm,2
74,Mathematics,30.862013917970792,100,30.862013917970792,2026-02-27T04:50:14.253424,final,3
74,Science,47.3888122398518,100,47.3888122398518,2026-02-27T04:50:14.253424,final,3
74,English,30.726917557489543,100,30.726917557489543,2026-02-27T04:50:14.253424,final,3
74,Social Studies,35.02338358226805,100,35.02338358226805,2026-02-27T04:50:14.253424,final,3
74,Hindi,60.401386727893964,100,60.401386727893964,2026-02-27T04:50:14.253424,final,3
75,Mathematics,75.07088787758077,100,75.07088787758077,2025-09-24T04:50:14.253424,midterm,1
75,Science,79.15204061701147,100,79.15204061701147,2025-09-24T04:50:14.253424,midterm,1
75,English,85.67838919210178,100,85.67838919210178,2025-09-24T04:50:14.253424,midterm,1
75,Social Studies,81.93453076494028,100,81.93453076494028,2025-09-24T04:50:14.253424,midterm,1
75,Hindi,78.48190093664999,100,78.48190093664999,2025-09-24T04:50:14.253424,midterm,1
75,Mathematics,80.62732190987649,100,80.62732190987649,2025-09-22T04:50:14.253424,midterm,2
75,Science,100.0,100,100.0,2025-09-22T04:50:14.253424,midterm,2
75,English,76.40152391487838,100,76.40152391487838,2025-09-22T04:50:14.253424,midterm,2
75,Social Studies,78.9887023523639,100,78.9887023523639,2025-09-22T04:50:14.253424,midterm,2
75,Hindi,87.48425584529035,100,87.48425584529035,2025-09-22T04:50:14.253424,midterm,2
75,Mathematics,88.03297121479407,100,88.03297121479407,2025-11-03T04:50:14.253424,final,3
75,Science,88.84801494081803,100,88.84801494081803,2025-11-03T04:50:14.253424,final,3
75,English,83.36501410550608,100,83.36501410550608,2025-11-03T04:50:14.253424,final,3
75,Social Studies,65.54766275790939,100,65.54766275790939,2025-11-03T04:50:14.253424,final,3
75,Hindi,93.31202720822519,100,93.31202720822519,2025-11-03T04:50:14.253424,final,3
76,Mathematics,20.78520719207566,100,20.78520719207566,2026-01-21T04:50:14.253424,midterm,1
76,Science,35.27501577465287,100,35.27501577465287,2026-01-21T04:50:14.253424,midterm,1
76,English,24.70590262206896,100,24.70590262206896,2026-01-21T04:50:14.253424,midterm,1
76,Social Studies,31.607277656332613,100,31.607277656332613,2026-01-21T04:50:14.253424,midterm,1
76,Hindi,35.53628522529734,100,35.53628522529734,2026-01-21T04:50:14.253424,midterm,1
76,Mathematics,35.46223327676527,100,35.46223327676527,2025-11-17T04:50:14.253424,midterm,2
76,Science,36.46786866461539,100,36.46786866461539,2025-11-17T04:50:14.253424,midterm,2
76,English,48.38577381284901,100,48.38577381284901,2025-11-17T04:50:14.253424,midterm,2
76,Social Studies,36.784004137402334,100,36.784004137402334,2025-11-17T04:50:14.253424,midterm,2
76,Hindi,29.807094769356052,100,29.807094769356052,2025-11-17T04:50:14.253424,midterm,2
76,Mathematics,41.88953280514611,100,41.88953280514611,2025-11-26T04:50:14.253424,final,3
76,Science,44.143366011508945,100,44.143366011508945,2025-11-26T04:50:14.253424,final,3
76,English,19.972582970892617,100,19.972582970892617,2025-11-26T04:50:14.253424,final,3
76,Social Studies,38.22266182076112,100,38.22266182076112,2025-11-26T04:50:14.253424,final,3
76,Hindi,39.26038854537153,100,39.26038854537153,2025-11-26T04:50:14.253424,final,3
77,Mathematics,55.293624068330324,100,55.293624068330324,2025-09-29T04:50:14.253424,midterm,1
77,Science,72.02632723504644,100,72.02632723504644,2025-09-29T04:50:14.253424,midterm,1
77,English,56.76870323160498,100,56.76870323160498,2025-09-29T04:50:14.253424,midterm,1
77,Social Studies,59.52502363664567,100,59.52502363664567,2025-09-29T04:50:14.253424,midterm,1
77,Hindi,56.53854085909155,100,56.53854085909155,2025-09-29T04:50:14.253424,midterm,1
77,Mathematics,58.42504957774492,100,58.42504957774492,2026-03-05T04:50:14.253424,midterm,2
77,Science,47.30650823297823,100,47.30650823297823,2026-03-05T04:50:14.253424,midterm,2
77,English,43.8687502759873,100,43.8687502759873,2026-03-05T04:50:14.253424,midterm,2
77,Social Studies,74.21430973417996,100,74.21430973417996,2026-03-05T04:50:14.253424,midterm,2
77,Hindi,49.799645618746965,100,49.799645618746965,2026-03-05T04:50:14.253424,midterm,2
77,Mathematics,48.355335607367174,100,48.355335607367174,2025-11-08T04:50:14.253424,final,3
77,Science,36.7353579658931,100,36.7353579658931,2025-11-08T04:50:14.253424,final,3
77,English,51.87964162503522,100,51.87964162503522,2025-11-08T04:50:14.253424,final,3
77,Social Studies,45.038361167855264,100,45.038361167855264,2025-11-08T04:50:14.253424,final,3
77,Hindi,74.68941070329393,100,74.68941070329393,2025-11-08T04:50:14.253424,final,3
78,Mathematics,73.34478191633025,100,73.34478191633025,2025-12-23T04:50:14.253424,midterm,1
78,Science,56.36510757112667,100,56.36510757112667,2025-12-23T04:50:14.253424,midterm,1
78,English,85.770969076347,100,85.770969076347,2025-12-23T04:50:14.253424,midterm,1
78,Social Studies,73.06426589281985,100,73.06426589281985,2025-12-23T04:50:14.253424,midterm,1
78,Hindi,59.998297187817684,100,59.998297187817684,2025-12-23T04:50:14.253424,midterm,1
78,Mathematics,38.25255387416817,100,38.25255387416817,2026-01-08T04:50:14.253424,midterm,2
78,Science,86.15603674881132,100,86.15603674881132,2026-01-08T04:50:14.253424,midterm,2
78,English,49.350886355267946,100,49.350886355267946,2026-01-08T04:50:14.253424,midterm,2
78,Social Studies,46.79262355333499,100,46.79262355333499,2026-01-08T04:50:14.253424,midterm,2
78,Hindi,73.4723153430003,100,73.4723153430003,2026-01-08T04:50:14.253424,midterm,2
78,Mathematics,87.64413508629664,100,87.64413508629664,2026-01-05T04:50:14.253424,final,3
78,Science,77.0893392080091,100,77.0893392080091,2026-01-05T04:50:14.253424,final,3
78,English,68.8857022234275,100,68.8857022234275,2026-01-05T04:50:14.253424,final,3
78,Social Studies,69.19415443955677,100,69.19415443955677,2026-01-05T04:50:14.253424,final,3
78,Hindi,71.78076661070699,100,71.78076661070699,2026-01-05T04:50:14.253424,final,3
79,Mathematics,73.77425658157398,100,73.77425658157398,2025-10-29T04:50:14.253424,midterm,1
79,Science,68.99688492340009,100,68.99688492340009,2025-10-29T04:50:14.253424,midterm,1
79,English,67.22698172322508,100,67.22698172322508,2025-10-29T04:50:14.253424,midterm,1
79,Social Studies,65.5590394047111,100,65.5590394047111,2025-10-29T04:50:14.253424,midterm,1
79,Hindi,58.64532479503956,100,58.64532479503956,2025-10-29T04:50:14.253424,midterm,1
79,Mathematics,63.378219915038585,100,63.378219915038585,2026-01-17T04:50:14.254414,midterm,2
79,Science,49.255402541752474,100,49.255402541752474,2026-01-17T04:50:14.254414,midterm,2
79,English,65.20157441575883,100,65.20157441575883,2026-01-17T04:50:14.254414,midterm,2
79,Social Studies,56.299059612197155,100,56.299059612197155,2026-01-17T04:50:14.254414,midterm,2
79,Hindi,55.14907751154861,100,55.14907751154861,2026-01-17T04:50:14.254414,midterm,2
79,Mathematics,67.9839121952411,100,67.9839121952411,2025-12-30T04:50:14.254414,final,3
79,Science,80.10499354715232,100,80.10499354715232,2025-12-30T04:50:14.254414,final,3
79,English,75.36813674372945,100,75.36813674372945,2025-12-30T04:50:14.254414,final,3
79,Social Studies,50.47996464747455,100,50.47996464747455,2025-12-30T04:50:14.254414,final,3
79,Hindi,56.28868931800295,100,56.28868931800295,2025-12-30T04:50:14.254414,final,3
80,Mathematics,87.96890253675602,100,87.96890253675602,2025-10-28T04:50:14.254414,midterm,1
80,Science,68.73631672149077,100,68.73631672149077,2025-10-28T04:50:14.254414,midterm,1
80,English,76.31485915690362,100,76.31485915690362,2025-10-28T04:50:14.254414,midterm,1
80,Social Studies,84.06171164711938,100,84.06171164711938,2025-10-28T04:50:14.254414,midterm,1
80,Hindi,68.87774610823752,100,68.87774610823752,2025-10-28T04:50:14.254414,midterm,1
80,Mathematics,79.61494571833346,100,79.61494571833346,2026-01-15T04:50:14.254414,midterm,2
80,Science,65.22093570769182,100,65.22093570769182,2026-01-15T04:50:14.254414,midterm,2
80,English,72.54751421736172,100,72.54751421736172,2026-01-15T04:50:14.254414,midterm,2
80,Social Studies,81.75900999829923,100,81.75900999829923,2026-01-15T04:50:14.254414,midterm,2
80,Hindi,62.63125332155717,100,62.63125332155717,2026-01-15T04:50:14.254414,midterm,2
80,Mathematics,82.96593803647785,100,82.96593803647785,2026-03-11T04:50:14.254414,final,3
80,Science,78.36481266760705,100,78.36481266760705,2026-03-11T04:50:14.254414,final,3
80,English,84.08609020104534,100,84.08609020104534,2026-03-11T04:50:14.254414,final,3
80,Social Studies,80.80033199752047,100,80.80033199752047,2026-03-11T04:50:14.254414,final,3
80,Hindi,92.2025949566123,100,92.2025949566123,2026-03-11T04:50:14.254414,final,3
81,Mathematics,45.768701442413835,100,45.768701442413835,2026-02-12T04:50:14.254414,midterm,1
81,Science,40.22240100468223,100,40.22240100468223,2026-02-12T04:50:14.254414,midterm,1
81,English,45.7394314462576,100,45.7394314462576,2026-02-12T04:50:14.254414,midterm,1
81,Social Studies,49.94943670629864,100,49.94943670629864,2026-02-12T04:50:14.254414,midterm,1
81,Hindi,45.005057119191804,100,45.005057119191804,2026-02-12T04:50:14.254414,midterm,1
81,Mathematics,44.92237332797359,100,44.92237332797359,2026-01-27T04:50:14.254414,midterm,2
81,Science,37.49653953786721,100,37.49653953786721,2026-01-27T04:50:14.254414,midterm,2
81,English,37.88744724042528,100,37.88744724042528,2026-01-27T04:50:14.254414,midterm,2
81,Social Studies,30.49040369793783,100,30.49040369793783,2026-01-27T04:50:14.254414,midterm,2
81,Hindi,62.01222384780415,100,62.01222384780415,2026-01-27T04:50:14.254414,midterm,2
81,Mathematics,32.07782406202191,100,32.07782406202191,2025-12-16T04:50:14.254414,final,3
81,Science,37.58740443797569,100,37.58740443797569,2025-12-16T04:50:14.254414,final,3
81,English,37.33238376024279,100,37.33238376024279,2025-12-16T04:50:14.254414,final,3
81,Social Studies,53.46570018537918,100,53.46570018537918,2025-12-16T04:50:14.254414,final,3
81,Hindi,41.566959633014484,100,41.566959633014484,2025-12-16T04:50:14.254414,final,3
82,Mathematics,93.70043494613196,100,93.70043494613196,2025-10-19T04:50:14.254414,midterm,1
82,Science,74.48810797695594,100,74.48810797695594,2025-10-19T04:50:14.254414,midterm,1
82,English,84.01295584163265,100,84.01295584163265,2025-10-19T04:50:14.254414,midterm,1
82,Social Studies,72.86954368679706,100,72.86954368679706,2025-10-19T04:50:14.254414,midterm,1
82,Hindi,100.0,100,100.0,2025-10-19T04:50:14.254414,midterm,1
82,Mathematics,69.3470300290995,100,69.3470300290995,2025-12-28T04:50:14.254414,midterm,2
82,Science,84.32122132166491,100,84.32122132166491,2025-12-28T04:50:14.254414,midterm,2
82,English,87.56078302871562,100,87.56078302871562,2025-12-28T04:50:14.254414,midterm,2
82,Social Studies,85.3610051939096,100,85.3610051939096,2025-12-28T04:50:14.254414,midterm,2
82,Hindi,79.37013763061755,100,79.37013763061755,2025-12-28T04:50:14.254414,midterm,2
82,Mathematics,79.92480722206037,100,79.92480722206037,2025-12-10T04:50:14.254414,final,3
82,Science,81.66112893918573,100,81.66112893918573,2025-12-10T04:50:14.254414,final,3
82,English,79.75299420310974,100,79.75299420310974,2025-12-10T04:50:14.254414,final,3
82,Social Studies,90.86180538734372,100,90.86180538734372,2025-12-10T04:50:14.254414,final,3
82,Hindi,100.0,100,100.0,2025-12-10T04:50:14.254414,final,3
83,Mathematics,79.07479051953541,100,79.07479051953541,2025-12-26T04:50:14.254414,midterm,1
83,Science,70.95167857382297,100,70.95167857382297,2025-12-26T04:50:14.254414,midterm,1
83,English,83.7668878861012,100,83.7668878861012,2025-12-26T04:50:14.254414,midterm,1
83,Social Studies,100.0,100,100.0,2025-12-26T04:50:14.254414,midterm,1
83,Hindi,76.61296268991644,100,76.61296268991644,2025-12-26T04:50:14.254414,midterm,1
83,Mathematics,100.0,100,100.0,2026-01-09T04:50:14.254414,midterm,2
83,Science,100.0,100,100.0,2026-01-09T04:50:14.254414,midterm,2
83,English,79.1138259525338,100,79.1138259525338,2026-01-09T04:50:14.254414,midterm,2
83,Social Studies,90.3395391614665,100,90.3395391614665,2026-01-09T04:50:14.254414,midterm,2
83,Hindi,100.0,100,100.0,2026-01-09T04:50:14.254414,midterm,2
83,Mathematics,80.85843095973888,100,80.85843095973888,2026-02-21T04:50:14.254414,final,3
83,Science,82.61390476859013,100,82.61390476859013,2026-02-21T04:50:14.254414,final,3
83,English,78.83289923012731,100,78.83289923012731,2026-02-21T04:50:14.254414,final,3
83,Social Studies,74.50214106268508,100,74.50214106268508,2026-02-21T04:50:14.254414,final,3
83,Hindi,78.15693291895367,100,78.15693291895367,2026-02-21T04:50:14.254414,final,3
84,Mathematics,68.12760790327656,100,68.12760790327656,2026-01-15T04:50:14.254414,midterm,1
84,Science,80.70784525349139,100,80.70784525349139,2026-01-15T04:50:14.254414,midterm,1
84,English,72.66727826031271,100,72.66727826031271,2026-01-15T04:50:14.254414,midterm,1
84,Social Studies,82.7048696888066,100,82.7048696888066,2026-01-15T04:50:14.254414,midterm,1
84,Hindi,64.80805410886285,100,64.80805410886285,2026-01-15T04:50:14.254414,midterm,1
84,Mathematics,83.6758128930437,100,83.6758128930437,2025-11-07T04:50:14.254414,midterm,2
84,Science,88.70230018698837,100,88.70230018698837,2025-11-07T04:50:14.254414,midterm,2
84,English,60.42965414518457,100,60.42965414518457,2025-11-07T04:50:14.254414,midterm,2
84,Social Studies,84.10757626937485,100,84.10757626937485,2025-11-07T04:50:14.254414,midterm,2
84,Hindi,92.64370049563205,100,92.64370049563205,2025-11-07T04:50:14.254414,midterm,2
84,Mathematics,68.27060038398707,100,68.27060038398707,2025-12-30T04:50:14.254414,final,3
84,Science,97.09273443927616,100,97.09273443927616,2025-12-30T04:50:14.254414,final,3
84,English,84.55720066455957,100,84.55720066455957,2025-12-30T04:50:14.254414,final,3
84,Social Studies,73.31689201331504,100,73.31689201331504,2025-12-30T04:50:14.254414,final,3
84,Hindi,79.80931979432206,100,79.80931979432206,2025-12-30T04:50:14.254414,final,3
85,Mathematics,99.89436118956816,100,99.89436118956816,2026-02-24T04:50:14.254414,midterm,1
85,Science,95.07114597847504,100,95.07114597847504,2026-02-24T04:50:14.254414,midterm,1
85,English,99.69865198881462,100,99.69865198881462,2026-02-24T04:50:14.254414,midterm,1
85,Social Studies,85.10435613355727,100,85.10435613355727,2026-02-24T04:50:14.254414,midterm,1
85,Hindi,96.0047003047117,100,96.0047003047117,2026-02-24T04:50:14.254414,midterm,1
85,Mathematics,80.17394709530113,100,80.17394709530113,2026-02-07T04:50:14.254414,midterm,2
85,Science,93.19883145086392,100,93.19883145086392,2026-02-07T04:50:14.254414,midterm,2
85,English,85.27201564970304,100,85.27201564970304,2026-02-07T04:50:14.254414,midterm,2
85,Social Studies,86.95579263845326,100,86.95579263845326,2026-02-07T04:50:14.254414,midterm,2
85,Hindi,100.0,100,100.0,2026-02-07T04:50:14.254414,midterm,2
85,Mathematics,100.0,100,100.0,2025-09-22T04:50:14.254414,final,3
85,Science,100.0,100,100.0,2025-09-22T04:50:14.254414,final,3
85,English,83.38796441762514,100,83.38796441762514,2025-09-22T04:50:14.254414,final,3
85,Social Studies,91.14700756740291,100,91.14700756740291,2025-09-22T04:50:14.254414,final,3
85,Hindi,100.0,100,100.0,2025-09-22T04:50:14.254414,final,3
86,Mathematics,86.3579170146215,100,86.3579170146215,2025-09-27T04:50:14.254414,midterm,1
86,Science,100.0,100,100.0,2025-09-27T04:50:14.254414,midterm,1
86,English,88.87392627216617,100,88.87392627216617,2025-09-27T04:50:14.254414,midterm,1
86,Social Studies,86.86123904312277,100,86.86123904312277,2025-09-27T04:50:14.254414,midterm,1
86,Hindi,81.84958323619745,100,81.84958323619745,2025-09-27T04:50:14.254414,midterm,1
86,Mathematics,86.27615692604527,100,86.27615692604527,2025-10-24T04:50:14.254414,midterm,2
86,Science,83.41604951441701,100,83.41604951441701,2025-10-24T04:50:14.254414,midterm,2
86,English,92.02183464510836,100,92.02183464510836,2025-10-24T04:50:14.254414,midterm,2
86,Social Studies,94.5077710461683,100,94.5077710461683,2025-10-24T04:50:14.254414,midterm,2
86,Hindi,77.08085327314296,100,77.08085327314296,2025-10-24T04:50:14.254414,midterm,2
86,Mathematics,71.62841834264466,100,71.62841834264466,2026-02-06T04:50:14.254414,final,3
86,Science,66.57869414718948,100,66.57869414718948,2026-02-06T04:50:14.254414,final,3
86,English,90.0206611473479,100,90.0206611473479,2026-02-06T04:50:14.254414,final,3
86,Social Studies,73.90708181648372,100,73.90708181648372,2026-02-06T04:50:14.254414,final,3
86,Hindi,63.41184194869763,100,63.41184194869763,2026-02-06T04:50:14.254414,final,3
87,Mathematics,67.17501334626655,100,67.17501334626655,2025-10-02T04:50:14.254414,midterm,1
87,Science,88.21922247528482,100,88.21922247528482,2025-10-02T04:50:14.254414,midterm,1
87,English,63.228518185557974,100,63.228518185557974,2025-10-02T04:50:14.254414,midterm,1
87,Social Studies,71.67413504547332,100,71.67413504547332,2025-10-02T04:50:14.254414,midterm,1
87,Hindi,64.10752088643255,100,64.10752088643255,2025-10-02T04:50:14.254414,midterm,1
87,Mathematics,62.30033076904548,100,62.30033076904548,2026-03-02T04:50:14.254414,midterm,2
87,Science,72.4799921308346,100,72.4799921308346,2026-03-02T04:50:14.254414,midterm,2
87,English,60.38648185907039,100,60.38648185907039,2026-03-02T04:50:14.254414,midterm,2
87,Social Studies,65.96315044167594,100,65.96315044167594,2026-03-02T04:50:14.254414,midterm,2
87,Hindi,66.50620536291704,100,66.50620536291704,2026-03-02T04:50:14.254414,midterm,2
87,Mathematics,56.60832276452642,100,56.60832276452642,2025-10-31T04:50:14.254414,final,3
87,Science,73.20965079632214,100,73.20965079632214,2025-10-31T04:50:14.254414,final,3
87,English,61.53962973400282,100,61.53962973400282,2025-10-31T04:50:14.254414,final,3
87,Social Studies,55.731775706028465,100,55.731775706028465,2025-10-31T04:50:14.254414,final,3
87,Hindi,68.65432573666095,100,68.65432573666095,2025-10-31T04:50:14.254414,final,3
88,Mathematics,65.53411106672087,100,65.53411106672087,2025-09-30T04:50:14.254414,midterm,1
88,Science,74.80060245832253,100,74.80060245832253,2025-09-30T04:50:14.254414,midterm,1
88,English,74.42760091818921,100,74.42760091818921,2025-09-30T04:50:14.254414,midterm,1
88,Social Studies,85.37774654294702,100,85.37774654294702,2025-09-30T04:50:14.254414,midterm,1
88,Hindi,79.26577321343078,100,79.26577321343078,2025-09-30T04:50:14.254414,midterm,1
88,Mathematics,74.2685212971798,100,74.2685212971798,2025-12-23T04:50:14.254414,midterm,2
88,Science,82.69645387663411,100,82.69645387663411,2025-12-23T04:50:14.254414,midterm,2
88,English,88.42086637480438,100,88.42086637480438,2025-12-23T04:50:14.254414,midterm,2
88,Social Studies,80.09689394814987,100,80.09689394814987,2025-12-23T04:50:14.254414,midterm,2
88,Hindi,74.62231708306506,100,74.62231708306506,2025-12-23T04:50:14.254414,midterm,2
88,Mathematics,61.400428561129644,100,61.400428561129644,2026-01-10T04:50:14.254414,final,3
88,Science,63.86765425387752,100,63.86765425387752,2026-01-10T04:50:14.254414,final,3
88,English,71.46654384108457,100,71.46654384108457,2026-01-10T04:50:14.254414,final,3
88,Social Studies,68.42366886303842,100,68.42366886303842,2026-01-10T04:50:14.254414,final,3
88,Hindi,72.64907785477678,100,72.64907785477678,2026-01-10T04:50:14.254414,final,3
89,Mathematics,86.54155355637249,100,86.54155355637249,2025-10-25T04:50:14.254414,midterm,1
89,Science,91.27198185096873,100,91.27198185096873,2025-10-25T04:50:14.254414,midterm,1
89,English,85.27006652681051,100,85.27006652681051,2025-10-25T04:50:14.254414,midterm,1
89,Social Studies,90.84007074566344,100,90.84007074566344,2025-10-25T04:50:14.254414,midterm,1
89,Hindi,86.61979845550262,100,86.61979845550262,2025-10-25T04:50:14.254414,midterm,1
89,Mathematics,66.2203886438627,100,66.2203886438627,2026-01-08T04:50:14.254414,midterm,2
89,Science,76.58170036921388,100,76.58170036921388,2026-01-08T04:50:14.254414,midterm,2
89,English,84.53417875018526,100,84.53417875018526,2026-01-08T04:50:14.254414,midterm,2
89,Social Studies,73.87810687899035,100,73.87810687899035,2026-01-08T04:50:14.254414,midterm,2
89,Hindi,91.97434160736347,100,91.97434160736347,2026-01-08T04:50:14.254414,midterm,2
89,Mathematics,100.0,100,100.0,2026-01-26T04:50:14.254414,final,3
89,Science,98.1626728243746,100,98.1626728243746,2026-01-26T04:50:14.254414,final,3
89,English,83.84062559809934,100,83.84062559809934,2026-01-26T04:50:14.254414,final,3
89,Social Studies,100.0,100,100.0,2026-01-26T04:50:14.254414,final,3
89,Hindi,87.46172887942254,100,87.46172887942254,2026-01-26T04:50:14.254414,final,3
90,Mathematics,72.96249492223875,100,72.96249492223875,2025-10-02T04:50:14.254414,midterm,1
90,Science,70.19932799800974,100,70.19932799800974,2025-10-02T04:50:14.254414,midterm,1
90,English,73.30865776853786,100,73.30865776853786,2025-10-02T04:50:14.254414,midterm,1
90,Social Studies,72.45158644800685,100,72.45158644800685,2025-10-02T04:50:14.254414,midterm,1
90,Hindi,78.03751685717401,100,78.03751685717401,2025-10-02T04:50:14.254414,midterm,1
90,Mathematics,77.93909444391778,100,77.93909444391778,2026-02-16T04:50:14.254414,midterm,2
90,Science,76.36381483495327,100,76.36381483495327,2026-02-16T04:50:14.254414,midterm,2
90,English,80.70273633088263,100,80.70273633088263,2026-02-16T04:50:14.254414,midterm,2
90,Social Studies,88.23981738128255,100,88.23981738128255,2026-02-16T04:50:14.254414,midterm,2
90,Hindi,85.82889598783237,100,85.82889598783237,2026-02-16T04:50:14.254414,midterm,2
90,Mathematics,61.4843749489201,100,61.4843749489201,2026-01-22T04:50:14.254414,final,3
90,Science,50.79414328439958,100,50.79414328439958,2026-01-22T04:50:14.254414,final,3
90,English,85.67655374581187,100,85.67655374581187,2026-01-22T04:50:14.254414,final,3
90,Social Studies,62.664567649264924,100,62.664567649264924,2026-01-22T04:50:14.254414,final,3
90,Hindi,74.0857006144923,100,74.0857006144923,2026-01-22T04:50:14.254414,final,3
91,Mathematics,27.45810644022003,100,27.45810644022003,2026-01-08T04:50:14.254414,midterm,1
91,Science,21.139432325013424,100,21.139432325013424,2026-01-08T04:50:14.254414,midterm,1
91,English,44.5738639828615,100,44.5738639828615,2026-01-08T04:50:14.254414,midterm,1
91,Social Studies,46.75078830384009,100,46.75078830384009,2026-01-08T04:50:14.254414,midterm,1
91,Hindi,33.394132693546425,100,33.394132693546425,2026-01-08T04:50:14.254414,midterm,1
91,Mathematics,13.248813779364525,100,13.248813779364525,2025-09-26T04:50:14.254414,midterm,2
91,Science,33.69679221828879,100,33.69679221828879,2025-09-26T04:50:14.254414,midterm,2
91,English,43.07727675483909,100,43.07727675483909,2025-09-26T04:50:14.254414,midterm,2
91,Social Studies,24.370121013072335,100,24.370121013072335,2025-09-26T04:50:14.254414,midterm,2
91,Hindi,40.99283589860518,100,40.99283589860518,2025-09-26T04:50:14.254414,midterm,2
91,Mathematics,39.006138209083666,100,39.006138209083666,2026-02-16T04:50:14.254414,final,3
91,Science,44.95215169682451,100,44.95215169682451,2026-02-16T04:50:14.254414,final,3
91,English,40.35504038495515,100,40.35504038495515,2026-02-16T04:50:14.254414,final,3
91,Social Studies,29.428547291998065,100,29.428547291998065,2026-02-16T04:50:14.254414,final,3
91,Hindi,51.124951717458536,100,51.124951717458536,2026-02-16T04:50:14.254414,final,3
92,Mathematics,65.84823351575835,100,65.84823351575835,2026-02-22T04:50:14.254414,midterm,1
92,Science,67.16048385092874,100,67.16048385092874,2026-02-22T04:50:14.254414,midterm,1
92,English,58.1008496552961,100,58.1008496552961,2026-02-22T04:50:14.254414,midterm,1
92,Social Studies,63.00070673411295,100,63.00070673411295,2026-02-22T04:50:14.254414,midterm,1
92,Hindi,58.58550210575905,100,58.58550210575905,2026-02-22T04:50:14.254414,midterm,1
92,Mathematics,65.70406864679383,100,65.70406864679383,2026-03-06T04:50:14.255413,midterm,2
92,Science,84.55061404745149,100,84.55061404745149,2026-03-06T04:50:14.255413,midterm,2
92,English,53.71451781671449,100,53.71451781671449,2026-03-06T04:50:14.255413,midterm,2
92,Social Studies,51.29791526726065,100,51.29791526726065,2026-03-06T04:50:14.255413,midterm,2
92,Hindi,82.14523252096414,100,82.14523252096414,2026-03-06T04:50:14.255413,midterm,2
92,Mathematics,65.3402924745094,100,65.3402924745094,2025-09-30T04:50:14.255413,final,3
92,Science,60.742801859428894,100,60.742801859428894,2025-09-30T04:50:14.255413,final,3
92,English,77.83257611998883,100,77.83257611998883,2025-09-30T04:50:14.255413,final,3
92,Social Studies,61.37737384865942,100,61.37737384865942,2025-09-30T04:50:14.255413,final,3
92,Hindi,85.69362638149742,100,85.69362638149742,2025-09-30T04:50:14.255413,final,3
93,Mathematics,99.94347439424202,100,99.94347439424202,2025-11-12T04:50:14.255413,midterm,1
93,Science,88.28510159939229,100,88.28510159939229,2025-11-12T04:50:14.255413,midterm,1
93,English,100.0,100,100.0,2025-11-12T04:50:14.255413,midterm,1
93,Social Studies,87.10706645081594,100,87.10706645081594,2025-11-12T04:50:14.255413,midterm,1
93,Hindi,100.0,100,100.0,2025-11-12T04:50:14.255413,midterm,1
93,Mathematics,96.15714148491425,100,96.15714148491425,2025-12-09T04:50:14.255413,midterm,2
93,Science,100.0,100,100.0,2025-12-09T04:50:14.255413,midterm,2
93,English,100.0,100,100.0,2025-12-09T04:50:14.255413,midterm,2
93,Social Studies,93.484257171507,100,93.484257171507,2025-12-09T04:50:14.255413,midterm,2
93,Hindi,85.63003697738749,100,85.63003697738749,2025-12-09T04:50:14.255413,midterm,2
93,Mathematics,97.76393711024049,100,97.76393711024049,2026-01-23T04:50:14.255413,final,3
93,Science,86.38706198332827,100,86.38706198332827,2026-01-23T04:50:14.255413,final,3
93,English,100.0,100,100.0,2026-01-23T04:50:14.255413,final,3
93,Social Studies,94.5295689916767,100,94.5295689916767,2026-01-23T04:50:14.255413,final,3
93,Hindi,89.51100016772824,100,89.51100016772824,2026-01-23T04:50:14.255413,final,3
94,Mathematics,76.97606302988433,100,76.97606302988433,2025-11-08T04:50:14.255413,midterm,1
94,Science,61.657997075938276,100,61.657997075938276,2025-11-08T04:50:14.255413,midterm,1
94,English,65.41311958612873,100,65.41311958612873,2025-11-08T04:50:14.255413,midterm,1
94,Social Studies,87.1333990506795,100,87.1333990506795,2025-11-08T04:50:14.255413,midterm,1
94,Hindi,68.56031718152128,100,68.56031718152128,2025-11-08T04:50:14.255413,midterm,1
94,Mathematics,64.66015014441585,100,64.66015014441585,2025-10-19T04:50:14.255413,midterm,2
94,Science,80.4957874965081,100,80.4957874965081,2025-10-19T04:50:14.255413,midterm,2
94,English,86.98630151786521,100,86.98630151786521,2025-10-19T04:50:14.255413,midterm,2
94,Social Studies,82.31879307788591,100,82.31879307788591,2025-10-19T04:50:14.255413,midterm,2
94,Hindi,85.0897368292934,100,85.0897368292934,2025-10-19T04:50:14.255413,midterm,2
94,Mathematics,67.56130908554064,100,67.56130908554064,2025-10-04T04:50:14.255413,final,3
94,Science,60.9111533038168,100,60.9111533038168,2025-10-04T04:50:14.255413,final,3
94,English,90.14259649079011,100,90.14259649079011,2025-10-04T04:50:14.255413,final,3
94,Social Studies,71.90246158281388,100,71.90246158281388,2025-10-04T04:50:14.255413,final,3
94,Hindi,72.62092980668477,100,72.62092980668477,2025-10-04T04:50:14.255413,final,3
95,Mathematics,92.156708660841,100,92.156708660841,2026-02-02T04:50:14.255413,midterm,1
95,Science,84.43706733635703,100,84.43706733635703,2026-02-02T04:50:14.255413,midterm,1
95,English,83.4336449631665,100,83.4336449631665,2026-02-02T04:50:14.255413,midterm,1
95,Social Studies,100.0,100,100.0,2026-02-02T04:50:14.255413,midterm,1
95,Hindi,72.439584938549,100,72.439584938549,2026-02-02T04:50:14.255413,midterm,1
95,Mathematics,88.1531685231628,100,88.1531685231628,2025-10-27T04:50:14.255413,midterm,2
95,Science,79.44489849132127,100,79.44489849132127,2025-10-27T04:50:14.255413,midterm,2
95,English,81.560690030983,100,81.560690030983,2025-10-27T04:50:14.255413,midterm,2
95,Social Studies,94.15945150647575,100,94.15945150647575,2025-10-27T04:50:14.255413,midterm,2
95,Hindi,83.95312480524667,100,83.95312480524667,2025-10-27T04:50:14.255413,midterm,2
95,Mathematics,84.25772803284676,100,84.25772803284676,2025-10-24T04:50:14.255413,final,3
95,Science,89.59984061544846,100,89.59984061544846,2025-10-24T04:50:14.255413,final,3
95,English,75.22523994692158,100,75.22523994692158,2025-10-24T04:50:14.255413,final,3
95,Social Studies,70.48267056896037,100,70.48267056896037,2025-10-24T04:50:14.255413,final,3
95,Hindi,68.4266753021401,100,68.4266753021401,2025-10-24T04:50:14.255413,final,3
96,Mathematics,28.689121375490803,100,28.689121375490803,2025-11-09T04:50:14.255413,midterm,1
96,Science,68.91475856865404,100,68.91475856865404,2025-11-09T04:50:14.255413,midterm,1
96,English,37.32060361203399,100,37.32060361203399,2025-11-09T04:50:14.255413,midterm,1
96,Social Studies,46.1401510333931,100,46.1401510333931,2025-11-09T04:50:14.255413,midterm,1
96,Hindi,45.584554270361615,100,45.584554270361615,2025-11-09T04:50:14.255413,midterm,1
96,Mathematics,51.42675424734183,100,51.42675424734183,2025-11-02T04:50:14.255413,midterm,2
96,Science,56.51005939464379,100,56.51005939464379,2025-11-02T04:50:14.255413,midterm,2
96,English,56.957422152848274,100,56.957422152848274,2025-11-02T04:50:14.255413,midterm,2
96,Social Studies,42.52191288356144,100,42.52191288356144,2025-11-02T04:50:14.255413,midterm,2
96,Hindi,46.68147013138671,100,46.68147013138671,2025-11-02T04:50:14.255413,midterm,2
96,Mathematics,51.178486774133816,100,51.178486774133816,2026-02-08T04:50:14.255413,final,3
96,Science,45.86577600741535,100,45.86577600741535,2026-02-08T04:50:14.255413,final,3
96,English,64.42614302945074,100,64.42614302945074,2026-02-08T04:50:14.255413,final,3
96,Social Studies,53.262436785633334,100,53.262436785633334,2026-02-08T04:50:14.255413,final,3
96,Hindi,55.701465129748996,100,55.701465129748996,2026-02-08T04:50:14.255413,final,3
97,Mathematics,82.03066656858348,100,82.03066656858348,2025-12-15T04:50:14.255413,midterm,1
97,Science,87.13659245676261,100,87.13659245676261,2025-12-15T04:50:14.255413,midterm,1
97,English,77.21206946894642,100,77.21206946894642,2025-12-15T04:50:14.255413,midterm,1
97,Social Studies,62.433534402350894,100,62.433534402350894,2025-12-15T04:50:14.255413,midterm,1
97,Hindi,79.39873339943577,100,79.39873339943577,2025-12-15T04:50:14.255413,midterm,1
97,Mathematics,68.88828494399107,100,68.88828494399107,2025-10-28T04:50:14.255413,midterm,2
97,Science,70.11568706441179,100,70.11568706441179,2025-10-28T04:50:14.255413,midterm,2
97,English,81.26549406946029,100,81.26549406946029,2025-10-28T04:50:14.255413,midterm,2
97,Social Studies,87.78468459624571,100,87.78468459624571,2025-10-28T04:50:14.255413,midterm,2
97,Hindi,75.61456964926998,100,75.61456964926998,2025-10-28T04:50:14.255413,midterm,2
97,Mathematics,78.490184007899,100,78.490184007899,2025-10-11T04:50:14.255413,final,3
97,Science,92.42400332826173,100,92.42400332826173,2025-10-11T04:50:14.255413,final,3
97,English,77.80938567679505,100,77.80938567679505,2025-10-11T04:50:14.255413,final,3
97,Social Studies,100.0,100,100.0,2025-10-11T04:50:14.255413,final,3
97,Hindi,81.05695033822481,100,81.05695033822481,2025-10-11T04:50:14.255413,final,3
98,Mathematics,69.6353814015109,100,69.6353814015109,2025-10-20T04:50:14.255413,midterm,1
98,Science,94.7764252041144,100,94.7764252041144,2025-10-20T04:50:14.255413,midterm,1
98,English,91.05459284189686,100,91.05459284189686,2025-10-20T04:50:14.255413,midterm,1
98,Social Studies,100.0,100,100.0,2025-10-20T04:50:14.255413,midterm,1
98,Hindi,93.97482250576867,100,93.97482250576867,2025-10-20T04:50:14.255413,midterm,1
98,Mathematics,85.85844915323135,100,85.85844915323135,2025-12-12T04:50:14.255413,midterm,2
98,Science,75.00002663017543,100,75.00002663017543,2025-12-12T04:50:14.255413,midterm,2
98,English,85.15277642020882,100,85.15277642020882,2025-12-12T04:50:14.255413,midterm,2
98,Social Studies,78.73780445097609,100,78.73780445097609,2025-12-12T04:50:14.255413,midterm,2
98,Hindi,81.43777449502186,100,81.43777449502186,2025-12-12T04:50:14.255413,midterm,2
98,Mathematics,93.12879303727517,100,93.12879303727517,2025-10-07T04:50:14.255413,final,3
98,Science,100.0,100,100.0,2025-10-07T04:50:14.255413,final,3
98,English,91.18972429129889,100,91.18972429129889,2025-10-07T04:50:14.255413,final,3
98,Social Studies,75.28417837271724,100,75.28417837271724,2025-10-07T04:50:14.255413,final,3
98,Hindi,91.68903567527049,100,91.68903567527049,2025-10-07T04:50:14.255413,final,3
99,Mathematics,58.29309537289255,100,58.29309537289255,2026-02-16T04:50:14.255413,midterm,1
99,Science,40.228951463242225,100,40.228951463242225,2026-02-16T04:50:14.255413,midterm,1
99,English,44.98660883970687,100,44.98660883970687,2026-02-16T04:50:14.255413,midterm,1
99,Social Studies,46.47366245372802,100,46.47366245372802,2026-02-16T04:50:14.255413,midterm,1
99,Hindi,38.47779737561365,100,38.47779737561365,2026-02-16T04:50:14.255413,midterm,1
99,Mathematics,52.809584844874635,100,52.809584844874635,2025-11-07T04:50:14.255413,midterm,2
99,Science,45.11729902035823,100,45.11729902035823,2025-11-07T04:50:14.255413,midterm,2
99,English,50.52210494550632,100,50.52210494550632,2025-11-07T04:50:14.255413,midterm,2
99,Social Studies,37.45185872841505,100,37.45185872841505,2025-11-07T04:50:14.255413,midterm,2
99,Hindi,41.952197503201944,100,41.952197503201944,2025-11-07T04:50:14.255413,midterm,2
99,Mathematics,53.55059408471376,100,53.55059408471376,2025-10-02T04:50:14.255413,final,3
99,Science,42.598448985518374,100,42.598448985518374,2025-10-02T04:50:14.255413,final,3
99,English,63.59641901877009,100,63.59641901877009,2025-10-02T04:50:14.255413,final,3
99,Social Studies,42.33041865029002,100,42.33041865029002,2025-10-02T04:50:14.255413,final,3
99,Hindi,48.5736277639549,100,48.5736277639549,2025-10-02T04:50:14.255413,final,3
100,Mathematics,49.6837747724812,100,49.6837747724812,2025-10-02T04:50:14.255413,midterm,1
100,Science,26.17420912441999,100,26.17420912441999,2025-10-02T04:50:14.255413,midterm,1
100,English,22.749778333942544,100,22.749778333942544,2025-10-02T04:50:14.255413,midterm,1
100,Social Studies,25.101303308049356,100,25.101303308049356,2025-10-02T04:50:14.255413,midterm,1
100,Hindi,52.98370748802213,100,52.98370748802213,2025-10-02T04:50:14.255413,midterm,1
100,Mathematics,34.83928499482584,100,34.83928499482584,2026-03-02T04:50:14.255413,midterm,2
100,Science,65.93985931043282,100,65.93985931043282,2026-03-02T04:50:14.255413,midterm,2
100,English,34.71539046717642,100,34.71539046717642,2026-03-02T04:50:14.255413,midterm,2
100,Social Studies,42.203379485720674,100,42.203379485720674,2026-03-02T04:50:14.255413,midterm,2
100,Hindi,55.77896597942906,100,55.77896597942906,2026-03-02T04:50:14.255413,midterm,2
100,Mathematics,60.418795335341535,100,60.418795335341535,2025-10-31T04:50:14.255413,final,3
100,Science,60.97290222011428,100,60.97290222011428,2025-10-31T04:50:14.255413,final,3
100,English,52.44152875968173,100,52.44152875968173,2025-10-31T04:50:14.255413,final,3
100,Social Studies,50.59849171186493,100,50.59849171186493,2025-10-31T04:50:14.255413,final,3
100,Hindi,46.28313594576213,100,46.28313594576213,2025-10-31T04:50:14.255413,final,3
101,Mathematics,47.99019864558521,100,47.99019864558521,2026-01-17T04:50:14.256417,midterm,1
101,Science,34.694730720633494,100,34.694730720633494,2026-01-17T04:50:14.256417,midterm,1
101,English,32.02459904969576,100,32.02459904969576,2026-01-17T04:50:14.256417,midterm,1
101,Social Studies,40.17284330980931,100,40.17284330980931,2026-01-17T04:50:14.256417,midterm,1
101,Hindi,38.504741658669545,100,38.504741658669545,2026-01-17T04:50:14.256417,midterm,1
101,Mathematics,35.67430739064608,100,35.67430739064608,2025-10-02T04:50:14.256417,midterm,2
101,Science,47.170462358485985,100,47.170462358485985,2025-10-02T04:50:14.256417,midterm,2
101,English,49.75963996962393,100,49.75963996962393,2025-10-02T04:50:14.256417,midterm,2
101,Social Studies,41.090656746837304,100,41.090656746837304,2025-10-02T04:50:14.256417,midterm,2
101,Hindi,54.98188869447145,100,54.98188869447145,2025-10-02T04:50:14.256417,midterm,2
101,Mathematics,28.78969674258378,100,28.78969674258378,2025-12-20T04:50:14.256417,final,3
101,Science,38.26999329112165,100,38.26999329112165,2025-12-20T04:50:14.256417,final,3
101,English,33.03836467789078,100,33.03836467789078,2025-12-20T04:50:14.256417,final,3
101,Social Studies,21.54122171318823,100,21.54122171318823,2025-12-20T04:50:14.256417,final,3
101,Hindi,39.37978102549184,100,39.37978102549184,2025-12-20T04:50:14.256417,final,3
102,Mathematics,68.37385781659192,100,68.37385781659192,2026-01-27T04:50:14.256417,midterm,1
102,Science,84.72583033284607,100,84.72583033284607,2026-01-27T04:50:14.256417,midterm,1
102,English,75.89944974597253,100,75.89944974597253,2026-01-27T04:50:14.256417,midterm,1
102,Social Studies,59.349464657132714,100,59.349464657132714,2026-01-27T04:50:14.256417,midterm,1
102,Hindi,88.13225856376664,100,88.13225856376664,2026-01-27T04:50:14.256417,midterm,1
102,Mathematics,81.80166985567828,100,81.80166985567828,2025-10-18T04:50:14.256417,midterm,2
102,Science,75.41230993511091,100,75.41230993511091,2025-10-18T04:50:14.256417,midterm,2
102,English,67.32649191192644,100,67.32649191192644,2025-10-18T04:50:14.256417,midterm,2
102,Social Studies,59.996940533189964,100,59.996940533189964,2025-10-18T04:50:14.256417,midterm,2
102,Hindi,65.86926513971423,100,65.86926513971423,2025-10-18T04:50:14.256417,midterm,2
102,Mathematics,80.47881909746661,100,80.47881909746661,2026-01-29T04:50:14.256417,final,3
102,Science,88.43719595977085,100,88.43719595977085,2026-01-29T04:50:14.256417,final,3
102,English,85.02376818314664,100,85.02376818314664,2026-01-29T04:50:14.256417,final,3
102,Social Studies,64.70283868256202,100,64.70283868256202,2026-01-29T04:50:14.256417,final,3
102,Hindi,58.39515856753465,100,58.39515856753465,2026-01-29T04:50:14.256417,final,3
103,Mathematics,76.15780491022116,100,76.15780491022116,2026-01-12T04:50:14.256417,midterm,1
103,Science,57.06454878548061,100,57.06454878548061,2026-01-12T04:50:14.256417,midterm,1
103,English,77.98061958295693,100,77.98061958295693,2026-01-12T04:50:14.256417,midterm,1
103,Social Studies,73.27291657812243,100,73.27291657812243,2026-01-12T04:50:14.256417,midterm,1
103,Hindi,70.0885774224267,100,70.0885774224267,2026-01-12T04:50:14.256417,midterm,1
103,Mathematics,58.801911768441165,100,58.801911768441165,2026-02-08T04:50:14.256417,midterm,2
103,Science,79.88494350680628,100,79.88494350680628,2026-02-08T04:50:14.256417,midterm,2
103,English,69.42193404449,100,69.42193404449,2026-02-08T04:50:14.256417,midterm,2
103,Social Studies,63.049774084006245,100,63.049774084006245,2026-02-08T04:50:14.256417,midterm,2
103,Hindi,46.026320308292625,100,46.026320308292625,2026-02-08T04:50:14.256417,midterm,2
103,Mathematics,74.47379339060276,100,74.47379339060276,2026-03-09T04:50:14.256417,final,3
103,Science,92.47145840780657,100,92.47145840780657,2026-03-09T04:50:14.256417,final,3
103,English,91.36153458658782,100,91.36153458658782,2026-03-09T04:50:14.256417,final,3
103,Social Studies,70.17797987524641,100,70.17797987524641,2026-03-09T04:50:14.256417,final,3
103,Hindi,68.72682183749131,100,68.72682183749131,2026-03-09T04:50:14.256417,final,3
104,Mathematics,64.5665568977667,100,64.5665568977667,2025-11-02T04:50:14.256417,midterm,1
104,Science,49.89495994513356,100,49.89495994513356,2025-11-02T04:50:14.256417,midterm,1
104,English,62.89673333521113,100,62.89673333521113,2025-11-02T04:50:14.256417,midterm,1
104,Social Studies,67.53961712086337,100,67.53961712086337,2025-11-02T04:50:14.256417,midterm,1
104,Hindi,72.14814657585954,100,72.14814657585954,2025-11-02T04:50:14.256417,midterm,1
104,Mathematics,58.87727357221694,100,58.87727357221694,2025-12-28T04:50:14.256417,midterm,2
104,Science,57.842076835246814,100,57.842076835246814,2025-12-28T04:50:14.256417,midterm,2
104,English,51.09898846945086,100,51.09898846945086,2025-12-28T04:50:14.256417,midterm,2
104,Social Studies,51.61001079661787,100,51.61001079661787,2025-12-28T04:50:14.256417,midterm,2
104,Hindi,57.614025418001205,100,57.614025418001205,2025-12-28T04:50:14.256417,midterm,2
104,Mathematics,63.55246940517825,100,63.55246940517825,2025-11-27T04:50:14.256417,final,3
104,Science,69.01466059934897,100,69.01466059934897,2025-11-27T04:50:14.256417,final,3
104,English,51.84702483021302,100,51.84702483021302,2025-11-27T04:50:14.256417,final,3
104,Social Studies,74.80570002661169,100,74.80570002661169,2025-11-27T04:50:14.256417,final,3
104,Hindi,57.167578326590785,100,57.167578326590785,2025-11-27T04:50:14.256417,final,3
105,Mathematics,58.19109341927537,100,58.19109341927537,2025-10-08T04:50:14.256417,midterm,1
105,Science,50.932649571281495,100,50.932649571281495,2025-10-08T04:50:14.256417,midterm,1
105,English,34.16236376003032,100,34.16236376003032,2025-10-08T04:50:14.256417,midterm,1
105,Social Studies,67.24522032637023,100,67.24522032637023,2025-10-08T04:50:14.256417,midterm,1
105,Hindi,65.77320533368406,100,65.77320533368406,2025-10-08T04:50:14.256417,midterm,1
105,Mathematics,55.5914907915776,100,55.5914907915776,2025-09-30T04:50:14.256417,midterm,2
105,Science,59.07467353500845,100,59.07467353500845,2025-09-30T04:50:14.256417,midterm,2
105,English,63.56415853980072,100,63.56415853980072,2025-09-30T04:50:14.256417,midterm,2
105,Social Studies,42.779307793894304,100,42.779307793894304,2025-09-30T04:50:14.256417,midterm,2
105,Hindi,53.11423958929678,100,53.11423958929678,2025-09-30T04:50:14.256417,midterm,2
105,Mathematics,66.347413158978,100,66.347413158978,2025-12-14T04:50:14.256417,final,3
105,Science,45.86187213106724,100,45.86187213106724,2025-12-14T04:50:14.256417,final,3
105,English,61.340345684426026,100,61.340345684426026,2025-12-14T04:50:14.256417,final,3
105,Social Studies,44.83894831652568,100,44.83894831652568,2025-12-14T04:50:14.256417,final,3
105,Hindi,63.069066187095,100,63.069066187095,2025-12-14T04:50:14.256417,final,3
106,Mathematics,54.34265828321959,100,54.34265828321959,2026-02-13T04:50:14.256417,midterm,1
106,Science,38.54775494713933,100,38.54775494713933,2026-02-13T04:50:14.256417,midterm,1
106,English,66.34646665076613,100,66.34646665076613,2026-02-13T04:50:14.256417,midterm,1
106,Social Studies,47.35315733821393,100,47.35315733821393,2026-02-13T04:50:14.256417,midterm,1
106,Hindi,46.596548736050615,100,46.596548736050615,2026-02-13T04:50:14.256417,midterm,1
106,Mathematics,56.704765078503854,100,56.704765078503854,2025-11-18T04:50:14.256417,midterm,2
106,Science,66.18544660048158,100,66.18544660048158,2025-11-18T04:50:14.256417,midterm,2
106,English,44.54085491641045,100,44.54085491641045,2025-11-18T04:50:14.256417,midterm,2
106,Social Studies,55.31587160467414,100,55.31587160467414,2025-11-18T04:50:14.256417,midterm,2
106,Hindi,58.987238109500154,100,58.987238109500154,2025-11-18T04:50:14.256417,midterm,2
106,Mathematics,61.63012917882587,100,61.63012917882587,2026-02-17T04:50:14.256417,final,3
106,Science,56.463488658966675,100,56.463488658966675,2026-02-17T04:50:14.256417,final,3
106,English,51.0287947153612,100,51.0287947153612,2026-02-17T04:50:14.256417,final,3
106,Social Studies,46.42317089970723,100,46.42317089970723,2026-02-17T04:50:14.256417,final,3
106,Hindi,55.56051193665817,100,55.56051193665817,2026-02-17T04:50:14.256417,final,3
107,Mathematics,54.2967371053264,100,54.2967371053264,2026-01-29T04:50:14.256417,midterm,1
107,Science,35.804622390236396,100,35.804622390236396,2026-01-29T04:50:14.256417,midterm,1
107,English,69.38372526675914,100,69.38372526675914,2026-01-29T04:50:14.256417,midterm,1
107,Social Studies,74.05747563604442,100,74.05747563604442,2026-01-29T04:50:14.256417,midterm,1
107,Hindi,41.388802869764085,100,41.388802869764085,2026-01-29T04:50:14.256417,midterm,1
107,Mathematics,54.92082017808309,100,54.92082017808309,2026-01-15T04:50:14.256417,midterm,2
107,Science,71.20966983523445,100,71.20966983523445,2026-01-15T04:50:14.256417,midterm,2
107,English,85.59308192229946,100,85.59308192229946,2026-01-15T04:50:14.256417,midterm,2
107,Social Studies,65.22606430193655,100,65.22606430193655,2026-01-15T04:50:14.256417,midterm,2
107,Hindi,57.73809781289113,100,57.73809781289113,2026-01-15T04:50:14.256417,midterm,2
107,Mathematics,63.189162814134065,100,63.189162814134065,2026-01-27T04:50:14.256417,final,3
107,Science,78.76689141666432,100,78.76689141666432,2026-01-27T04:50:14.256417,final,3
107,English,58.558485433937115,100,58.558485433937115,2026-01-27T04:50:14.256417,final,3
107,Social Studies,57.02620715867993,100,57.02620715867993,2026-01-27T04:50:14.256417,final,3
107,Hindi,60.190692003362145,100,60.190692003362145,2026-01-27T04:50:14.256417,final,3
108,Mathematics,52.67450399860446,100,52.67450399860446,2025-10-22T04:50:14.256417,midterm,1
108,Science,63.434493241139535,100,63.434493241139535,2025-10-22T04:50:14.256417,midterm,1
108,English,78.4545746658872,100,78.4545746658872,2025-10-22T04:50:14.256417,midterm,1
108,Social Studies,65.43858281235187,100,65.43858281235187,2025-10-22T04:50:14.256417,midterm,1
108,Hindi,59.68425505992871,100,59.68425505992871,2025-10-22T04:50:14.256417,midterm,1
108,Mathematics,59.28967739203614,100,59.28967739203614,2025-10-20T04:50:14.256417,midterm,2
108,Science,46.575881994225014,100,46.575881994225014,2025-10-20T04:50:14.256417,midterm,2
108,English,71.03888785266318,100,71.03888785266318,2025-10-20T04:50:14.256417,midterm,2
108,Social Studies,61.42941811106356,100,61.42941811106356,2025-10-20T04:50:14.256417,midterm,2
108,Hindi,60.402990945285325,100,60.402990945285325,2025-10-20T04:50:14.256417,midterm,2
108,Mathematics,94.1388657596402,100,94.1388657596402,2026-02-06T04:50:14.256417,final,3
108,Science,65.19531916484844,100,65.19531916484844,2026-02-06T04:50:14.256417,final,3
108,English,54.68987958023974,100,54.68987958023974,2026-02-06T04:50:14.256417,final,3
108,Social Studies,57.94421411913615,100,57.94421411913615,2026-02-06T04:50:14.256417,final,3
108,Hindi,73.69224717315913,100,73.69224717315913,2026-02-06T04:50:14.256417,final,3
109,Mathematics,73.70693923650666,100,73.70693923650666,2025-10-18T04:50:14.256417,midterm,1
109,Science,58.19145534795535,100,58.19145534795535,2025-10-18T04:50:14.256417,midterm,1
109,English,81.76652447688105,100,81.76652447688105,2025-10-18T04:50:14.256417,midterm,1
109,Social Studies,65.89279427573908,100,65.89279427573908,2025-10-18T04:50:14.256417,midterm,1
109,Hindi,91.30721289330447,100,91.30721289330447,2025-10-18T04:50:14.256417,midterm,1
109,Mathematics,83.3747157882755,100,83.3747157882755,2025-11-11T04:50:14.256417,midterm,2
109,Science,68.1010161745415,100,68.1010161745415,2025-11-11T04:50:14.256417,midterm,2
109,English,85.38439874848015,100,85.38439874848015,2025-11-11T04:50:14.256417,midterm,2
109,Social Studies,73.25279023640304,100,73.25279023640304,2025-11-11T04:50:14.256417,midterm,2
109,Hindi,81.10197188235121,100,81.10197188235121,2025-11-11T04:50:14.256417,midterm,2
109,Mathematics,77.42156330407376,100,77.42156330407376,2025-12-31T04:50:14.256417,final,3
109,Science,64.11066858122028,100,64.11066858122028,2025-12-31T04:50:14.256417,final,3
109,English,66.13873680795439,100,66.13873680795439,2025-12-31T04:50:14.256417,final,3
109,Social Studies,82.87384330694063,100,82.87384330694063,2025-12-31T04:50:14.256417,final,3
109,Hindi,69.2264818100636,100,69.2264818100636,2025-12-31T04:50:14.256417,final,3
110,Mathematics,31.405264060923177,100,31.405264060923177,2025-10-18T04:50:14.256417,midterm,1
110,Science,25.890522899849614,100,25.890522899849614,2025-10-18T04:50:14.256417,midterm,1
110,English,39.67773934927776,100,39.67773934927776,2025-10-18T04:50:14.256417,midterm,1
110,Social Studies,56.0669978857746,100,56.0669978857746,2025-10-18T04:50:14.256417,midterm,1
110,Hindi,24.766419550800414,100,24.766419550800414,2025-10-18T04:50:14.256417,midterm,1
110,Mathematics,35.68394326007073,100,35.68394326007073,2025-09-26T04:50:14.256417,midterm,2
110,Science,49.563954247497435,100,49.563954247497435,2025-09-26T04:50:14.256417,midterm,2
110,English,34.64533478088599,100,34.64533478088599,2025-09-26T04:50:14.256417,midterm,2
110,Social Studies,39.96546665584048,100,39.96546665584048,2025-09-26T04:50:14.256417,midterm,2
110,Hindi,24.817813411874347,100,24.817813411874347,2025-09-26T04:50:14.256417,midterm,2
110,Mathematics,39.72481966541963,100,39.72481966541963,2025-09-23T04:50:14.256417,final,3
110,Science,33.570306043297656,100,33.570306043297656,2025-09-23T04:50:14.256417,final,3
110,English,45.29904865014177,100,45.29904865014177,2025-09-23T04:50:14.256417,final,3
110,Social Studies,47.31560920899065,100,47.31560920899065,2025-09-23T04:50:14.256417,final,3
110,Hindi,61.33738511352928,100,61.33738511352928,2025-09-23T04:50:14.256417,final,3
111,Mathematics,64.32956778070334,100,64.32956778070334,2026-02-20T04:50:14.256417,midterm,1
111,Science,61.79119921438925,100,61.79119921438925,2026-02-20T04:50:14.256417,midterm,1
111,English,60.47707906434095,100,60.47707906434095,2026-02-20T04:50:14.256417,midterm,1
111,Social Studies,55.001573120460705,100,55.001573120460705,2026-02-20T04:50:14.256417,midterm,1
111,Hindi,61.9180744831845,100,61.9180744831845,2026-02-20T04:50:14.256417,midterm,1
111,Mathematics,55.579221947177295,100,55.579221947177295,2025-10-01T04:50:14.256417,midterm,2
111,Science,60.21784581126373,100,60.21784581126373,2025-10-01T04:50:14.256417,midterm,2
111,English,71.70921140464719,100,71.70921140464719,2025-10-01T04:50:14.256417,midterm,2
111,Social Studies,48.467810395771174,100,48.467810395771174,2025-10-01T04:50:14.256417,midterm,2
111,Hindi,69.93202165985804,100,69.93202165985804,2025-10-01T04:50:14.256417,midterm,2
111,Mathematics,71.70438672196624,100,71.70438672196624,2025-11-04T04:50:14.256417,final,3
111,Science,57.3525507786568,100,57.3525507786568,2025-11-04T04:50:14.256417,final,3
111,English,37.31468705848164,100,37.31468705848164,2025-11-04T04:50:14.256417,final,3
111,Social Studies,52.455016177623264,100,52.455016177623264,2025-11-04T04:50:14.256417,final,3
111,Hindi,71.50318151417868,100,71.50318151417868,2025-11-04T04:50:14.256417,final,3
112,Mathematics,89.187277618642,100,89.187277618642,2026-03-10T04:50:14.256417,midterm,1
112,Science,79.42293591868172,100,79.42293591868172,2026-03-10T04:50:14.256417,midterm,1
112,English,84.36820902934865,100,84.36820902934865,2026-03-10T04:50:14.256417,midterm,1
112,Social Studies,97.82215850667635,100,97.82215850667635,2026-03-10T04:50:14.256417,midterm,1
112,Hindi,94.88329392364462,100,94.88329392364462,2026-03-10T04:50:14.256417,midterm,1
112,Mathematics,87.02663724993387,100,87.02663724993387,2025-12-05T04:50:14.256417,midterm,2
112,Science,85.74771412348395,100,85.74771412348395,2025-12-05T04:50:14.256417,midterm,2
112,English,85.4983767511926,100,85.4983767511926,2025-12-05T04:50:14.256417,midterm,2
112,Social Studies,80.19185639664579,100,80.19185639664579,2025-12-05T04:50:14.256417,midterm,2
112,Hindi,100.0,100,100.0,2025-12-05T04:50:14.256417,midterm,2
112,Mathematics,86.19275354951742,100,86.19275354951742,2025-11-18T04:50:14.256417,final,3
112,Science,100.0,100,100.0,2025-11-18T04:50:14.256417,final,3
112,English,100.0,100,100.0,2025-11-18T04:50:14.256417,final,3
112,Social Studies,99.39906722311042,100,99.39906722311042,2025-11-18T04:50:14.256417,final,3
112,Hindi,85.09975511445033,100,85.09975511445033,2025-11-18T04:50:14.256417,final,3
113,Mathematics,55.23051129584185,100,55.23051129584185,2026-02-12T04:50:14.256417,midterm,1
113,Science,50.95125432856659,100,50.95125432856659,2026-02-12T04:50:14.256417,midterm,1
113,English,42.15619178517447,100,42.15619178517447,2026-02-12T04:50:14.256417,midterm,1
113,Social Studies,54.43680320969179,100,54.43680320969179,2026-02-12T04:50:14.256417,midterm,1
113,Hindi,39.40281248087773,100,39.40281248087773,2026-02-12T04:50:14.256417,midterm,1
113,Mathematics,63.07000427709139,100,63.07000427709139,2025-12-23T04:50:14.256417,midterm,2
113,Science,46.54703741949182,100,46.54703741949182,2025-12-23T04:50:14.256417,midterm,2
113,English,53.20480695120415,100,53.20480695120415,2025-12-23T04:50:14.256417,midterm,2
113,Social Studies,54.026089107937175,100,54.026089107937175,2025-12-23T04:50:14.256417,midterm,2
113,Hindi,48.60416065543498,100,48.60416065543498,2025-12-23T04:50:14.256417,midterm,2
113,Mathematics,57.0601484072285,100,57.0601484072285,2025-10-16T04:50:14.256417,final,3
113,Science,46.44417382625051,100,46.44417382625051,2025-10-16T04:50:14.256417,final,3
113,English,59.9061833670482,100,59.9061833670482,2025-10-16T04:50:14.256417,final,3
113,Social Studies,37.73341359000827,100,37.73341359000827,2025-10-16T04:50:14.256417,final,3
113,Hindi,52.457006187939875,100,52.457006187939875,2025-10-16T04:50:14.256417,final,3
114,Mathematics,93.3943583625306,100,93.3943583625306,2025-12-29T04:50:14.256417,midterm,1
114,Science,64.001755125892,100,64.001755125892,2025-12-29T04:50:14.256417,midterm,1
114,English,67.22761866669923,100,67.22761866669923,2025-12-29T04:50:14.256417,midterm,1
114,Social Studies,79.1441468685369,100,79.1441468685369,2025-12-29T04:50:14.256417,midterm,1
114,Hindi,75.80088619134372,100,75.80088619134372,2025-12-29T04:50:14.256417,midterm,1
114,Mathematics,77.51136936468333,100,77.51136936468333,2025-11-01T04:50:14.256417,midterm,2
114,Science,78.89693967342438,100,78.89693967342438,2025-11-01T04:50:14.256417,midterm,2
114,English,80.35228305756544,100,80.35228305756544,2025-11-01T04:50:14.256417,midterm,2
114,Social Studies,85.10206679150997,100,85.10206679150997,2025-11-01T04:50:14.256417,midterm,2
114,Hindi,78.10325494123288,100,78.10325494123288,2025-11-01T04:50:14.256417,midterm,2
114,Mathematics,71.59249182576232,100,71.59249182576232,2025-12-21T04:50:14.256417,final,3
114,Science,80.73080538397505,100,80.73080538397505,2025-12-21T04:50:14.256417,final,3
114,English,93.0038877208999,100,93.0038877208999,2025-12-21T04:50:14.256417,final,3
114,Social Studies,72.678730908122,100,72.678730908122,2025-12-21T04:50:14.256417,final,3
114,Hindi,64.25977532524132,100,64.25977532524132,2025-12-21T04:50:14.256417,final,3
115,Mathematics,76.53978608842631,100,76.53978608842631,2025-12-08T04:50:14.256417,midterm,1
115,Science,64.2651677560206,100,64.2651677560206,2025-12-08T04:50:14.256417,midterm,1
115,English,43.742283935416225,100,43.742283935416225,2025-12-08T04:50:14.256417,midterm,1
115,Social Studies,73.9431961670608,100,73.9431961670608,2025-12-08T04:50:14.256417,midterm,1
115,Hindi,60.11569753601736,100,60.11569753601736,2025-12-08T04:50:14.256417,midterm,1
115,Mathematics,64.56364657251498,100,64.56364657251498,2025-09-23T04:50:14.257413,midterm,2
115,Science,68.78878270124673,100,68.78878270124673,2025-09-23T04:50:14.257413,midterm,2
115,English,67.37397619334725,100,67.37397619334725,2025-09-23T04:50:14.257413,midterm,2
115,Social Studies,72.56349756694698,100,72.56349756694698,2025-09-23T04:50:14.257413,midterm,2
115,Hindi,61.11411568985815,100,61.11411568985815,2025-09-23T04:50:14.257413,midterm,2
115,Mathematics,70.60003737731742,100,70.60003737731742,2026-02-05T04:50:14.257413,final,3
115,Science,62.87351261971742,100,62.87351261971742,2026-02-05T04:50:14.257413,final,3
115,English,72.85708420443162,100,72.85708420443162,2026-02-05T04:50:14.257413,final,3
115,Social Studies,71.62265423568712,100,71.62265423568712,2026-02-05T04:50:14.257413,final,3
115,Hindi,56.11459237511063,100,56.11459237511063,2026-02-05T04:50:14.257413,final,3
116,Mathematics,48.24023799866437,100,48.24023799866437,2026-01-30T04:50:14.257413,midterm,1
116,Science,32.020782385773565,100,32.020782385773565,2026-01-30T04:50:14.257413,midterm,1
116,English,45.4609948197255,100,45.4609948197255,2026-01-30T04:50:14.257413,midterm,1
116,Social Studies,41.05328997092745,100,41.05328997092745,2026-01-30T04:50:14.257413,midterm,1
116,Hindi,55.762253604865265,100,55.762253604865265,2026-01-30T04:50:14.257413,midterm,1
116,Mathematics,35.14575701319552,100,35.14575701319552,2025-10-04T04:50:14.257413,midterm,2
116,Science,33.88724887573207,100,33.88724887573207,2025-10-04T04:50:14.257413,midterm,2
116,English,37.18622077803672,100,37.18622077803672,2025-10-04T04:50:14.257413,midterm,2
116,Social Studies,34.34861900857129,100,34.34861900857129,2025-10-04T04:50:14.257413,midterm,2
116,Hindi,45.379835856334545,100,45.379835856334545,2025-10-04T04:50:14.257413,midterm,2
116,Mathematics,21.217310752548165,100,21.217310752548165,2025-12-22T04:50:14.257413,final,3
116,Science,26.843592645450503,100,26.843592645450503,2025-12-22T04:50:14.257413,final,3
116,English,26.702387621122114,100,26.702387621122114,2025-12-22T04:50:14.257413,final,3
116,Social Studies,46.8834927566498,100,46.8834927566498,2025-12-22T04:50:14.257413,final,3
116,Hindi,54.4865505627333,100,54.4865505627333,2025-12-22T04:50:14.257413,final,3
117,Mathematics,46.93274241168988,100,46.93274241168988,2025-12-13T04:50:14.257413,midterm,1
117,Science,46.28901736516449,100,46.28901736516449,2025-12-13T04:50:14.257413,midterm,1
117,English,48.67775622819641,100,48.67775622819641,2025-12-13T04:50:14.257413,midterm,1
117,Social Studies,59.5960176231465,100,59.5960176231465,2025-12-13T04:50:14.257413,midterm,1
117,Hindi,38.70370325515886,100,38.70370325515886,2025-12-13T04:50:14.257413,midterm,1
117,Mathematics,50.360924424412445,100,50.360924424412445,2026-01-02T04:50:14.257413,midterm,2
117,Science,57.729210894888894,100,57.729210894888894,2026-01-02T04:50:14.257413,midterm,2
117,English,52.988176296463045,100,52.988176296463045,2026-01-02T04:50:14.257413,midterm,2
117,Social Studies,49.87305076305203,100,49.87305076305203,2026-01-02T04:50:14.257413,midterm,2
117,Hindi,57.987695522736004,100,57.987695522736004,2026-01-02T04:50:14.257413,midterm,2
117,Mathematics,20.944911667072223,100,20.944911667072223,2026-03-05T04:50:14.257413,final,3
117,Science,54.75598779237367,100,54.75598779237367,2026-03-05T04:50:14.257413,final,3
117,English,41.43647776579036,100,41.43647776579036,2026-03-05T04:50:14.257413,final,3
117,Social Studies,29.670905628500027,100,29.670905628500027,2026-03-05T04:50:14.257413,final,3
117,Hindi,53.0892605923144,100,53.0892605923144,2026-03-05T04:50:14.257413,final,3
118,Mathematics,47.59213062505128,100,47.59213062505128,2026-01-30T04:50:14.257413,midterm,1
118,Science,32.48106002714479,100,32.48106002714479,2026-01-30T04:50:14.257413,midterm,1
118,English,43.3842906454511,100,43.3842906454511,2026-01-30T04:50:14.257413,midterm,1
118,Social Studies,49.978327753308164,100,49.978327753308164,2026-01-30T04:50:14.257413,midterm,1
118,Hindi,47.00468970926218,100,47.00468970926218,2026-01-30T04:50:14.257413,midterm,1
118,Mathematics,50.25519046713564,100,50.25519046713564,2026-02-17T04:50:14.257413,midterm,2
118,Science,41.27682008414063,100,41.27682008414063,2026-02-17T04:50:14.257413,midterm,2
118,English,34.609881562437636,100,34.609881562437636,2026-02-17T04:50:14.257413,midterm,2
118,Social Studies,17.835887054450026,100,17.835887054450026,2026-02-17T04:50:14.257413,midterm,2
118,Hindi,31.394920292122222,100,31.394920292122222,2026-02-17T04:50:14.257413,midterm,2
118,Mathematics,25.423079220259794,100,25.423079220259794,2025-09-29T04:50:14.257413,final,3
118,Science,55.56497234839985,100,55.56497234839985,2025-09-29T04:50:14.257413,final,3
118,English,32.09668704909834,100,32.09668704909834,2025-09-29T04:50:14.257413,final,3
118,Social Studies,35.08759324126657,100,35.08759324126657,2025-09-29T04:50:14.257413,final,3
118,Hindi,39.37039893382639,100,39.37039893382639,2025-09-29T04:50:14.257413,final,3
119,Mathematics,94.66357326522427,100,94.66357326522427,2025-11-04T04:50:14.257413,midterm,1
119,Science,100.0,100,100.0,2025-11-04T04:50:14.257413,midterm,1
119,English,88.00105518415522,100,88.00105518415522,2025-11-04T04:50:14.257413,midterm,1
119,Social Studies,96.17362335387216,100,96.17362335387216,2025-11-04T04:50:14.257413,midterm,1
119,Hindi,86.80284294451926,100,86.80284294451926,2025-11-04T04:50:14.257413,midterm,1
119,Mathematics,81.02732368929267,100,81.02732368929267,2025-12-30T04:50:14.257413,midterm,2
119,Science,88.10985789244688,100,88.10985789244688,2025-12-30T04:50:14.257413,midterm,2
119,English,93.85718083101561,100,93.85718083101561,2025-12-30T04:50:14.257413,midterm,2
119,Social Studies,89.93452655632714,100,89.93452655632714,2025-12-30T04:50:14.257413,midterm,2
119,Hindi,87.30333900276118,100,87.30333900276118,2025-12-30T04:50:14.257413,midterm,2
119,Mathematics,80.16437416478139,100,80.16437416478139,2025-10-26T04:50:14.257413,final,3
119,Science,93.39649307521279,100,93.39649307521279,2025-10-26T04:50:14.257413,final,3
119,English,79.18034506118971,100,79.18034506118971,2025-10-26T04:50:14.257413,final,3
119,Social Studies,100.0,100,100.0,2025-10-26T04:50:14.257413,final,3
119,Hindi,95.05194633084477,100,95.05194633084477,2025-10-26T04:50:14.257413,final,3
120,Mathematics,49.52872105257699,100,49.52872105257699,2026-02-16T04:50:14.257413,midterm,1
120,Science,61.01214527672766,100,61.01214527672766,2026-02-16T04:50:14.257413,midterm,1
120,English,56.58267199132046,100,56.58267199132046,2026-02-16T04:50:14.257413,midterm,1
120,Social Studies,67.2959811514181,100,67.2959811514181,2026-02-16T04:50:14.257413,midterm,1
120,Hindi,77.50874050745774,100,77.50874050745774,2026-02-16T04:50:14.257413,midterm,1
120,Mathematics,45.35251135076885,100,45.35251135076885,2025-10-10T04:50:14.257413,midterm,2
120,Science,65.25449683870046,100,65.25449683870046,2025-10-10T04:50:14.257413,midterm,2
120,English,62.50290809155989,100,62.50290809155989,2025-10-10T04:50:14.257413,midterm,2
120,Social Studies,70.81763681173095,100,70.81763681173095,2025-10-10T04:50:14.257413,midterm,2
120,Hindi,66.23620232960319,100,66.23620232960319,2025-10-10T04:50:14.257413,midterm,2
120,Mathematics,56.584542729838105,100,56.584542729838105,2026-03-06T04:50:14.257413,final,3
120,Science,60.913696690560116,100,60.913696690560116,2026-03-06T04:50:14.257413,final,3
120,English,56.143977479191406,100,56.143977479191406,2026-03-06T04:50:14.257413,final,3
120,Social Studies,74.86430743321228,100,74.86430743321228,2026-03-06T04:50:14.257413,final,3
120,Hindi,64.31735253394572,100,64.31735253394572,2026-03-06T04:50:14.257413,final,3
121,Mathematics,100.0,100,100.0,2025-12-03T04:50:14.257413,midterm,1
121,Science,81.99460807168651,100,81.99460807168651,2025-12-03T04:50:14.257413,midterm,1
121,English,75.5171485407281,100,75.5171485407281,2025-12-03T04:50:14.257413,midterm,1
121,Social Studies,67.46407228370445,100,67.46407228370445,2025-12-03T04:50:14.257413,midterm,1
121,Hindi,64.56981944727328,100,64.56981944727328,2025-12-03T04:50:14.257413,midterm,1
121,Mathematics,66.75985677977783,100,66.75985677977783,2026-03-04T04:50:14.257413,midterm,2
121,Science,85.27248271994756,100,85.27248271994756,2026-03-04T04:50:14.257413,midterm,2
121,English,87.68846644213207,100,87.68846644213207,2026-03-04T04:50:14.257413,midterm,2
121,Social Studies,66.7893091895114,100,66.7893091895114,2026-03-04T04:50:14.257413,midterm,2
121,Hindi,91.55159935059388,100,91.55159935059388,2026-03-04T04:50:14.257413,midterm,2
121,Mathematics,77.77060569299833,100,77.77060569299833,2025-11-06T04:50:14.257413,final,3
121,Science,84.06914632968822,100,84.06914632968822,2025-11-06T04:50:14.257413,final,3
121,English,98.72342249238697,100,98.72342249238697,2025-11-06T04:50:14.257413,final,3
121,Social Studies,91.56960936848805,100,91.56960936848805,2025-11-06T04:50:14.257413,final,3
121,Hindi,79.9159097307744,100,79.9159097307744,2025-11-06T04:50:14.257413,final,3
122,Mathematics,78.98924491347253,100,78.98924491347253,2026-02-25T04:50:14.257413,midterm,1
122,Science,66.38301315433236,100,66.38301315433236,2026-02-25T04:50:14.257413,midterm,1
122,English,80.7096339752012,100,80.7096339752012,2026-02-25T04:50:14.257413,midterm,1
122,Social Studies,85.78986477934846,100,85.78986477934846,2026-02-25T04:50:14.257413,midterm,1
122,Hindi,78.02937189611356,100,78.02937189611356,2026-02-25T04:50:14.257413,midterm,1
122,Mathematics,86.58859749670235,100,86.58859749670235,2025-12-27T04:50:14.257413,midterm,2
122,Science,88.66968599721308,100,88.66968599721308,2025-12-27T04:50:14.257413,midterm,2
122,English,85.65260734954461,100,85.65260734954461,2025-12-27T04:50:14.257413,midterm,2
122,Social Studies,81.4011413593908,100,81.4011413593908,2025-12-27T04:50:14.257413,midterm,2
122,Hindi,89.58771388729268,100,89.58771388729268,2025-12-27T04:50:14.257413,midterm,2
122,Mathematics,92.3205736633195,100,92.3205736633195,2025-09-26T04:50:14.257413,final,3
122,Science,76.99717639319694,100,76.99717639319694,2025-09-26T04:50:14.257413,final,3
122,English,100.0,100,100.0,2025-09-26T04:50:14.257413,final,3
122,Social Studies,86.91528584478279,100,86.91528584478279,2025-09-26T04:50:14.257413,final,3
122,Hindi,88.08966339707388,100,88.08966339707388,2025-09-26T04:50:14.257413,final,3
123,Mathematics,60.15485886810502,100,60.15485886810502,2025-12-10T04:50:14.257413,midterm,1
123,Science,55.40487594817447,100,55.40487594817447,2025-12-10T04:50:14.257413,midterm,1
123,English,62.6040809746719,100,62.6040809746719,2025-12-10T04:50:14.257413,midterm,1
123,Social Studies,55.9439562875577,100,55.9439562875577,2025-12-10T04:50:14.257413,midterm,1
123,Hindi,46.948340889135075,100,46.948340889135075,2025-12-10T04:50:14.257413,midterm,1
123,Mathematics,56.687749887600475,100,56.687749887600475,2026-02-24T04:50:14.257413,midterm,2
123,Science,41.63545256233284,100,41.63545256233284,2026-02-24T04:50:14.257413,midterm,2
123,English,54.15831169330469,100,54.15831169330469,2026-02-24T04:50:14.257413,midterm,2
123,Social Studies,52.740414729094844,100,52.740414729094844,2026-02-24T04:50:14.257413,midterm,2
123,Hindi,50.99154606281406,100,50.99154606281406,2026-02-24T04:50:14.257413,midterm,2
123,Mathematics,51.787339521150145,100,51.787339521150145,2026-02-11T04:50:14.257413,final,3
123,Science,34.254224180563064,100,34.254224180563064,2026-02-11T04:50:14.257413,final,3
123,English,47.58546555812984,100,47.58546555812984,2026-02-11T04:50:14.257413,final,3
123,Social Studies,54.0011636469506,100,54.0011636469506,2026-02-11T04:50:14.257413,final,3
123,Hindi,54.67127855551346,100,54.67127855551346,2026-02-11T04:50:14.257413,final,3
124,Mathematics,44.87746138555902,100,44.87746138555902,2025-10-22T04:50:14.257413,midterm,1
124,Science,67.81129120346561,100,67.81129120346561,2025-10-22T04:50:14.257413,midterm,1
124,English,46.4924643126736,100,46.4924643126736,2025-10-22T04:50:14.257413,midterm,1
124,Social Studies,64.84878480008598,100,64.84878480008598,2025-10-22T04:50:14.257413,midterm,1
124,Hindi,59.42615641353545,100,59.42615641353545,2025-10-22T04:50:14.257413,midterm,1
124,Mathematics,48.69193969638057,100,48.69193969638057,2025-12-13T04:50:14.257413,midterm,2
124,Science,72.90732172091373,100,72.90732172091373,2025-12-13T04:50:14.257413,midterm,2
124,English,43.217844477253806,100,43.217844477253806,2025-12-13T04:50:14.257413,midterm,2
124,Social Studies,64.34575453091863,100,64.34575453091863,2025-12-13T04:50:14.257413,midterm,2
124,Hindi,65.16003597524839,100,65.16003597524839,2025-12-13T04:50:14.257413,midterm,2
124,Mathematics,48.44801070405216,100,48.44801070405216,2025-11-11T04:50:14.257413,final,3
124,Science,69.0788657954619,100,69.0788657954619,2025-11-11T04:50:14.257413,final,3
124,English,52.653747648829075,100,52.653747648829075,2025-11-11T04:50:14.257413,final,3
124,Social Studies,58.04114908761718,100,58.04114908761718,2025-11-11T04:50:14.257413,final,3
124,Hindi,57.75743118253081,100,57.75743118253081,2025-11-11T04:50:14.257413,final,3
125,Mathematics,44.85108199085434,100,44.85108199085434,2025-10-06T04:50:14.257413,midterm,1
125,Science,54.30225213715764,100,54.30225213715764,2025-10-06T04:50:14.257413,midterm,1
125,English,54.12905661108195,100,54.12905661108195,2025-10-06T04:50:14.257413,midterm,1
125,Social Studies,28.708849673178012,100,28.708849673178012,2025-10-06T04:50:14.257413,midterm,1
125,Hindi,59.237571834341345,100,59.237571834341345,2025-10-06T04:50:14.257413,midterm,1
125,Mathematics,29.569249525203077,100,29.569249525203077,2025-10-02T04:50:14.257413,midterm,2
125,Science,56.51963144897639,100,56.51963144897639,2025-10-02T04:50:14.257413,midterm,2
125,English,57.46122077383565,100,57.46122077383565,2025-10-02T04:50:14.257413,midterm,2
125,Social Studies,35.28450510340784,100,35.28450510340784,2025-10-02T04:50:14.257413,midterm,2
125,Hindi,42.086026526013974,100,42.086026526013974,2025-10-02T04:50:14.257413,midterm,2
125,Mathematics,35.13712272070046,100,35.13712272070046,2025-11-26T04:50:14.257413,final,3
125,Science,44.044959102672465,100,44.044959102672465,2025-11-26T04:50:14.257413,final,3
125,English,43.1138265637024,100,43.1138265637024,2025-11-26T04:50:14.257413,final,3
125,Social Studies,53.990774728253214,100,53.990774728253214,2025-11-26T04:50:14.257413,final,3
125,Hindi,59.2972568667559,100,59.2972568667559,2025-11-26T04:50:14.257413,final,3
126,Mathematics,93.43750524425357,100,93.43750524425357,2025-10-26T04:50:14.257413,midterm,1
126,Science,73.85898687057099,100,73.85898687057099,2025-10-26T04:50:14.257413,midterm,1
126,English,77.38844839890874,100,77.38844839890874,2025-10-26T04:50:14.257413,midterm,1
126,Social Studies,62.64628521414451,100,62.64628521414451,2025-10-26T04:50:14.257413,midterm,1
126,Hindi,71.42196647139212,100,71.42196647139212,2025-10-26T04:50:14.257413,midterm,1
126,Mathematics,89.12918346732859,100,89.12918346732859,2025-12-26T04:50:14.257413,midterm,2
126,Science,95.63649537183633,100,95.63649537183633,2025-12-26T04:50:14.257413,midterm,2
126,English,67.1371784175548,100,67.1371784175548,2025-12-26T04:50:14.257413,midterm,2
126,Social Studies,73.55602454482508,100,73.55602454482508,2025-12-26T04:50:14.257413,midterm,2
126,Hindi,79.21660956676475,100,79.21660956676475,2025-12-26T04:50:14.257413,midterm,2
126,Mathematics,82.28227872455008,100,82.28227872455008,2025-11-14T04:50:14.257413,final,3
126,Science,71.38463193713756,100,71.38463193713756,2025-11-14T04:50:14.257413,final,3
126,English,83.72127758099491,100,83.72127758099491,2025-11-14T04:50:14.257413,final,3
126,Social Studies,74.74227366564486,100,74.74227366564486,2025-11-14T04:50:14.257413,final,3
126,Hindi,79.33614442757123,100,79.33614442757123,2025-11-14T04:50:14.257413,final,3
127,Mathematics,80.29293810684294,100,80.29293810684294,2025-10-21T04:50:14.257413,midterm,1
127,Science,74.89431832491532,100,74.89431832491532,2025-10-21T04:50:14.257413,midterm,1
127,English,70.46623672154026,100,70.46623672154026,2025-10-21T04:50:14.257413,midterm,1
127,Social Studies,73.73399758754763,100,73.73399758754763,2025-10-21T04:50:14.257413,midterm,1
127,Hindi,73.94646603475259,100,73.94646603475259,2025-10-21T04:50:14.257413,midterm,1
127,Mathematics,71.12998532798467,100,71.12998532798467,2026-02-13T04:50:14.257413,midterm,2
127,Science,72.24213500013492,100,72.24213500013492,2026-02-13T04:50:14.257413,midterm,2
127,English,90.81656733185311,100,90.81656733185311,2026-02-13T04:50:14.257413,midterm,2
127,Social Studies,80.43929010621832,100,80.43929010621832,2026-02-13T04:50:14.257413,midterm,2
127,Hindi,71.87529244651434,100,71.87529244651434,2026-02-13T04:50:14.257413,midterm,2
127,Mathematics,81.7996396719133,100,81.7996396719133,2026-01-01T04:50:14.257413,final,3
127,Science,71.49190072924584,100,71.49190072924584,2026-01-01T04:50:14.257413,final,3
127,English,86.56134200267235,100,86.56134200267235,2026-01-01T04:50:14.257413,final,3
127,Social Studies,78.52651754878688,100,78.52651754878688,2026-01-01T04:50:14.257413,final,3
127,Hindi,73.75707418676366,100,73.75707418676366,2026-01-01T04:50:14.257413,final,3
128,Mathematics,78.92833247347212,100,78.92833247347212,2025-12-10T04:50:14.257413,midterm,1
128,Science,58.742401694684354,100,58.742401694684354,2025-12-10T04:50:14.257413,midterm,1
128,English,63.1834885262713,100,63.1834885262713,2025-12-10T04:50:14.257413,midterm,1
128,Social Studies,62.51191315137879,100,62.51191315137879,2025-12-10T04:50:14.257413,midterm,1
128,Hindi,75.88059416300642,100,75.88059416300642,2025-12-10T04:50:14.257413,midterm,1
128,Mathematics,91.77631321022027,100,91.77631321022027,2026-03-02T04:50:14.257413,midterm,2
128,Science,96.76416467729567,100,96.76416467729567,2026-03-02T04:50:14.257413,midterm,2
128,English,80.83167422977692,100,80.83167422977692,2026-03-02T04:50:14.257413,midterm,2
128,Social Studies,79.45960796481391,100,79.45960796481391,2026-03-02T04:50:14.257413,midterm,2
128,Hindi,56.440585873841954,100,56.440585873841954,2026-03-02T04:50:14.257413,midterm,2
128,Mathematics,69.02442521802914,100,69.02442521802914,2025-11-02T04:50:14.257413,final,3
128,Science,66.57332569628696,100,66.57332569628696,2025-11-02T04:50:14.257413,final,3
128,English,68.24268723285819,100,68.24268723285819,2025-11-02T04:50:14.257413,final,3
128,Social Studies,72.76972502952145,100,72.76972502952145,2025-11-02T04:50:14.257413,final,3
128,Hindi,69.73025743839807,100,69.73025743839807,2025-11-02T04:50:14.257413,final,3
129,Mathematics,67.34726507925333,100,67.34726507925333,2026-02-05T04:50:14.257413,midterm,1
129,Science,94.61936574418655,100,94.61936574418655,2026-02-05T04:50:14.257413,midterm,1
129,English,76.41283292561315,100,76.41283292561315,2026-02-05T04:50:14.257413,midterm,1
129,Social Studies,89.5327318241227,100,89.5327318241227,2026-02-05T04:50:14.257413,midterm,1
129,Hindi,100.0,100,100.0,2026-02-05T04:50:14.257413,midterm,1
129,Mathematics,77.94641726714698,100,77.94641726714698,2025-09-22T04:50:14.257413,midterm,2
129,Science,61.83738795554792,100,61.83738795554792,2025-09-22T04:50:14.257413,midterm,2
129,English,84.2802209642101,100,84.2802209642101,2025-09-22T04:50:14.257413,midterm,2
129,Social Studies,98.14985953299693,100,98.14985953299693,2025-09-22T04:50:14.257413,midterm,2
129,Hindi,100.0,100,100.0,2025-09-22T04:50:14.257413,midterm,2
129,Mathematics,74.84476723848705,100,74.84476723848705,2026-01-15T04:50:14.257413,final,3
129,Science,92.10725541537643,100,92.10725541537643,2026-01-15T04:50:14.257413,final,3
129,English,82.48715861521067,100,82.48715861521067,2026-01-15T04:50:14.257413,final,3
129,Social Studies,86.08077963996986,100,86.08077963996986,2026-01-15T04:50:14.257413,final,3
129,Hindi,100.0,100,100.0,2026-01-15T04:50:14.257413,final,3
130,Mathematics,78.30742911793863,100,78.30742911793863,2025-10-24T04:50:14.258414,midterm,1
130,Science,95.8745290168359,100,95.8745290168359,2025-10-24T04:50:14.258414,midterm,1
130,English,98.01406411954449,100,98.01406411954449,2025-10-24T04:50:14.258414,midterm,1
130,Social Studies,100.0,100,100.0,2025-10-24T04:50:14.258414,midterm,1
130,Hindi,94.31696393659911,100,94.31696393659911,2025-10-24T04:50:14.258414,midterm,1
130,Mathematics,96.41763779693119,100,96.41763779693119,2026-01-09T04:50:14.258414,midterm,2
130,Science,89.42064672767225,100,89.42064672767225,2026-01-09T04:50:14.258414,midterm,2
130,English,96.02840181434124,100,96.02840181434124,2026-01-09T04:50:14.258414,midterm,2
130,Social Studies,89.90520964691605,100,89.90520964691605,2026-01-09T04:50:14.258414,midterm,2
130,Hindi,99.55285130045067,100,99.55285130045067,2026-01-09T04:50:14.258414,midterm,2
130,Mathematics,89.64102904145382,100,89.64102904145382,2025-11-03T04:50:14.258414,final,3
130,Science,97.10813634091203,100,97.10813634091203,2025-11-03T04:50:14.258414,final,3
130,English,93.04450426504037,100,93.04450426504037,2025-11-03T04:50:14.258414,final,3
130,Social Studies,100.0,100,100.0,2025-11-03T04:50:14.258414,final,3
130,Hindi,92.82319516600529,100,92.82319516600529,2025-11-03T04:50:14.258414,final,3
131,Mathematics,35.852201763342634,100,35.852201763342634,2026-01-28T04:50:14.258414,midterm,1
131,Science,66.20174145255137,100,66.20174145255137,2026-01-28T04:50:14.258414,midterm,1
131,English,44.52520343678526,100,44.52520343678526,2026-01-28T04:50:14.258414,midterm,1
131,Social Studies,47.044863058923255,100,47.044863058923255,2026-01-28T04:50:14.258414,midterm,1
131,Hindi,47.62591350497653,100,47.62591350497653,2026-01-28T04:50:14.258414,midterm,1
131,Mathematics,67.32690737711962,100,67.32690737711962,2025-12-05T04:50:14.258414,midterm,2
131,Science,32.2257843056245,100,32.2257843056245,2025-12-05T04:50:14.258414,midterm,2
131,English,84.96001178201139,100,84.96001178201139,2025-12-05T04:50:14.258414,midterm,2
131,Social Studies,64.14309453607197,100,64.14309453607197,2025-12-05T04:50:14.258414,midterm,2
131,Hindi,55.81491558670305,100,55.81491558670305,2025-12-05T04:50:14.258414,midterm,2
131,Mathematics,53.03358643924859,100,53.03358643924859,2026-01-18T04:50:14.258414,final,3
131,Science,56.43806719398802,100,56.43806719398802,2026-01-18T04:50:14.258414,final,3
131,English,58.79375072920484,100,58.79375072920484,2026-01-18T04:50:14.258414,final,3
131,Social Studies,60.034682304912025,100,60.034682304912025,2026-01-18T04:50:14.258414,final,3
131,Hindi,59.13857110544594,100,59.13857110544594,2026-01-18T04:50:14.258414,final,3
132,Mathematics,76.03789093866506,100,76.03789093866506,2026-01-20T04:50:14.258414,midterm,1
132,Science,73.1686999230393,100,73.1686999230393,2026-01-20T04:50:14.258414,midterm,1
132,English,73.62935128957744,100,73.62935128957744,2026-01-20T04:50:14.258414,midterm,1
132,Social Studies,73.19300132258576,100,73.19300132258576,2026-01-20T04:50:14.258414,midterm,1
132,Hindi,86.47978509478321,100,86.47978509478321,2026-01-20T04:50:14.258414,midterm,1
132,Mathematics,81.07765134892118,100,81.07765134892118,2026-01-29T04:50:14.258414,midterm,2
132,Science,45.73819777946976,100,45.73819777946976,2026-01-29T04:50:14.258414,midterm,2
132,English,81.70109189141017,100,81.70109189141017,2026-01-29T04:50:14.258414,midterm,2
132,Social Studies,77.08944607330031,100,77.08944607330031,2026-01-29T04:50:14.258414,midterm,2
132,Hindi,74.95499656165359,100,74.95499656165359,2026-01-29T04:50:14.258414,midterm,2
132,Mathematics,71.2568995952237,100,71.2568995952237,2025-12-13T04:50:14.258414,final,3
132,Science,86.3832113259727,100,86.3832113259727,2025-12-13T04:50:14.258414,final,3
132,English,84.61734874734114,100,84.61734874734114,2025-12-13T04:50:14.258414,final,3
132,Social Studies,67.41330744787648,100,67.41330744787648,2025-12-13T04:50:14.258414,final,3
132,Hindi,79.21260699735791,100,79.21260699735791,2025-12-13T04:50:14.258414,final,3
133,Mathematics,48.51612341747441,100,48.51612341747441,2025-12-14T04:50:14.258414,midterm,1
133,Science,44.43650911499797,100,44.43650911499797,2025-12-14T04:50:14.258414,midterm,1
133,English,51.96551851698762,100,51.96551851698762,2025-12-14T04:50:14.258414,midterm,1
133,Social Studies,66.85662548671486,100,66.85662548671486,2025-12-14T04:50:14.258414,midterm,1
133,Hindi,67.76394121664813,100,67.76394121664813,2025-12-14T04:50:14.258414,midterm,1
133,Mathematics,63.36354496386021,100,63.36354496386021,2025-10-24T04:50:14.258414,midterm,2
133,Science,65.48364863136725,100,65.48364863136725,2025-10-24T04:50:14.258414,midterm,2
133,English,63.394473634036856,100,63.394473634036856,2025-10-24T04:50:14.258414,midterm,2
133,Social Studies,51.81787481065775,100,51.81787481065775,2025-10-24T04:50:14.258414,midterm,2
133,Hindi,62.55191620962668,100,62.55191620962668,2025-10-24T04:50:14.258414,midterm,2
133,Mathematics,66.2367860151641,100,66.2367860151641,2025-10-18T04:50:14.258414,final,3
133,Science,65.77560406102302,100,65.77560406102302,2025-10-18T04:50:14.258414,final,3
133,English,70.12182447763371,100,70.12182447763371,2025-10-18T04:50:14.258414,final,3
133,Social Studies,65.31572923489792,100,65.31572923489792,2025-10-18T04:50:14.258414,final,3
133,Hindi,61.7471728383031,100,61.7471728383031,2025-10-18T04:50:14.258414,final,3
134,Mathematics,78.24443332790568,100,78.24443332790568,2026-02-09T04:50:14.258414,midterm,1
134,Science,67.2777183522508,100,67.2777183522508,2026-02-09T04:50:14.258414,midterm,1
134,English,58.72418443246422,100,58.72418443246422,2026-02-09T04:50:14.258414,midterm,1
134,Social Studies,65.91226130530376,100,65.91226130530376,2026-02-09T04:50:14.258414,midterm,1
134,Hindi,60.09390449667691,100,60.09390449667691,2026-02-09T04:50:14.258414,midterm,1
134,Mathematics,60.79114819499758,100,60.79114819499758,2025-11-19T04:50:14.258414,midterm,2
134,Science,66.09774423758623,100,66.09774423758623,2025-11-19T04:50:14.258414,midterm,2
134,English,59.618731734741786,100,59.618731734741786,2025-11-19T04:50:14.258414,midterm,2
134,Social Studies,64.463315648351,100,64.463315648351,2025-11-19T04:50:14.258414,midterm,2
134,Hindi,48.606784275203545,100,48.606784275203545,2025-11-19T04:50:14.258414,midterm,2
134,Mathematics,69.67586801847078,100,69.67586801847078,2026-01-17T04:50:14.258414,final,3
134,Science,67.55498569836364,100,67.55498569836364,2026-01-17T04:50:14.258414,final,3
134,English,59.37204463405949,100,59.37204463405949,2026-01-17T04:50:14.258414,final,3
134,Social Studies,74.13538762906545,100,74.13538762906545,2026-01-17T04:50:14.258414,final,3
134,Hindi,76.91863232100698,100,76.91863232100698,2026-01-17T04:50:14.258414,final,3
135,Mathematics,74.32412975483803,100,74.32412975483803,2026-03-03T04:50:14.258414,midterm,1
135,Science,82.77248061286562,100,82.77248061286562,2026-03-03T04:50:14.258414,midterm,1
135,English,82.70830490065478,100,82.70830490065478,2026-03-03T04:50:14.258414,midterm,1
135,Social Studies,81.00069738743912,100,81.00069738743912,2026-03-03T04:50:14.258414,midterm,1
135,Hindi,98.69447681784526,100,98.69447681784526,2026-03-03T04:50:14.258414,midterm,1
135,Mathematics,88.46146701079974,100,88.46146701079974,2025-10-11T04:50:14.258414,midterm,2
135,Science,87.75457998542166,100,87.75457998542166,2025-10-11T04:50:14.258414,midterm,2
135,English,70.36110475446023,100,70.36110475446023,2025-10-11T04:50:14.258414,midterm,2
135,Social Studies,96.75390870062003,100,96.75390870062003,2025-10-11T04:50:14.258414,midterm,2
135,Hindi,78.00714444999305,100,78.00714444999305,2025-10-11T04:50:14.258414,midterm,2
135,Mathematics,90.99905470119106,100,90.99905470119106,2026-03-10T04:50:14.258414,final,3
135,Science,93.17349777810969,100,93.17349777810969,2026-03-10T04:50:14.258414,final,3
135,English,100.0,100,100.0,2026-03-10T04:50:14.258414,final,3
135,Social Studies,77.31152440733665,100,77.31152440733665,2026-03-10T04:50:14.258414,final,3
135,Hindi,60.204606840319514,100,60.204606840319514,2026-03-10T04:50:14.258414,final,3
136,Mathematics,36.70778720055953,100,36.70778720055953,2025-10-03T04:50:14.258414,midterm,1
136,Science,52.874403568131115,100,52.874403568131115,2025-10-03T04:50:14.258414,midterm,1
136,English,47.258755282416956,100,47.258755282416956,2025-10-03T04:50:14.258414,midterm,1
136,Social Studies,36.965885905768836,100,36.965885905768836,2025-10-03T04:50:14.258414,midterm,1
136,Hindi,29.952929896702106,100,29.952929896702106,2025-10-03T04:50:14.258414,midterm,1
136,Mathematics,42.940517719395686,100,42.940517719395686,2026-02-21T04:50:14.258414,midterm,2
136,Science,25.133829755977892,100,25.133829755977892,2026-02-21T04:50:14.258414,midterm,2
136,English,39.63286944658477,100,39.63286944658477,2026-02-21T04:50:14.258414,midterm,2
136,Social Studies,39.923993344688846,100,39.923993344688846,2026-02-21T04:50:14.258414,midterm,2
136,Hindi,45.47139082801138,100,45.47139082801138,2026-02-21T04:50:14.258414,midterm,2
136,Mathematics,62.465892142133356,100,62.465892142133356,2026-01-13T04:50:14.258414,final,3
136,Science,38.79345142481025,100,38.79345142481025,2026-01-13T04:50:14.258414,final,3
136,English,29.779655495947594,100,29.779655495947594,2026-01-13T04:50:14.258414,final,3
136,Social Studies,34.61354863110264,100,34.61354863110264,2026-01-13T04:50:14.258414,final,3
136,Hindi,17.1785327041314,100,17.1785327041314,2026-01-13T04:50:14.258414,final,3
137,Mathematics,76.89409188154345,100,76.89409188154345,2025-11-20T04:50:14.258414,midterm,1
137,Science,79.74839881130299,100,79.74839881130299,2025-11-20T04:50:14.258414,midterm,1
137,English,78.6003392130881,100,78.6003392130881,2025-11-20T04:50:14.258414,midterm,1
137,Social Studies,85.36477191277125,100,85.36477191277125,2025-11-20T04:50:14.258414,midterm,1
137,Hindi,75.61702386861202,100,75.61702386861202,2025-11-20T04:50:14.258414,midterm,1
137,Mathematics,95.05152986567875,100,95.05152986567875,2025-10-24T04:50:14.258414,midterm,2
137,Science,83.843293841616,100,83.843293841616,2025-10-24T04:50:14.258414,midterm,2
137,English,83.74821998104788,100,83.74821998104788,2025-10-24T04:50:14.258414,midterm,2
137,Social Studies,80.56227602730485,100,80.56227602730485,2025-10-24T04:50:14.258414,midterm,2
137,Hindi,85.39313003102382,100,85.39313003102382,2025-10-24T04:50:14.258414,midterm,2
137,Mathematics,92.09220583911038,100,92.09220583911038,2026-03-09T04:50:14.258414,final,3
137,Science,75.16992103532502,100,75.16992103532502,2026-03-09T04:50:14.258414,final,3
137,English,77.26005830168147,100,77.26005830168147,2026-03-09T04:50:14.258414,final,3
137,Social Studies,80.80396290466739,100,80.80396290466739,2026-03-09T04:50:14.258414,final,3
137,Hindi,70.38251395770187,100,70.38251395770187,2026-03-09T04:50:14.258414,final,3
138,Mathematics,25.145223873869455,100,25.145223873869455,2026-01-12T04:50:14.258414,midterm,1
138,Science,28.575593735637838,100,28.575593735637838,2026-01-12T04:50:14.258414,midterm,1
138,English,42.08169427821171,100,42.08169427821171,2026-01-12T04:50:14.258414,midterm,1
138,Social Studies,35.96341576110368,100,35.96341576110368,2026-01-12T04:50:14.258414,midterm,1
138,Hindi,35.27370158475988,100,35.27370158475988,2026-01-12T04:50:14.258414,midterm,1
138,Mathematics,41.84678209276415,100,41.84678209276415,2025-11-26T04:50:14.258414,midterm,2
138,Science,31.964084587090465,100,31.964084587090465,2025-11-26T04:50:14.258414,midterm,2
138,English,37.242450970373326,100,37.242450970373326,2025-11-26T04:50:14.258414,midterm,2
138,Social Studies,32.30558494175947,100,32.30558494175947,2025-11-26T04:50:14.258414,midterm,2
138,Hindi,35.991425965080715,100,35.991425965080715,2025-11-26T04:50:14.258414,midterm,2
138,Mathematics,27.51021589496861,100,27.51021589496861,2025-10-03T04:50:14.258414,final,3
138,Science,8.94963088832014,100,8.94963088832014,2025-10-03T04:50:14.258414,final,3
138,English,31.995010849221387,100,31.995010849221387,2025-10-03T04:50:14.258414,final,3
138,Social Studies,47.565283832083836,100,47.565283832083836,2025-10-03T04:50:14.258414,final,3
138,Hindi,42.59995649350036,100,42.59995649350036,2025-10-03T04:50:14.258414,final,3
139,Mathematics,100.0,100,100.0,2025-12-08T04:50:14.258414,midterm,1
139,Science,100.0,100,100.0,2025-12-08T04:50:14.258414,midterm,1
139,English,92.9175657051779,100,92.9175657051779,2025-12-08T04:50:14.258414,midterm,1
139,Social Studies,94.00414686961949,100,94.00414686961949,2025-12-08T04:50:14.258414,midterm,1
139,Hindi,85.85447084122002,100,85.85447084122002,2025-12-08T04:50:14.258414,midterm,1
139,Mathematics,88.87026123529303,100,88.87026123529303,2025-12-14T04:50:14.258414,midterm,2
139,Science,98.18870129327495,100,98.18870129327495,2025-12-14T04:50:14.258414,midterm,2
139,English,100.0,100,100.0,2025-12-14T04:50:14.258414,midterm,2
139,Social Studies,90.63652703875353,100,90.63652703875353,2025-12-14T04:50:14.258414,midterm,2
139,Hindi,87.52909714704941,100,87.52909714704941,2025-12-14T04:50:14.258414,midterm,2
139,Mathematics,92.0362693841295,100,92.0362693841295,2025-12-31T04:50:14.258414,final,3
139,Science,98.04305728485468,100,98.04305728485468,2025-12-31T04:50:14.258414,final,3
139,English,77.59244163422811,100,77.59244163422811,2025-12-31T04:50:14.258414,final,3
139,Social Studies,69.06918026419115,100,69.06918026419115,2025-12-31T04:50:14.258414,final,3
139,Hindi,86.52562130064769,100,86.52562130064769,2025-12-31T04:50:14.258414,final,3
140,Mathematics,70.96433182141803,100,70.96433182141803,2025-11-22T04:50:14.258414,midterm,1
140,Science,78.09005410408652,100,78.09005410408652,2025-11-22T04:50:14.258414,midterm,1
140,English,81.6936528923849,100,81.6936528923849,2025-11-22T04:50:14.258414,midterm,1
140,Social Studies,78.6389719903295,100,78.6389719903295,2025-11-22T04:50:14.258414,midterm,1
140,Hindi,97.69613142526708,100,97.69613142526708,2025-11-22T04:50:14.258414,midterm,1
140,Mathematics,86.43890372658282,100,86.43890372658282,2026-02-25T04:50:14.258414,midterm,2
140,Science,86.1761996766679,100,86.1761996766679,2026-02-25T04:50:14.258414,midterm,2
140,English,89.39352752099364,100,89.39352752099364,2026-02-25T04:50:14.258414,midterm,2
140,Social Studies,71.78312490275194,100,71.78312490275194,2026-02-25T04:50:14.258414,midterm,2
140,Hindi,93.56257395476231,100,93.56257395476231,2026-02-25T04:50:14.258414,midterm,2
140,Mathematics,82.41381321520502,100,82.41381321520502,2026-01-30T04:50:14.258414,final,3
140,Science,89.87626225297174,100,89.87626225297174,2026-01-30T04:50:14.258414,final,3
140,English,72.45288375015807,100,72.45288375015807,2026-01-30T04:50:14.258414,final,3
140,Social Studies,67.63386842039898,100,67.63386842039898,2026-01-30T04:50:14.258414,final,3
140,Hindi,91.3503526608099,100,91.3503526608099,2026-01-30T04:50:14.258414,final,3
141,Mathematics,62.06910502783205,100,62.06910502783205,2025-11-30T04:50:14.258414,midterm,1
141,Science,49.28449422328178,100,49.28449422328178,2025-11-30T04:50:14.258414,midterm,1
141,English,49.60837895410994,100,49.60837895410994,2025-11-30T04:50:14.258414,midterm,1
141,Social Studies,69.55935761100457,100,69.55935761100457,2025-11-30T04:50:14.258414,midterm,1
141,Hindi,46.410890838183605,100,46.410890838183605,2025-11-30T04:50:14.258414,midterm,1
141,Mathematics,74.73173929941652,100,74.73173929941652,2025-10-02T04:50:14.258414,midterm,2
141,Science,49.298802420378195,100,49.298802420378195,2025-10-02T04:50:14.258414,midterm,2
141,English,64.68892902294071,100,64.68892902294071,2025-10-02T04:50:14.258414,midterm,2
141,Social Studies,55.018825009367035,100,55.018825009367035,2025-10-02T04:50:14.258414,midterm,2
141,Hindi,64.33688407768031,100,64.33688407768031,2025-10-02T04:50:14.258414,midterm,2
141,Mathematics,52.86386974571496,100,52.86386974571496,2026-02-22T04:50:14.258414,final,3
141,Science,56.67708070613394,100,56.67708070613394,2026-02-22T04:50:14.258414,final,3
141,English,58.71420152081409,100,58.71420152081409,2026-02-22T04:50:14.258414,final,3
141,Social Studies,48.28313520904216,100,48.28313520904216,2026-02-22T04:50:14.258414,final,3
141,Hindi,65.71325322105814,100,65.71325322105814,2026-02-22T04:50:14.258414,final,3
142,Mathematics,46.85654768286421,100,46.85654768286421,2025-10-19T04:50:14.258414,midterm,1
142,Science,49.70268419417988,100,49.70268419417988,2025-10-19T04:50:14.258414,midterm,1
142,English,42.04518960149494,100,42.04518960149494,2025-10-19T04:50:14.258414,midterm,1
142,Social Studies,26.36534675962696,100,26.36534675962696,2025-10-19T04:50:14.258414,midterm,1
142,Hindi,50.07840572157838,100,50.07840572157838,2025-10-19T04:50:14.258414,midterm,1
142,Mathematics,76.11483756370922,100,76.11483756370922,2025-09-23T04:50:14.258414,midterm,2
142,Science,59.834726226560306,100,59.834726226560306,2025-09-23T04:50:14.258414,midterm,2
142,English,51.796079550236115,100,51.796079550236115,2025-09-23T04:50:14.258414,midterm,2
142,Social Studies,49.35977505549739,100,49.35977505549739,2025-09-23T04:50:14.258414,midterm,2
142,Hindi,52.213342275700526,100,52.213342275700526,2025-09-23T04:50:14.258414,midterm,2
142,Mathematics,57.459874499332166,100,57.459874499332166,2026-02-23T04:50:14.258414,final,3
142,Science,40.18055519449162,100,40.18055519449162,2026-02-23T04:50:14.258414,final,3
142,English,63.13190029426879,100,63.13190029426879,2026-02-23T04:50:14.258414,final,3
142,Social Studies,59.142496501992504,100,59.142496501992504,2026-02-23T04:50:14.258414,final,3
142,Hindi,59.17054060465941,100,59.17054060465941,2026-02-23T04:50:14.258414,final,3
143,Mathematics,72.45280299533064,100,72.45280299533064,2026-01-07T04:50:14.258414,midterm,1
143,Science,68.26421218417327,100,68.26421218417327,2026-01-07T04:50:14.258414,midterm,1
143,English,74.79665796690158,100,74.79665796690158,2026-01-07T04:50:14.258414,midterm,1
143,Social Studies,73.98618694464716,100,73.98618694464716,2026-01-07T04:50:14.258414,midterm,1
143,Hindi,64.52763849782313,100,64.52763849782313,2026-01-07T04:50:14.258414,midterm,1
143,Mathematics,62.33202787826436,100,62.33202787826436,2026-02-17T04:50:14.258414,midterm,2
143,Science,69.08660855985325,100,69.08660855985325,2026-02-17T04:50:14.258414,midterm,2
143,English,83.55824712218525,100,83.55824712218525,2026-02-17T04:50:14.258414,midterm,2
143,Social Studies,55.676974850694364,100,55.676974850694364,2026-02-17T04:50:14.258414,midterm,2
143,Hindi,53.392792949708976,100,53.392792949708976,2026-02-17T04:50:14.258414,midterm,2
143,Mathematics,69.71565401959855,100,69.71565401959855,2025-09-22T04:50:14.258414,final,3
143,Science,68.57692262579356,100,68.57692262579356,2025-09-22T04:50:14.258414,final,3
143,English,69.80146225093745,100,69.80146225093745,2025-09-22T04:50:14.258414,final,3
143,Social Studies,70.50757758631838,100,70.50757758631838,2025-09-22T04:50:14.258414,final,3
143,Hindi,65.83602306088532,100,65.83602306088532,2025-09-22T04:50:14.258414,final,3
144,Mathematics,47.964985149525454,100,47.964985149525454,2026-01-11T04:50:14.258414,midterm,1
144,Science,17.057310978739473,100,17.057310978739473,2026-01-11T04:50:14.258414,midterm,1
144,English,24.781380515702168,100,24.781380515702168,2026-01-11T04:50:14.258414,midterm,1
144,Social Studies,32.03380316201416,100,32.03380316201416,2026-01-11T04:50:14.258414,midterm,1
144,Hindi,16.634462651962956,100,16.634462651962956,2026-01-11T04:50:14.258414,midterm,1
144,Mathematics,31.30780671918392,100,31.30780671918392,2026-01-06T04:50:14.259433,midterm,2
144,Science,49.68105242078481,100,49.68105242078481,2026-01-06T04:50:14.259433,midterm,2
144,English,33.27521564646425,100,33.27521564646425,2026-01-06T04:50:14.259433,midterm,2
144,Social Studies,35.37335982069146,100,35.37335982069146,2026-01-06T04:50:14.259433,midterm,2
144,Hindi,20.464703111778828,100,20.464703111778828,2026-01-06T04:50:14.259433,midterm,2
144,Mathematics,26.902736683109858,100,26.902736683109858,2025-11-14T04:50:14.259433,final,3
144,Science,29.31438696026526,100,29.31438696026526,2025-11-14T04:50:14.259433,final,3
144,English,29.88919979594229,100,29.88919979594229,2025-11-14T04:50:14.259433,final,3
144,Social Studies,45.88278871354232,100,45.88278871354232,2025-11-14T04:50:14.259433,final,3
144,Hindi,38.64326137075587,100,38.64326137075587,2025-11-14T04:50:14.259433,final,3
145,Mathematics,36.80475076926892,100,36.80475076926892,2025-12-18T04:50:14.259433,midterm,1
145,Science,50.38437812295929,100,50.38437812295929,2025-12-18T04:50:14.259433,midterm,1
145,English,52.90154782360709,100,52.90154782360709,2025-12-18T04:50:14.259433,midterm,1
145,Social Studies,59.32082072385191,100,59.32082072385191,2025-12-18T04:50:14.259433,midterm,1
145,Hindi,63.72473720432298,100,63.72473720432298,2025-12-18T04:50:14.259433,midterm,1
145,Mathematics,37.76838842036055,100,37.76838842036055,2025-10-04T04:50:14.259433,midterm,2
145,Science,39.81075522653586,100,39.81075522653586,2025-10-04T04:50:14.259433,midterm,2
145,English,35.34355174949308,100,35.34355174949308,2025-10-04T04:50:14.259433,midterm,2
145,Social Studies,45.57913174756943,100,45.57913174756943,2025-10-04T04:50:14.259433,midterm,2
145,Hindi,52.58291408310259,100,52.58291408310259,2025-10-04T04:50:14.259433,midterm,2
145,Mathematics,57.79267550453026,100,57.79267550453026,2026-02-17T04:50:14.259433,final,3
145,Science,47.15982010221401,100,47.15982010221401,2026-02-17T04:50:14.259433,final,3
145,English,44.7208551060908,100,44.7208551060908,2026-02-17T04:50:14.259433,final,3
145,Social Studies,49.43691026112665,100,49.43691026112665,2026-02-17T04:50:14.259433,final,3
145,Hindi,39.56790132233901,100,39.56790132233901,2026-02-17T04:50:14.259433,final,3
146,Mathematics,100.0,100,100.0,2026-01-16T04:50:14.259433,midterm,1
146,Science,77.02678424682796,100,77.02678424682796,2026-01-16T04:50:14.259433,midterm,1
146,English,94.95080030696579,100,94.95080030696579,2026-01-16T04:50:14.259433,midterm,1
146,Social Studies,100.0,100,100.0,2026-01-16T04:50:14.259433,midterm,1
146,Hindi,93.17139296360853,100,93.17139296360853,2026-01-16T04:50:14.259433,midterm,1
146,Mathematics,91.2030041679936,100,91.2030041679936,2026-02-16T04:50:14.259433,midterm,2
146,Science,89.52894028990427,100,89.52894028990427,2026-02-16T04:50:14.259433,midterm,2
146,English,91.29947770038446,100,91.29947770038446,2026-02-16T04:50:14.259433,midterm,2
146,Social Studies,100.0,100,100.0,2026-02-16T04:50:14.259433,midterm,2
146,Hindi,70.98477540471347,100,70.98477540471347,2026-02-16T04:50:14.259433,midterm,2
146,Mathematics,100.0,100,100.0,2025-11-24T04:50:14.259433,final,3
146,Science,78.86382299350709,100,78.86382299350709,2025-11-24T04:50:14.259433,final,3
146,English,90.43687122566439,100,90.43687122566439,2025-11-24T04:50:14.259433,final,3
146,Social Studies,88.81095031502193,100,88.81095031502193,2025-11-24T04:50:14.259433,final,3
146,Hindi,98.98892721571573,100,98.98892721571573,2025-11-24T04:50:14.259433,final,3
147,Mathematics,66.42432217945527,100,66.42432217945527,2025-11-01T04:50:14.259433,midterm,1
147,Science,87.02729235911218,100,87.02729235911218,2025-11-01T04:50:14.259433,midterm,1
147,English,100.0,100,100.0,2025-11-01T04:50:14.259433,midterm,1
147,Social Studies,68.77382565236465,100,68.77382565236465,2025-11-01T04:50:14.259433,midterm,1
147,Hindi,84.3026273743967,100,84.3026273743967,2025-11-01T04:50:14.259433,midterm,1
147,Mathematics,75.78574392032665,100,75.78574392032665,2026-02-16T04:50:14.259433,midterm,2
147,Science,86.66443776022311,100,86.66443776022311,2026-02-16T04:50:14.259433,midterm,2
147,English,82.59704347245027,100,82.59704347245027,2026-02-16T04:50:14.259433,midterm,2
147,Social Studies,75.99069660784966,100,75.99069660784966,2026-02-16T04:50:14.259433,midterm,2
147,Hindi,87.28428854700348,100,87.28428854700348,2026-02-16T04:50:14.259433,midterm,2
147,Mathematics,100.0,100,100.0,2026-01-25T04:50:14.259433,final,3
147,Science,80.49652778101976,100,80.49652778101976,2026-01-25T04:50:14.259433,final,3
147,English,89.60314511977457,100,89.60314511977457,2026-01-25T04:50:14.259433,final,3
147,Social Studies,69.4728361195811,100,69.4728361195811,2026-01-25T04:50:14.259433,final,3
147,Hindi,72.84120193011266,100,72.84120193011266,2026-01-25T04:50:14.259433,final,3
148,Mathematics,90.17556558368373,100,90.17556558368373,2025-09-23T04:50:14.259433,midterm,1
148,Science,100.0,100,100.0,2025-09-23T04:50:14.259433,midterm,1
148,English,89.00763629273656,100,89.00763629273656,2025-09-23T04:50:14.259433,midterm,1
148,Social Studies,82.32092249964842,100,82.32092249964842,2025-09-23T04:50:14.259433,midterm,1
148,Hindi,85.4444168591135,100,85.4444168591135,2025-09-23T04:50:14.259433,midterm,1
148,Mathematics,72.94742546518279,100,72.94742546518279,2025-10-24T04:50:14.259433,midterm,2
148,Science,91.49665606843364,100,91.49665606843364,2025-10-24T04:50:14.259433,midterm,2
148,English,94.27483342811405,100,94.27483342811405,2025-10-24T04:50:14.259433,midterm,2
148,Social Studies,80.93059947654916,100,80.93059947654916,2025-10-24T04:50:14.259433,midterm,2
148,Hindi,80.75108132728495,100,80.75108132728495,2025-10-24T04:50:14.259433,midterm,2
148,Mathematics,88.11028510140045,100,88.11028510140045,2025-11-27T04:50:14.259433,final,3
148,Science,81.08430544447401,100,81.08430544447401,2025-11-27T04:50:14.259433,final,3
148,English,84.79017665862175,100,84.79017665862175,2025-11-27T04:50:14.259433,final,3
148,Social Studies,100.0,100,100.0,2025-11-27T04:50:14.259433,final,3
148,Hindi,82.98124579742,100,82.98124579742,2025-11-27T04:50:14.259433,final,3
149,Mathematics,88.93609269879607,100,88.93609269879607,2025-12-30T04:50:14.259433,midterm,1
149,Science,86.04407616265671,100,86.04407616265671,2025-12-30T04:50:14.259433,midterm,1
149,English,99.96141393400767,100,99.96141393400767,2025-12-30T04:50:14.259433,midterm,1
149,Social Studies,90.70725248682726,100,90.70725248682726,2025-12-30T04:50:14.259433,midterm,1
149,Hindi,86.02576383579404,100,86.02576383579404,2025-12-30T04:50:14.259433,midterm,1
149,Mathematics,100.0,100,100.0,2025-10-12T04:50:14.259433,midterm,2
149,Science,100.0,100,100.0,2025-10-12T04:50:14.259433,midterm,2
149,English,86.51525856162124,100,86.51525856162124,2025-10-12T04:50:14.259433,midterm,2
149,Social Studies,73.85409470540213,100,73.85409470540213,2025-10-12T04:50:14.259433,midterm,2
149,Hindi,100.0,100,100.0,2025-10-12T04:50:14.259433,midterm,2
149,Mathematics,85.67319596140825,100,85.67319596140825,2025-10-25T04:50:14.259433,final,3
149,Science,100.0,100,100.0,2025-10-25T04:50:14.259433,final,3
149,English,72.81845604188993,100,72.81845604188993,2025-10-25T04:50:14.259433,final,3
149,Social Studies,100.0,100,100.0,2025-10-25T04:50:14.259433,final,3
149,Hindi,80.40777492620049,100,80.40777492620049,2025-10-25T04:50:14.259433,final,3
150,Mathematics,37.31532954141935,100,37.31532954141935,2026-01-31T04:50:14.259433,midterm,1
150,Science,30.150419029118446,100,30.150419029118446,2026-01-31T04:50:14.259433,midterm,1
150,English,20.468294156787657,100,20.468294156787657,2026-01-31T04:50:14.259433,midterm,1
150,Social Studies,25.9373252214863,100,25.9373252214863,2026-01-31T04:50:14.259433,midterm,1
150,Hindi,36.87087292032111,100,36.87087292032111,2026-01-31T04:50:14.259433,midterm,1
150,Mathematics,31.066632881906447,100,31.066632881906447,2025-12-24T04:50:14.259433,midterm,2
150,Science,35.851818155478945,100,35.851818155478945,2025-12-24T04:50:14.259433,midterm,2
150,English,49.77209419590896,100,49.77209419590896,2025-12-24T04:50:14.259433,midterm,2
150,Social Studies,14.36527223364359,100,14.36527223364359,2025-12-24T04:50:14.259433,midterm,2
150,Hindi,46.17981410044034,100,46.17981410044034,2025-12-24T04:50:14.259433,midterm,2
150,Mathematics,31.051247725986233,100,31.051247725986233,2025-10-21T04:50:14.259433,final,3
150,Science,21.019847867522824,100,21.019847867522824,2025-10-21T04:50:14.259433,final,3
150,English,16.704552093364207,100,16.704552093364207,2025-10-21T04:50:14.259433,final,3
150,Social Studies,28.11648444298377,100,28.11648444298377,2025-10-21T04:50:14.259433,final,3
150,Hindi,39.2241894699987,100,39.2241894699987,2025-10-21T04:50:14.259433,final,3
151,Mathematics,67.74687258236442,100,67.74687258236442,2025-12-15T04:50:14.259433,midterm,1
151,Science,84.13391308861324,100,84.13391308861324,2025-12-15T04:50:14.259433,midterm,1
151,English,54.51060688562417,100,54.51060688562417,2025-12-15T04:50:14.259433,midterm,1
151,Social Studies,68.90147430767922,100,68.90147430767922,2025-12-15T04:50:14.259433,midterm,1
151,Hindi,56.49842934200857,100,56.49842934200857,2025-12-15T04:50:14.259433,midterm,1
151,Mathematics,72.65868261238944,100,72.65868261238944,2026-01-04T04:50:14.259433,midterm,2
151,Science,77.89123768711276,100,77.89123768711276,2026-01-04T04:50:14.259433,midterm,2
151,English,64.81474584932923,100,64.81474584932923,2026-01-04T04:50:14.259433,midterm,2
151,Social Studies,42.98022521986842,100,42.98022521986842,2026-01-04T04:50:14.259433,midterm,2
151,Hindi,71.01184525410471,100,71.01184525410471,2026-01-04T04:50:14.259433,midterm,2
151,Mathematics,73.38974930347486,100,73.38974930347486,2025-12-11T04:50:14.259433,final,3
151,Science,73.06531133575675,100,73.06531133575675,2025-12-11T04:50:14.259433,final,3
151,English,81.38018570436131,100,81.38018570436131,2025-12-11T04:50:14.259433,final,3
151,Social Studies,58.311826989649276,100,58.311826989649276,2025-12-11T04:50:14.259433,final,3
151,Hindi,75.82452484064426,100,75.82452484064426,2025-12-11T04:50:14.259433,final,3
152,Mathematics,73.96622692323994,100,73.96622692323994,2025-12-23T04:50:14.259433,midterm,1
152,Science,44.255275958395025,100,44.255275958395025,2025-12-23T04:50:14.259433,midterm,1
152,English,65.23767005764996,100,65.23767005764996,2025-12-23T04:50:14.259433,midterm,1
152,Social Studies,56.99935348838348,100,56.99935348838348,2025-12-23T04:50:14.259433,midterm,1
152,Hindi,61.22592506744373,100,61.22592506744373,2025-12-23T04:50:14.259433,midterm,1
152,Mathematics,65.51791663384356,100,65.51791663384356,2025-10-16T04:50:14.259433,midterm,2
152,Science,57.16886615732467,100,57.16886615732467,2025-10-16T04:50:14.259433,midterm,2
152,English,55.28407100684407,100,55.28407100684407,2025-10-16T04:50:14.259433,midterm,2
152,Social Studies,62.38267597334044,100,62.38267597334044,2025-10-16T04:50:14.259433,midterm,2
152,Hindi,51.16869240983216,100,51.16869240983216,2025-10-16T04:50:14.259433,midterm,2
152,Mathematics,51.18290050960834,100,51.18290050960834,2025-10-11T04:50:14.259433,final,3
152,Science,68.83488462802522,100,68.83488462802522,2025-10-11T04:50:14.259433,final,3
152,English,50.55321144687363,100,50.55321144687363,2025-10-11T04:50:14.259433,final,3
152,Social Studies,68.7042768075523,100,68.7042768075523,2025-10-11T04:50:14.259433,final,3
152,Hindi,66.6670647269997,100,66.6670647269997,2025-10-11T04:50:14.259433,final,3
153,Mathematics,49.02836333617267,100,49.02836333617267,2026-01-02T04:50:14.259433,midterm,1
153,Science,59.510784100722084,100,59.510784100722084,2026-01-02T04:50:14.259433,midterm,1
153,English,78.22752465455235,100,78.22752465455235,2026-01-02T04:50:14.259433,midterm,1
153,Social Studies,56.474775312681814,100,56.474775312681814,2026-01-02T04:50:14.259433,midterm,1
153,Hindi,61.64238800098476,100,61.64238800098476,2026-01-02T04:50:14.259433,midterm,1
153,Mathematics,70.9070395565976,100,70.9070395565976,2025-11-14T04:50:14.259433,midterm,2
153,Science,74.12033571690459,100,74.12033571690459,2025-11-14T04:50:14.259433,midterm,2
153,English,63.771041763633676,100,63.771041763633676,2025-11-14T04:50:14.259433,midterm,2
153,Social Studies,60.311328677162216,100,60.311328677162216,2025-11-14T04:50:14.259433,midterm,2
153,Hindi,80.51012924106371,100,80.51012924106371,2025-11-14T04:50:14.259433,midterm,2
153,Mathematics,83.67542726205443,100,83.67542726205443,2026-01-09T04:50:14.259433,final,3
153,Science,76.07501113189659,100,76.07501113189659,2026-01-09T04:50:14.259433,final,3
153,English,67.13961204972887,100,67.13961204972887,2026-01-09T04:50:14.259433,final,3
153,Social Studies,58.203773407669374,100,58.203773407669374,2026-01-09T04:50:14.259433,final,3
153,Hindi,57.98198655851298,100,57.98198655851298,2026-01-09T04:50:14.259433,final,3
154,Mathematics,70.90950088229786,100,70.90950088229786,2025-11-03T04:50:14.259433,midterm,1
154,Science,69.86834203852712,100,69.86834203852712,2025-11-03T04:50:14.259433,midterm,1
154,English,79.70034575910458,100,79.70034575910458,2025-11-03T04:50:14.259433,midterm,1
154,Social Studies,72.18886075500168,100,72.18886075500168,2025-11-03T04:50:14.259433,midterm,1
154,Hindi,50.653556812042105,100,50.653556812042105,2025-11-03T04:50:14.259433,midterm,1
154,Mathematics,76.20383600686947,100,76.20383600686947,2026-02-24T04:50:14.259433,midterm,2
154,Science,55.70375355649615,100,55.70375355649615,2026-02-24T04:50:14.259433,midterm,2
154,English,61.84464711011677,100,61.84464711011677,2026-02-24T04:50:14.259433,midterm,2
154,Social Studies,68.18636189215724,100,68.18636189215724,2026-02-24T04:50:14.259433,midterm,2
154,Hindi,85.64103472747993,100,85.64103472747993,2026-02-24T04:50:14.259433,midterm,2
154,Mathematics,96.7835453896939,100,96.7835453896939,2025-09-23T04:50:14.259433,final,3
154,Science,71.7515904210021,100,71.7515904210021,2025-09-23T04:50:14.259433,final,3
154,English,63.85239364243641,100,63.85239364243641,2025-09-23T04:50:14.259433,final,3
154,Social Studies,71.02941631444578,100,71.02941631444578,2025-09-23T04:50:14.259433,final,3
154,Hindi,74.56091408837865,100,74.56091408837865,2025-09-23T04:50:14.259433,final,3
155,Mathematics,76.80878077033492,100,76.80878077033492,2025-12-10T04:50:14.259433,midterm,1
155,Science,97.96757058503006,100,97.96757058503006,2025-12-10T04:50:14.259433,midterm,1
155,English,82.31616461782086,100,82.31616461782086,2025-12-10T04:50:14.259433,midterm,1
155,Social Studies,84.99288791682078,100,84.99288791682078,2025-12-10T04:50:14.259433,midterm,1
155,Hindi,86.67469954645145,100,86.67469954645145,2025-12-10T04:50:14.259433,midterm,1
155,Mathematics,84.2313231320514,100,84.2313231320514,2025-12-24T04:50:14.259433,midterm,2
155,Science,88.40486203060297,100,88.40486203060297,2025-12-24T04:50:14.259433,midterm,2
155,English,73.8429251604376,100,73.8429251604376,2025-12-24T04:50:14.259433,midterm,2
155,Social Studies,74.43243948644654,100,74.43243948644654,2025-12-24T04:50:14.259433,midterm,2
155,Hindi,69.01391469618989,100,69.01391469618989,2025-12-24T04:50:14.259433,midterm,2
155,Mathematics,84.4104693321091,100,84.4104693321091,2026-01-04T04:50:14.259433,final,3
155,Science,87.80482206102798,100,87.80482206102798,2026-01-04T04:50:14.259433,final,3
155,English,84.5931856874257,100,84.5931856874257,2026-01-04T04:50:14.259433,final,3
155,Social Studies,96.76038135938222,100,96.76038135938222,2026-01-04T04:50:14.259433,final,3
155,Hindi,79.95949683761637,100,79.95949683761637,2026-01-04T04:50:14.259433,final,3
156,Mathematics,54.306477662474805,100,54.306477662474805,2025-10-24T04:50:14.259433,midterm,1
156,Science,36.70205234515654,100,36.70205234515654,2025-10-24T04:50:14.259433,midterm,1
156,English,43.74806408180567,100,43.74806408180567,2025-10-24T04:50:14.259433,midterm,1
156,Social Studies,54.57443868220746,100,54.57443868220746,2025-10-24T04:50:14.259433,midterm,1
156,Hindi,56.110082213981116,100,56.110082213981116,2025-10-24T04:50:14.259433,midterm,1
156,Mathematics,44.679391629907855,100,44.679391629907855,2025-11-25T04:50:14.259433,midterm,2
156,Science,46.90306858796901,100,46.90306858796901,2025-11-25T04:50:14.259433,midterm,2
156,English,32.440323639741585,100,32.440323639741585,2025-11-25T04:50:14.259433,midterm,2
156,Social Studies,44.04876909848359,100,44.04876909848359,2025-11-25T04:50:14.259433,midterm,2
156,Hindi,56.52289274174754,100,56.52289274174754,2025-11-25T04:50:14.259433,midterm,2
156,Mathematics,53.37111126761534,100,53.37111126761534,2025-10-03T04:50:14.259433,final,3
156,Science,52.62571832036178,100,52.62571832036178,2025-10-03T04:50:14.259433,final,3
156,English,48.11679797835928,100,48.11679797835928,2025-10-03T04:50:14.259433,final,3
156,Social Studies,47.68969269283144,100,47.68969269283144,2025-10-03T04:50:14.259433,final,3
156,Hindi,41.01584971181521,100,41.01584971181521,2025-10-03T04:50:14.259433,final,3
157,Mathematics,75.7463027096436,100,75.7463027096436,2025-10-08T04:50:14.259433,midterm,1
157,Science,72.96774795151214,100,72.96774795151214,2025-10-08T04:50:14.259433,midterm,1
157,English,73.67820698754623,100,73.67820698754623,2025-10-08T04:50:14.259433,midterm,1
157,Social Studies,63.49767008094244,100,63.49767008094244,2025-10-08T04:50:14.259433,midterm,1
157,Hindi,47.224589308905806,100,47.224589308905806,2025-10-08T04:50:14.259433,midterm,1
157,Mathematics,79.7295456251552,100,79.7295456251552,2025-11-08T04:50:14.259433,midterm,2
157,Science,63.9696439475342,100,63.9696439475342,2025-11-08T04:50:14.259433,midterm,2
157,English,60.13026086718704,100,60.13026086718704,2025-11-08T04:50:14.259433,midterm,2
157,Social Studies,75.69280762675818,100,75.69280762675818,2025-11-08T04:50:14.259433,midterm,2
157,Hindi,64.83789210842696,100,64.83789210842696,2025-11-08T04:50:14.259433,midterm,2
157,Mathematics,79.35738234808446,100,79.35738234808446,2025-11-19T04:50:14.259433,final,3
157,Science,74.92807800338522,100,74.92807800338522,2025-11-19T04:50:14.259433,final,3
157,English,75.59371173962302,100,75.59371173962302,2025-11-19T04:50:14.259433,final,3
157,Social Studies,55.0984613956129,100,55.0984613956129,2025-11-19T04:50:14.259433,final,3
157,Hindi,80.87745836148225,100,80.87745836148225,2025-11-19T04:50:14.259433,final,3
158,Mathematics,88.35766381858917,100,88.35766381858917,2025-12-12T04:50:14.259433,midterm,1
158,Science,82.05238711378858,100,82.05238711378858,2025-12-12T04:50:14.259433,midterm,1
158,English,87.17904317967313,100,87.17904317967313,2025-12-12T04:50:14.259433,midterm,1
158,Social Studies,67.98280617726742,100,67.98280617726742,2025-12-12T04:50:14.259433,midterm,1
158,Hindi,89.83168662105733,100,89.83168662105733,2025-12-12T04:50:14.259433,midterm,1
158,Mathematics,75.4514434244299,100,75.4514434244299,2025-12-08T04:50:14.259433,midterm,2
158,Science,72.21845564781528,100,72.21845564781528,2025-12-08T04:50:14.259433,midterm,2
158,English,70.52156664407171,100,70.52156664407171,2025-12-08T04:50:14.259433,midterm,2
158,Social Studies,96.87204225614987,100,96.87204225614987,2025-12-08T04:50:14.259433,midterm,2
158,Hindi,79.45252456932273,100,79.45252456932273,2025-12-08T04:50:14.259433,midterm,2
158,Mathematics,100.0,100,100.0,2025-09-22T04:50:14.259433,final,3
158,Science,80.38714387572765,100,80.38714387572765,2025-09-22T04:50:14.259433,final,3
158,English,68.67157893032115,100,68.67157893032115,2025-09-22T04:50:14.259433,final,3
158,Social Studies,74.57991410676402,100,74.57991410676402,2025-09-22T04:50:14.259433,final,3
158,Hindi,98.10327470632001,100,98.10327470632001,2025-09-22T04:50:14.259433,final,3
159,Mathematics,87.17965154487545,100,87.17965154487545,2025-12-05T04:50:14.259433,midterm,1
159,Science,83.25576035933612,100,83.25576035933612,2025-12-05T04:50:14.259433,midterm,1
159,English,90.33881558277001,100,90.33881558277001,2025-12-05T04:50:14.259433,midterm,1
159,Social Studies,93.75646068591757,100,93.75646068591757,2025-12-05T04:50:14.259433,midterm,1
159,Hindi,99.91262148326673,100,99.91262148326673,2025-12-05T04:50:14.259433,midterm,1
159,Mathematics,100.0,100,100.0,2025-11-08T04:50:14.259433,midterm,2
159,Science,85.14094686635127,100,85.14094686635127,2025-11-08T04:50:14.259433,midterm,2
159,English,75.47815646342175,100,75.47815646342175,2025-11-08T04:50:14.259433,midterm,2
159,Social Studies,84.60398171300938,100,84.60398171300938,2025-11-08T04:50:14.259433,midterm,2
159,Hindi,91.34143839007099,100,91.34143839007099,2025-11-08T04:50:14.259433,midterm,2
159,Mathematics,79.10104406213603,100,79.10104406213603,2025-11-10T04:50:14.259433,final,3
159,Science,79.1671241752917,100,79.1671241752917,2025-11-10T04:50:14.259433,final,3
159,English,92.17651213974098,100,92.17651213974098,2025-11-10T04:50:14.259433,final,3
159,Social Studies,88.25210980853763,100,88.25210980853763,2025-11-10T04:50:14.259433,final,3
159,Hindi,89.066603278358,100,89.066603278358,2025-11-10T04:50:14.259433,final,3
160,Mathematics,61.78670720179457,100,61.78670720179457,2026-02-04T04:50:14.259433,midterm,1
160,Science,67.06765340673759,100,67.06765340673759,2026-02-04T04:50:14.259433,midterm,1
160,English,60.129329106112216,100,60.129329106112216,2026-02-04T04:50:14.259433,midterm,1
160,Social Studies,78.27364466004313,100,78.27364466004313,2026-02-04T04:50:14.259433,midterm,1
160,Hindi,79.72415389603279,100,79.72415389603279,2026-02-04T04:50:14.259433,midterm,1
160,Mathematics,50.909781926414325,100,50.909781926414325,2026-03-04T04:50:14.259433,midterm,2
160,Science,60.07655194687116,100,60.07655194687116,2026-03-04T04:50:14.259433,midterm,2
160,English,54.40636799789447,100,54.40636799789447,2026-03-04T04:50:14.259433,midterm,2
160,Social Studies,62.87142120472628,100,62.87142120472628,2026-03-04T04:50:14.259433,midterm,2
160,Hindi,68.53728085089165,100,68.53728085089165,2026-03-04T04:50:14.259433,midterm,2
160,Mathematics,54.87520835180996,100,54.87520835180996,2026-01-02T04:50:14.259433,final,3
160,Science,60.15306241754213,100,60.15306241754213,2026-01-02T04:50:14.259433,final,3
160,English,59.33208682798028,100,59.33208682798028,2026-01-02T04:50:14.259433,final,3
160,Social Studies,71.4443338427847,100,71.4443338427847,2026-01-02T04:50:14.259433,final,3
160,Hindi,70.06510391915776,100,70.06510391915776,2026-01-02T04:50:14.259433,final,3
161,Mathematics,59.78525530288927,100,59.78525530288927,2026-03-05T04:50:14.259433,midterm,1
161,Science,68.77083955765578,100,68.77083955765578,2026-03-05T04:50:14.259433,midterm,1
161,English,61.535829990389146,100,61.535829990389146,2026-03-05T04:50:14.259433,midterm,1
161,Social Studies,64.28607973300127,100,64.28607973300127,2026-03-05T04:50:14.259433,midterm,1
161,Hindi,83.73715173924717,100,83.73715173924717,2026-03-05T04:50:14.259433,midterm,1
161,Mathematics,80.40724135416528,100,80.40724135416528,2025-10-13T04:50:14.259433,midterm,2
161,Science,54.00681846698583,100,54.00681846698583,2025-10-13T04:50:14.259433,midterm,2
161,English,75.29995501505354,100,75.29995501505354,2025-10-13T04:50:14.259433,midterm,2
161,Social Studies,75.11659638117771,100,75.11659638117771,2025-10-13T04:50:14.259433,midterm,2
161,Hindi,55.51999794873562,100,55.51999794873562,2025-10-13T04:50:14.259433,midterm,2
161,Mathematics,75.19040727381041,100,75.19040727381041,2026-03-09T04:50:14.259433,final,3
161,Science,82.38195002038734,100,82.38195002038734,2026-03-09T04:50:14.259433,final,3
161,English,55.777182773817664,100,55.777182773817664,2026-03-09T04:50:14.259433,final,3
161,Social Studies,57.827602626119166,100,57.827602626119166,2026-03-09T04:50:14.259433,final,3
161,Hindi,77.17924550469682,100,77.17924550469682,2026-03-09T04:50:14.259433,final,3
162,Mathematics,97.45928251165645,100,97.45928251165645,2025-10-04T04:50:14.259433,midterm,1
162,Science,100.0,100,100.0,2025-10-04T04:50:14.259433,midterm,1
162,English,98.15022156740494,100,98.15022156740494,2025-10-04T04:50:14.259433,midterm,1
162,Social Studies,98.65128861268141,100,98.65128861268141,2025-10-04T04:50:14.259433,midterm,1
162,Hindi,81.47960812028914,100,81.47960812028914,2025-10-04T04:50:14.259433,midterm,1
162,Mathematics,100.0,100,100.0,2025-12-07T04:50:14.259433,midterm,2
162,Science,100.0,100,100.0,2025-12-07T04:50:14.259433,midterm,2
162,English,92.4504219627197,100,92.4504219627197,2025-12-07T04:50:14.259433,midterm,2
162,Social Studies,94.30955990526135,100,94.30955990526135,2025-12-07T04:50:14.259433,midterm,2
162,Hindi,79.43325437784276,100,79.43325437784276,2025-12-07T04:50:14.259433,midterm,2
162,Mathematics,99.88687696357832,100,99.88687696357832,2025-10-15T04:50:14.259433,final,3
162,Science,100.0,100,100.0,2025-10-15T04:50:14.259433,final,3
162,English,94.12241923340686,100,94.12241923340686,2025-10-15T04:50:14.259433,final,3
162,Social Studies,100.0,100,100.0,2025-10-15T04:50:14.259433,final,3
162,Hindi,91.40355709360057,100,91.40355709360057,2025-10-15T04:50:14.259433,final,3
163,Mathematics,54.53352982391873,100,54.53352982391873,2025-12-27T04:50:14.259433,midterm,1
163,Science,38.69082717806157,100,38.69082717806157,2025-12-27T04:50:14.259433,midterm,1
163,English,48.65194905624035,100,48.65194905624035,2025-12-27T04:50:14.259433,midterm,1
163,Social Studies,47.14392798595437,100,47.14392798595437,2025-12-27T04:50:14.259433,midterm,1
163,Hindi,51.140549785392146,100,51.140549785392146,2025-12-27T04:50:14.259433,midterm,1
163,Mathematics,45.19220127664914,100,45.19220127664914,2026-01-06T04:50:14.259433,midterm,2
163,Science,47.57274460826605,100,47.57274460826605,2026-01-06T04:50:14.259433,midterm,2
163,English,57.14794227939779,100,57.14794227939779,2026-01-06T04:50:14.259433,midterm,2
163,Social Studies,44.519828192600556,100,44.519828192600556,2026-01-06T04:50:14.259433,midterm,2
163,Hindi,32.821699557595934,100,32.821699557595934,2026-01-06T04:50:14.259433,midterm,2
163,Mathematics,66.38330960703694,100,66.38330960703694,2025-12-23T04:50:14.260430,final,3
163,Science,62.70201135188759,100,62.70201135188759,2025-12-23T04:50:14.260430,final,3
163,English,35.96484361392654,100,35.96484361392654,2025-12-23T04:50:14.260430,final,3
163,Social Studies,55.78454861743467,100,55.78454861743467,2025-12-23T04:50:14.260430,final,3
163,Hindi,43.8577228594693,100,43.8577228594693,2025-12-23T04:50:14.260430,final,3
164,Mathematics,85.93773960476742,100,85.93773960476742,2026-02-24T04:50:14.260430,midterm,1
164,Science,86.24510874159175,100,86.24510874159175,2026-02-24T04:50:14.260430,midterm,1
164,English,80.9587894482936,100,80.9587894482936,2026-02-24T04:50:14.260430,midterm,1
164,Social Studies,75.46521079559285,100,75.46521079559285,2026-02-24T04:50:14.260430,midterm,1
164,Hindi,76.39745692829422,100,76.39745692829422,2026-02-24T04:50:14.260430,midterm,1
164,Mathematics,74.1409482966444,100,74.1409482966444,2025-12-09T04:50:14.260430,midterm,2
164,Science,74.98464536915237,100,74.98464536915237,2025-12-09T04:50:14.260430,midterm,2
164,English,82.63108455096327,100,82.63108455096327,2025-12-09T04:50:14.260430,midterm,2
164,Social Studies,76.1452675603493,100,76.1452675603493,2025-12-09T04:50:14.260430,midterm,2
164,Hindi,90.12338810858301,100,90.12338810858301,2025-12-09T04:50:14.260430,midterm,2
164,Mathematics,98.17532900481609,100,98.17532900481609,2025-11-21T04:50:14.260430,final,3
164,Science,77.5023350377564,100,77.5023350377564,2025-11-21T04:50:14.260430,final,3
164,English,85.6969124568106,100,85.6969124568106,2025-11-21T04:50:14.260430,final,3
164,Social Studies,88.29971855448616,100,88.29971855448616,2025-11-21T04:50:14.260430,final,3
164,Hindi,88.02289016064957,100,88.02289016064957,2025-11-21T04:50:14.260430,final,3
165,Mathematics,54.978758458851516,100,54.978758458851516,2025-12-12T04:50:14.260430,midterm,1
165,Science,61.646029963287866,100,61.646029963287866,2025-12-12T04:50:14.260430,midterm,1
165,English,59.04169530649721,100,59.04169530649721,2025-12-12T04:50:14.260430,midterm,1
165,Social Studies,41.84258155641766,100,41.84258155641766,2025-12-12T04:50:14.260430,midterm,1
165,Hindi,62.91076642358337,100,62.91076642358337,2025-12-12T04:50:14.260430,midterm,1
165,Mathematics,63.092114152358064,100,63.092114152358064,2026-02-22T04:50:14.260430,midterm,2
165,Science,46.586344737904824,100,46.586344737904824,2026-02-22T04:50:14.260430,midterm,2
165,English,54.59858413416666,100,54.59858413416666,2026-02-22T04:50:14.260430,midterm,2
165,Social Studies,61.052495707801334,100,61.052495707801334,2026-02-22T04:50:14.260430,midterm,2
165,Hindi,52.126067583897026,100,52.126067583897026,2026-02-22T04:50:14.260430,midterm,2
165,Mathematics,64.94898625735075,100,64.94898625735075,2025-10-05T04:50:14.260430,final,3
165,Science,77.85793072588424,100,77.85793072588424,2025-10-05T04:50:14.260430,final,3
165,English,46.359345453340815,100,46.359345453340815,2025-10-05T04:50:14.260430,final,3
165,Social Studies,40.40875974815289,100,40.40875974815289,2025-10-05T04:50:14.260430,final,3
165,Hindi,57.2573917357394,100,57.2573917357394,2025-10-05T04:50:14.260430,final,3
166,Mathematics,69.27733975448758,100,69.27733975448758,2026-02-11T04:50:14.260430,midterm,1
166,Science,59.75305096477846,100,59.75305096477846,2026-02-11T04:50:14.260430,midterm,1
166,English,76.5943213364365,100,76.5943213364365,2026-02-11T04:50:14.260430,midterm,1
166,Social Studies,48.67565670599366,100,48.67565670599366,2026-02-11T04:50:14.260430,midterm,1
166,Hindi,68.99090093354226,100,68.99090093354226,2026-02-11T04:50:14.260430,midterm,1
166,Mathematics,56.00310649563722,100,56.00310649563722,2025-11-06T04:50:14.260430,midterm,2
166,Science,79.25549376529912,100,79.25549376529912,2025-11-06T04:50:14.260430,midterm,2
166,English,81.98686823490733,100,81.98686823490733,2025-11-06T04:50:14.260430,midterm,2
166,Social Studies,54.395148825392674,100,54.395148825392674,2025-11-06T04:50:14.260430,midterm,2
166,Hindi,56.56614334414035,100,56.56614334414035,2025-11-06T04:50:14.260430,midterm,2
166,Mathematics,70.65759357302417,100,70.65759357302417,2026-02-15T04:50:14.260430,final,3
166,Science,58.190408205331,100,58.190408205331,2026-02-15T04:50:14.260430,final,3
166,English,61.60760252390377,100,61.60760252390377,2026-02-15T04:50:14.260430,final,3
166,Social Studies,62.31559890865025,100,62.31559890865025,2026-02-15T04:50:14.260430,final,3
166,Hindi,42.86498314124959,100,42.86498314124959,2026-02-15T04:50:14.260430,final,3
167,Mathematics,64.8423200827511,100,64.8423200827511,2026-02-04T04:50:14.260430,midterm,1
167,Science,58.08341980305174,100,58.08341980305174,2026-02-04T04:50:14.260430,midterm,1
167,English,60.04946931969576,100,60.04946931969576,2026-02-04T04:50:14.260430,midterm,1
167,Social Studies,79.41701757838162,100,79.41701757838162,2026-02-04T04:50:14.260430,midterm,1
167,Hindi,52.41562860090092,100,52.41562860090092,2026-02-04T04:50:14.260430,midterm,1
167,Mathematics,73.11274941117325,100,73.11274941117325,2026-01-12T04:50:14.260430,midterm,2
167,Science,62.191068240375394,100,62.191068240375394,2026-01-12T04:50:14.260430,midterm,2
167,English,62.183095858735136,100,62.183095858735136,2026-01-12T04:50:14.260430,midterm,2
167,Social Studies,72.88441650421059,100,72.88441650421059,2026-01-12T04:50:14.260430,midterm,2
167,Hindi,68.38121048938238,100,68.38121048938238,2026-01-12T04:50:14.260430,midterm,2
167,Mathematics,70.6868275158888,100,70.6868275158888,2026-02-08T04:50:14.260430,final,3
167,Science,74.6625441490221,100,74.6625441490221,2026-02-08T04:50:14.260430,final,3
167,English,61.667613711860255,100,61.667613711860255,2026-02-08T04:50:14.260430,final,3
167,Social Studies,58.858330198615974,100,58.858330198615974,2026-02-08T04:50:14.260430,final,3
167,Hindi,54.1291922781155,100,54.1291922781155,2026-02-08T04:50:14.260430,final,3
168,Mathematics,34.32015544566801,100,34.32015544566801,2026-03-06T04:50:14.260430,midterm,1
168,Science,72.06520499854481,100,72.06520499854481,2026-03-06T04:50:14.260430,midterm,1
168,English,55.02105655282543,100,55.02105655282543,2026-03-06T04:50:14.260430,midterm,1
168,Social Studies,29.063517083377345,100,29.063517083377345,2026-03-06T04:50:14.260430,midterm,1
168,Hindi,29.349681178021857,100,29.349681178021857,2026-03-06T04:50:14.260430,midterm,1
168,Mathematics,47.392921362642475,100,47.392921362642475,2026-03-01T04:50:14.260430,midterm,2
168,Science,48.04690871923723,100,48.04690871923723,2026-03-01T04:50:14.260430,midterm,2
168,English,48.0630990986312,100,48.0630990986312,2026-03-01T04:50:14.260430,midterm,2
168,Social Studies,40.024702809920576,100,40.024702809920576,2026-03-01T04:50:14.260430,midterm,2
168,Hindi,41.31971814542855,100,41.31971814542855,2026-03-01T04:50:14.260430,midterm,2
168,Mathematics,45.853055987051135,100,45.853055987051135,2025-11-06T04:50:14.260430,final,3
168,Science,43.43319080839086,100,43.43319080839086,2025-11-06T04:50:14.260430,final,3
168,English,20.381257017982207,100,20.381257017982207,2025-11-06T04:50:14.260430,final,3
168,Social Studies,40.27626443970562,100,40.27626443970562,2025-11-06T04:50:14.260430,final,3
168,Hindi,34.06019640285442,100,34.06019640285442,2025-11-06T04:50:14.260430,final,3
169,Mathematics,66.38047011177508,100,66.38047011177508,2026-02-08T04:50:14.260430,midterm,1
169,Science,94.48094594872407,100,94.48094594872407,2026-02-08T04:50:14.260430,midterm,1
169,English,68.303172577433,100,68.303172577433,2026-02-08T04:50:14.260430,midterm,1
169,Social Studies,61.49305906096598,100,61.49305906096598,2026-02-08T04:50:14.260430,midterm,1
169,Hindi,73.84637094246249,100,73.84637094246249,2026-02-08T04:50:14.260430,midterm,1
169,Mathematics,69.45523479478209,100,69.45523479478209,2025-12-08T04:50:14.260430,midterm,2
169,Science,68.82930082720837,100,68.82930082720837,2025-12-08T04:50:14.260430,midterm,2
169,English,70.69686185484667,100,70.69686185484667,2025-12-08T04:50:14.260430,midterm,2
169,Social Studies,85.19379157098538,100,85.19379157098538,2025-12-08T04:50:14.260430,midterm,2
169,Hindi,53.3194715694308,100,53.3194715694308,2025-12-08T04:50:14.260430,midterm,2
169,Mathematics,69.3646766908045,100,69.3646766908045,2026-02-04T04:50:14.260430,final,3
169,Science,55.364544622874575,100,55.364544622874575,2026-02-04T04:50:14.260430,final,3
169,English,70.18348238611244,100,70.18348238611244,2026-02-04T04:50:14.260430,final,3
169,Social Studies,55.44149080782902,100,55.44149080782902,2026-02-04T04:50:14.260430,final,3
169,Hindi,60.45468778663912,100,60.45468778663912,2026-02-04T04:50:14.260430,final,3
170,Mathematics,58.72836992479917,100,58.72836992479917,2025-09-24T04:50:14.260430,midterm,1
170,Science,71.43743626062532,100,71.43743626062532,2025-09-24T04:50:14.260430,midterm,1
170,English,70.86381350660237,100,70.86381350660237,2025-09-24T04:50:14.260430,midterm,1
170,Social Studies,49.222095302714386,100,49.222095302714386,2025-09-24T04:50:14.260430,midterm,1
170,Hindi,62.22861017717672,100,62.22861017717672,2025-09-24T04:50:14.260430,midterm,1
170,Mathematics,54.58347051968651,100,54.58347051968651,2025-10-23T04:50:14.260430,midterm,2
170,Science,49.09421996042489,100,49.09421996042489,2025-10-23T04:50:14.260430,midterm,2
170,English,59.509098562934525,100,59.509098562934525,2025-10-23T04:50:14.260430,midterm,2
170,Social Studies,58.59444118262004,100,58.59444118262004,2025-10-23T04:50:14.260430,midterm,2
170,Hindi,85.94643393063346,100,85.94643393063346,2025-10-23T04:50:14.260430,midterm,2
170,Mathematics,66.0088673207852,100,66.0088673207852,2025-11-07T04:50:14.260430,final,3
170,Science,47.90309405963586,100,47.90309405963586,2025-11-07T04:50:14.260430,final,3
170,English,56.031529025468814,100,56.031529025468814,2025-11-07T04:50:14.260430,final,3
170,Social Studies,71.89310202147222,100,71.89310202147222,2025-11-07T04:50:14.260430,final,3
170,Hindi,82.56369679587749,100,82.56369679587749,2025-11-07T04:50:14.260430,final,3
171,Mathematics,64.8210952423819,100,64.8210952423819,2026-01-27T04:50:14.260430,midterm,1
171,Science,61.881684513371034,100,61.881684513371034,2026-01-27T04:50:14.260430,midterm,1
171,English,99.3905801184793,100,99.3905801184793,2026-01-27T04:50:14.260430,midterm,1
171,Social Studies,84.57707013847052,100,84.57707013847052,2026-01-27T04:50:14.260430,midterm,1
171,Hindi,71.99800104599782,100,71.99800104599782,2026-01-27T04:50:14.260430,midterm,1
171,Mathematics,86.02721922598583,100,86.02721922598583,2026-02-07T04:50:14.260430,midterm,2
171,Science,54.3234509745927,100,54.3234509745927,2026-02-07T04:50:14.260430,midterm,2
171,English,80.71468343073309,100,80.71468343073309,2026-02-07T04:50:14.260430,midterm,2
171,Social Studies,83.95914009319233,100,83.95914009319233,2026-02-07T04:50:14.260430,midterm,2
171,Hindi,89.92362976013979,100,89.92362976013979,2026-02-07T04:50:14.260430,midterm,2
171,Mathematics,70.54196884183611,100,70.54196884183611,2025-12-04T04:50:14.260430,final,3
171,Science,81.53779997879508,100,81.53779997879508,2025-12-04T04:50:14.260430,final,3
171,English,71.42668210416561,100,71.42668210416561,2025-12-04T04:50:14.260430,final,3
171,Social Studies,83.23476592150466,100,83.23476592150466,2025-12-04T04:50:14.260430,final,3
171,Hindi,71.72746514113125,100,71.72746514113125,2025-12-04T04:50:14.260430,final,3
172,Mathematics,67.73384189567166,100,67.73384189567166,2025-10-27T04:50:14.260430,midterm,1
172,Science,61.85669633937158,100,61.85669633937158,2025-10-27T04:50:14.260430,midterm,1
172,English,78.32621270551044,100,78.32621270551044,2025-10-27T04:50:14.260430,midterm,1
172,Social Studies,80.39936145384053,100,80.39936145384053,2025-10-27T04:50:14.260430,midterm,1
172,Hindi,69.46864458769973,100,69.46864458769973,2025-10-27T04:50:14.260430,midterm,1
172,Mathematics,72.19723023687415,100,72.19723023687415,2025-09-26T04:50:14.260430,midterm,2
172,Science,57.32893614093843,100,57.32893614093843,2025-09-26T04:50:14.260430,midterm,2
172,English,68.818083807206,100,68.818083807206,2025-09-26T04:50:14.260430,midterm,2
172,Social Studies,71.31280411685643,100,71.31280411685643,2025-09-26T04:50:14.260430,midterm,2
172,Hindi,98.02278119757362,100,98.02278119757362,2025-09-26T04:50:14.260430,midterm,2
172,Mathematics,60.69518002953224,100,60.69518002953224,2025-12-11T04:50:14.260430,final,3
172,Science,86.45662267479824,100,86.45662267479824,2025-12-11T04:50:14.260430,final,3
172,English,81.78343802193194,100,81.78343802193194,2025-12-11T04:50:14.260430,final,3
172,Social Studies,74.62121433217523,100,74.62121433217523,2025-12-11T04:50:14.260430,final,3
172,Hindi,89.4010551292252,100,89.4010551292252,2025-12-11T04:50:14.260430,final,3
173,Mathematics,51.790238542732325,100,51.790238542732325,2026-02-06T04:50:14.260430,midterm,1
173,Science,51.96077577334298,100,51.96077577334298,2026-02-06T04:50:14.260430,midterm,1
173,English,47.53797728648824,100,47.53797728648824,2026-02-06T04:50:14.260430,midterm,1
173,Social Studies,60.30487264084997,100,60.30487264084997,2026-02-06T04:50:14.260430,midterm,1
173,Hindi,59.03387615477253,100,59.03387615477253,2026-02-06T04:50:14.260430,midterm,1
173,Mathematics,41.81241094170157,100,41.81241094170157,2025-11-07T04:50:14.260430,midterm,2
173,Science,34.87671187067602,100,34.87671187067602,2025-11-07T04:50:14.260430,midterm,2
173,English,46.03937744270713,100,46.03937744270713,2025-11-07T04:50:14.260430,midterm,2
173,Social Studies,40.06879817268723,100,40.06879817268723,2025-11-07T04:50:14.260430,midterm,2
173,Hindi,47.433938070510145,100,47.433938070510145,2025-11-07T04:50:14.260430,midterm,2
173,Mathematics,60.443565163505085,100,60.443565163505085,2025-11-11T04:50:14.260430,final,3
173,Science,43.4961672657958,100,43.4961672657958,2025-11-11T04:50:14.260430,final,3
173,English,47.64095000354795,100,47.64095000354795,2025-11-11T04:50:14.260430,final,3
173,Social Studies,48.64941116474765,100,48.64941116474765,2025-11-11T04:50:14.260430,final,3
173,Hindi,56.55349263871654,100,56.55349263871654,2025-11-11T04:50:14.260430,final,3
174,Mathematics,67.31625228181771,100,67.31625228181771,2026-01-12T04:50:14.260430,midterm,1
174,Science,83.71814267401079,100,83.71814267401079,2026-01-12T04:50:14.260430,midterm,1
174,English,91.89798254445849,100,91.89798254445849,2026-01-12T04:50:14.260430,midterm,1
174,Social Studies,100.0,100,100.0,2026-01-12T04:50:14.260430,midterm,1
174,Hindi,84.86612114660171,100,84.86612114660171,2026-01-12T04:50:14.260430,midterm,1
174,Mathematics,71.01961856124501,100,71.01961856124501,2026-01-02T04:50:14.260430,midterm,2
174,Science,95.98226008132512,100,95.98226008132512,2026-01-02T04:50:14.260430,midterm,2
174,English,83.43152173340746,100,83.43152173340746,2026-01-02T04:50:14.260430,midterm,2
174,Social Studies,77.88847903076015,100,77.88847903076015,2026-01-02T04:50:14.260430,midterm,2
174,Hindi,83.54169172453152,100,83.54169172453152,2026-01-02T04:50:14.260430,midterm,2
174,Mathematics,87.93989204510527,100,87.93989204510527,2025-11-01T04:50:14.260430,final,3
174,Science,83.73769897628164,100,83.73769897628164,2025-11-01T04:50:14.260430,final,3
174,English,67.72948505067306,100,67.72948505067306,2025-11-01T04:50:14.260430,final,3
174,Social Studies,98.75580759053508,100,98.75580759053508,2025-11-01T04:50:14.260430,final,3
174,Hindi,100.0,100,100.0,2025-11-01T04:50:14.260430,final,3
175,Mathematics,81.7501706925786,100,81.7501706925786,2026-02-24T04:50:14.260430,midterm,1
175,Science,63.85809407493538,100,63.85809407493538,2026-02-24T04:50:14.260430,midterm,1
175,English,73.22003543970837,100,73.22003543970837,2026-02-24T04:50:14.260430,midterm,1
175,Social Studies,75.16973762688897,100,75.16973762688897,2026-02-24T04:50:14.260430,midterm,1
175,Hindi,81.22289467480265,100,81.22289467480265,2026-02-24T04:50:14.260430,midterm,1
175,Mathematics,81.91835566636436,100,81.91835566636436,2026-02-03T04:50:14.260430,midterm,2
175,Science,67.8932127913986,100,67.8932127913986,2026-02-03T04:50:14.260430,midterm,2
175,English,76.05490634331915,100,76.05490634331915,2026-02-03T04:50:14.260430,midterm,2
175,Social Studies,79.80775482533596,100,79.80775482533596,2026-02-03T04:50:14.260430,midterm,2
175,Hindi,89.79317400065122,100,89.79317400065122,2026-02-03T04:50:14.260430,midterm,2
175,Mathematics,82.28001617743078,100,82.28001617743078,2025-12-04T04:50:14.260430,final,3
175,Science,83.12551765293874,100,83.12551765293874,2025-12-04T04:50:14.260430,final,3
175,English,76.07321705847716,100,76.07321705847716,2025-12-04T04:50:14.260430,final,3
175,Social Studies,89.33954223121859,100,89.33954223121859,2025-12-04T04:50:14.260430,final,3
175,Hindi,79.33257873877852,100,79.33257873877852,2025-12-04T04:50:14.260430,final,3
176,Mathematics,64.60881166892658,100,64.60881166892658,2026-02-12T04:50:14.260430,midterm,1
176,Science,87.25339047191419,100,87.25339047191419,2026-02-12T04:50:14.260430,midterm,1
176,English,80.19872349605257,100,80.19872349605257,2026-02-12T04:50:14.260430,midterm,1
176,Social Studies,68.78925055937746,100,68.78925055937746,2026-02-12T04:50:14.260430,midterm,1
176,Hindi,68.42476109666985,100,68.42476109666985,2026-02-12T04:50:14.260430,midterm,1
176,Mathematics,76.1854462220699,100,76.1854462220699,2025-10-19T04:50:14.260430,midterm,2
176,Science,77.85153872333812,100,77.85153872333812,2025-10-19T04:50:14.260430,midterm,2
176,English,75.19261342697435,100,75.19261342697435,2025-10-19T04:50:14.260430,midterm,2
176,Social Studies,76.33277750509113,100,76.33277750509113,2025-10-19T04:50:14.260430,midterm,2
176,Hindi,90.21926451642608,100,90.21926451642608,2025-10-19T04:50:14.260430,midterm,2
176,Mathematics,83.93512229301115,100,83.93512229301115,2026-02-21T04:50:14.260430,final,3
176,Science,75.12604668331252,100,75.12604668331252,2026-02-21T04:50:14.260430,final,3
176,English,82.63279657833712,100,82.63279657833712,2026-02-21T04:50:14.260430,final,3
176,Social Studies,62.89445173538689,100,62.89445173538689,2026-02-21T04:50:14.260430,final,3
176,Hindi,77.19896127013037,100,77.19896127013037,2026-02-21T04:50:14.260430,final,3
177,Mathematics,100.0,100,100.0,2025-10-20T04:50:14.260430,midterm,1
177,Science,88.63345401170713,100,88.63345401170713,2025-10-20T04:50:14.260430,midterm,1
177,English,82.33757367944001,100,82.33757367944001,2025-10-20T04:50:14.260430,midterm,1
177,Social Studies,84.29302407970026,100,84.29302407970026,2025-10-20T04:50:14.260430,midterm,1
177,Hindi,79.91758259220698,100,79.91758259220698,2025-10-20T04:50:14.260430,midterm,1
177,Mathematics,82.96629388435383,100,82.96629388435383,2025-10-11T04:50:14.260430,midterm,2
177,Science,87.10883197973057,100,87.10883197973057,2025-10-11T04:50:14.260430,midterm,2
177,English,76.75824277384444,100,76.75824277384444,2025-10-11T04:50:14.260430,midterm,2
177,Social Studies,90.97009630512689,100,90.97009630512689,2025-10-11T04:50:14.260430,midterm,2
177,Hindi,99.83668470349734,100,99.83668470349734,2025-10-11T04:50:14.260430,midterm,2
177,Mathematics,81.73635116416166,100,81.73635116416166,2026-01-30T04:50:14.260430,final,3
177,Science,100.0,100,100.0,2026-01-30T04:50:14.260430,final,3
177,English,95.92183385090681,100,95.92183385090681,2026-01-30T04:50:14.260430,final,3
177,Social Studies,100.0,100,100.0,2026-01-30T04:50:14.260430,final,3
177,Hindi,84.23556742710949,100,84.23556742710949,2026-01-30T04:50:14.260430,final,3
178,Mathematics,100.0,100,100.0,2025-12-25T04:50:14.260430,midterm,1
178,Science,81.01496945980571,100,81.01496945980571,2025-12-25T04:50:14.260430,midterm,1
178,English,100.0,100,100.0,2025-12-25T04:50:14.260430,midterm,1
178,Social Studies,93.65270186169415,100,93.65270186169415,2025-12-25T04:50:14.260430,midterm,1
178,Hindi,97.46682066360668,100,97.46682066360668,2025-12-25T04:50:14.260430,midterm,1
178,Mathematics,80.17836240751032,100,80.17836240751032,2026-03-04T04:50:14.260430,midterm,2
178,Science,82.98361004099279,100,82.98361004099279,2026-03-04T04:50:14.260430,midterm,2
178,English,97.90659064629268,100,97.90659064629268,2026-03-04T04:50:14.260430,midterm,2
178,Social Studies,82.45082842151683,100,82.45082842151683,2026-03-04T04:50:14.260430,midterm,2
178,Hindi,96.56637138475007,100,96.56637138475007,2026-03-04T04:50:14.260430,midterm,2
178,Mathematics,78.26293039915637,100,78.26293039915637,2025-09-26T04:50:14.260430,final,3
178,Science,100.0,100,100.0,2025-09-26T04:50:14.260430,final,3
178,English,79.60907531607376,100,79.60907531607376,2025-09-26T04:50:14.260430,final,3
178,Social Studies,97.45730784055407,100,97.45730784055407,2025-09-26T04:50:14.260430,final,3
178,Hindi,98.19061780021885,100,98.19061780021885,2025-09-26T04:50:14.260430,final,3
179,Mathematics,53.97188952544787,100,53.97188952544787,2025-10-24T04:50:14.260430,midterm,1
179,Science,66.75987338059089,100,66.75987338059089,2025-10-24T04:50:14.260430,midterm,1
179,English,63.54403034307918,100,63.54403034307918,2025-10-24T04:50:14.260430,midterm,1
179,Social Studies,55.55118914781624,100,55.55118914781624,2025-10-24T04:50:14.260430,midterm,1
179,Hindi,50.854060868981534,100,50.854060868981534,2025-10-24T04:50:14.260430,midterm,1
179,Mathematics,41.31335079301783,100,41.31335079301783,2025-11-23T04:50:14.260430,midterm,2
179,Science,64.43610818274055,100,64.43610818274055,2025-11-23T04:50:14.260430,midterm,2
179,English,45.29157999612307,100,45.29157999612307,2025-11-23T04:50:14.260430,midterm,2
179,Social Studies,61.8930497041567,100,61.8930497041567,2025-11-23T04:50:14.260430,midterm,2
179,Hindi,58.305125548921126,100,58.305125548921126,2025-11-23T04:50:14.260430,midterm,2
179,Mathematics,67.73103546412557,100,67.73103546412557,2025-12-18T04:50:14.260430,final,3
179,Science,57.91915271484498,100,57.91915271484498,2025-12-18T04:50:14.260430,final,3
179,English,57.6451298462727,100,57.6451298462727,2025-12-18T04:50:14.260430,final,3
179,Social Studies,68.25831475262657,100,68.25831475262657,2025-12-18T04:50:14.260430,final,3
179,Hindi,64.29018800058479,100,64.29018800058479,2025-12-18T04:50:14.260430,final,3
180,Mathematics,76.9115386638158,100,76.9115386638158,2025-10-21T04:50:14.260430,midterm,1
180,Science,78.4426549900733,100,78.4426549900733,2025-10-21T04:50:14.260430,midterm,1
180,English,58.39425785991696,100,58.39425785991696,2025-10-21T04:50:14.260430,midterm,1
180,Social Studies,81.31786589185785,100,81.31786589185785,2025-10-21T04:50:14.260430,midterm,1
180,Hindi,79.87466703212405,100,79.87466703212405,2025-10-21T04:50:14.260430,midterm,1
180,Mathematics,63.58314780622305,100,63.58314780622305,2025-12-02T04:50:14.261413,midterm,2
180,Science,71.30917435524601,100,71.30917435524601,2025-12-02T04:50:14.261413,midterm,2
180,English,73.35690621571172,100,73.35690621571172,2025-12-02T04:50:14.261413,midterm,2
180,Social Studies,72.40501124797069,100,72.40501124797069,2025-12-02T04:50:14.261413,midterm,2
180,Hindi,77.08857875767337,100,77.08857875767337,2025-12-02T04:50:14.261413,midterm,2
180,Mathematics,88.06364691029987,100,88.06364691029987,2025-09-28T04:50:14.261413,final,3
180,Science,84.56764636871631,100,84.56764636871631,2025-09-28T04:50:14.261413,final,3
180,English,60.627787157673964,100,60.627787157673964,2025-09-28T04:50:14.261413,final,3
180,Social Studies,79.97067899504852,100,79.97067899504852,2025-09-28T04:50:14.261413,final,3
180,Hindi,87.03931228734211,100,87.03931228734211,2025-09-28T04:50:14.261413,final,3
181,Mathematics,49.169481203835055,100,49.169481203835055,2025-11-24T04:50:14.261413,midterm,1
181,Science,56.2112002488027,100,56.2112002488027,2025-11-24T04:50:14.261413,midterm,1
181,English,65.42410045395067,100,65.42410045395067,2025-11-24T04:50:14.261413,midterm,1
181,Social Studies,55.53849145801284,100,55.53849145801284,2025-11-24T04:50:14.261413,midterm,1
181,Hindi,47.79448195336032,100,47.79448195336032,2025-11-24T04:50:14.261413,midterm,1
181,Mathematics,55.752280737790564,100,55.752280737790564,2025-12-22T04:50:14.261413,midterm,2
181,Science,46.75027432791194,100,46.75027432791194,2025-12-22T04:50:14.261413,midterm,2
181,English,45.54042642979258,100,45.54042642979258,2025-12-22T04:50:14.261413,midterm,2
181,Social Studies,41.787253639805705,100,41.787253639805705,2025-12-22T04:50:14.261413,midterm,2
181,Hindi,60.935529585264106,100,60.935529585264106,2025-12-22T04:50:14.261413,midterm,2
181,Mathematics,37.11710933752302,100,37.11710933752302,2025-12-21T04:50:14.261413,final,3
181,Science,60.62507324372419,100,60.62507324372419,2025-12-21T04:50:14.261413,final,3
181,English,50.300037234346746,100,50.300037234346746,2025-12-21T04:50:14.261413,final,3
181,Social Studies,31.308334248923614,100,31.308334248923614,2025-12-21T04:50:14.261413,final,3
181,Hindi,48.97788892685725,100,48.97788892685725,2025-12-21T04:50:14.261413,final,3
182,Mathematics,43.7750289757749,100,43.7750289757749,2025-10-03T04:50:14.261413,midterm,1
182,Science,71.0303742206015,100,71.0303742206015,2025-10-03T04:50:14.261413,midterm,1
182,English,73.62760888218105,100,73.62760888218105,2025-10-03T04:50:14.261413,midterm,1
182,Social Studies,58.85173449577061,100,58.85173449577061,2025-10-03T04:50:14.261413,midterm,1
182,Hindi,66.01077101184697,100,66.01077101184697,2025-10-03T04:50:14.261413,midterm,1
182,Mathematics,84.31686838979401,100,84.31686838979401,2025-12-21T04:50:14.261413,midterm,2
182,Science,59.71782700967178,100,59.71782700967178,2025-12-21T04:50:14.261413,midterm,2
182,English,54.18621818172514,100,54.18621818172514,2025-12-21T04:50:14.261413,midterm,2
182,Social Studies,79.59192807691713,100,79.59192807691713,2025-12-21T04:50:14.261413,midterm,2
182,Hindi,84.40116595759909,100,84.40116595759909,2025-12-21T04:50:14.261413,midterm,2
182,Mathematics,64.81225077076962,100,64.81225077076962,2026-01-01T04:50:14.261413,final,3
182,Science,74.8899244063747,100,74.8899244063747,2026-01-01T04:50:14.261413,final,3
182,English,78.19005320759996,100,78.19005320759996,2026-01-01T04:50:14.261413,final,3
182,Social Studies,57.3504517269073,100,57.3504517269073,2026-01-01T04:50:14.261413,final,3
182,Hindi,59.92223569861246,100,59.92223569861246,2026-01-01T04:50:14.261413,final,3
183,Mathematics,100.0,100,100.0,2025-11-22T04:50:14.261413,midterm,1
183,Science,100.0,100,100.0,2025-11-22T04:50:14.261413,midterm,1
183,English,94.27080197099997,100,94.27080197099997,2025-11-22T04:50:14.261413,midterm,1
183,Social Studies,79.84384983423588,100,79.84384983423588,2025-11-22T04:50:14.261413,midterm,1
183,Hindi,100.0,100,100.0,2025-11-22T04:50:14.261413,midterm,1
183,Mathematics,83.33228439113678,100,83.33228439113678,2025-11-10T04:50:14.261413,midterm,2
183,Science,85.29061555754191,100,85.29061555754191,2025-11-10T04:50:14.261413,midterm,2
183,English,92.06537171415265,100,92.06537171415265,2025-11-10T04:50:14.261413,midterm,2
183,Social Studies,100.0,100,100.0,2025-11-10T04:50:14.261413,midterm,2
183,Hindi,97.18175313477866,100,97.18175313477866,2025-11-10T04:50:14.261413,midterm,2
183,Mathematics,92.79064837287552,100,92.79064837287552,2026-02-11T04:50:14.261413,final,3
183,Science,93.27487867043749,100,93.27487867043749,2026-02-11T04:50:14.261413,final,3
183,English,89.07714005569109,100,89.07714005569109,2026-02-11T04:50:14.261413,final,3
183,Social Studies,94.2233885144415,100,94.2233885144415,2026-02-11T04:50:14.261413,final,3
183,Hindi,63.34639259231339,100,63.34639259231339,2026-02-11T04:50:14.261413,final,3
184,Mathematics,88.93906446928064,100,88.93906446928064,2026-03-07T04:50:14.261413,midterm,1
184,Science,94.31835840914643,100,94.31835840914643,2026-03-07T04:50:14.261413,midterm,1
184,English,80.39499822378355,100,80.39499822378355,2026-03-07T04:50:14.261413,midterm,1
184,Social Studies,95.76837223809423,100,95.76837223809423,2026-03-07T04:50:14.261413,midterm,1
184,Hindi,89.8604268501174,100,89.8604268501174,2026-03-07T04:50:14.261413,midterm,1
184,Mathematics,100.0,100,100.0,2025-10-27T04:50:14.261413,midterm,2
184,Science,100.0,100,100.0,2025-10-27T04:50:14.261413,midterm,2
184,English,87.24708336879699,100,87.24708336879699,2025-10-27T04:50:14.261413,midterm,2
184,Social Studies,90.39676194431166,100,90.39676194431166,2025-10-27T04:50:14.261413,midterm,2
184,Hindi,91.1656634038947,100,91.1656634038947,2025-10-27T04:50:14.261413,midterm,2
184,Mathematics,87.3885442983824,100,87.3885442983824,2025-10-03T04:50:14.261413,final,3
184,Science,93.8553889002599,100,93.8553889002599,2025-10-03T04:50:14.261413,final,3
184,English,84.32231837110272,100,84.32231837110272,2025-10-03T04:50:14.261413,final,3
184,Social Studies,80.59898571060336,100,80.59898571060336,2025-10-03T04:50:14.261413,final,3
184,Hindi,98.13225129898132,100,98.13225129898132,2025-10-03T04:50:14.261413,final,3
185,Mathematics,37.62845446452337,100,37.62845446452337,2025-12-31T04:50:14.261413,midterm,1
185,Science,23.290001025705337,100,23.290001025705337,2025-12-31T04:50:14.261413,midterm,1
185,English,40.286712929931255,100,40.286712929931255,2025-12-31T04:50:14.261413,midterm,1
185,Social Studies,25.01738133065195,100,25.01738133065195,2025-12-31T04:50:14.261413,midterm,1
185,Hindi,33.86481100268507,100,33.86481100268507,2025-12-31T04:50:14.261413,midterm,1
185,Mathematics,39.536598748429824,100,39.536598748429824,2025-11-10T04:50:14.261413,midterm,2
185,Science,30.997032975268134,100,30.997032975268134,2025-11-10T04:50:14.261413,midterm,2
185,English,35.880567743716604,100,35.880567743716604,2025-11-10T04:50:14.261413,midterm,2
185,Social Studies,26.168862183429546,100,26.168862183429546,2025-11-10T04:50:14.261413,midterm,2
185,Hindi,29.36849278802429,100,29.36849278802429,2025-11-10T04:50:14.261413,midterm,2
185,Mathematics,29.27456431350186,100,29.27456431350186,2026-02-01T04:50:14.261413,final,3
185,Science,23.867375156902874,100,23.867375156902874,2026-02-01T04:50:14.261413,final,3
185,English,29.56541699114744,100,29.56541699114744,2026-02-01T04:50:14.261413,final,3
185,Social Studies,15.846975633667796,100,15.846975633667796,2026-02-01T04:50:14.261413,final,3
185,Hindi,26.421621150884214,100,26.421621150884214,2026-02-01T04:50:14.261413,final,3
186,Mathematics,82.27783281182286,100,82.27783281182286,2025-09-23T04:50:14.261413,midterm,1
186,Science,82.56479022056577,100,82.56479022056577,2025-09-23T04:50:14.261413,midterm,1
186,English,82.71161328681178,100,82.71161328681178,2025-09-23T04:50:14.261413,midterm,1
186,Social Studies,84.50894574691829,100,84.50894574691829,2025-09-23T04:50:14.261413,midterm,1
186,Hindi,89.92100292638021,100,89.92100292638021,2025-09-23T04:50:14.261413,midterm,1
186,Mathematics,93.8717584868448,100,93.8717584868448,2026-02-03T04:50:14.261413,midterm,2
186,Science,78.6289354770369,100,78.6289354770369,2026-02-03T04:50:14.261413,midterm,2
186,English,73.09457919162813,100,73.09457919162813,2026-02-03T04:50:14.261413,midterm,2
186,Social Studies,74.70614362308854,100,74.70614362308854,2026-02-03T04:50:14.261413,midterm,2
186,Hindi,80.2545585335703,100,80.2545585335703,2026-02-03T04:50:14.261413,midterm,2
186,Mathematics,81.60737456735448,100,81.60737456735448,2026-02-07T04:50:14.261413,final,3
186,Science,77.426627083545,100,77.426627083545,2026-02-07T04:50:14.261413,final,3
186,English,72.16542110302063,100,72.16542110302063,2026-02-07T04:50:14.261413,final,3
186,Social Studies,80.56537947077769,100,80.56537947077769,2026-02-07T04:50:14.261413,final,3
186,Hindi,86.94085394665929,100,86.94085394665929,2026-02-07T04:50:14.261413,final,3
187,Mathematics,80.94426487376471,100,80.94426487376471,2026-02-19T04:50:14.261413,midterm,1
187,Science,69.41973968432585,100,69.41973968432585,2026-02-19T04:50:14.261413,midterm,1
187,English,70.86399199397472,100,70.86399199397472,2026-02-19T04:50:14.261413,midterm,1
187,Social Studies,65.72698712693595,100,65.72698712693595,2026-02-19T04:50:14.261413,midterm,1
187,Hindi,74.6795785116613,100,74.6795785116613,2026-02-19T04:50:14.261413,midterm,1
187,Mathematics,66.50968387350092,100,66.50968387350092,2026-01-14T04:50:14.261413,midterm,2
187,Science,80.72524834782106,100,80.72524834782106,2026-01-14T04:50:14.261413,midterm,2
187,English,57.135305296067955,100,57.135305296067955,2026-01-14T04:50:14.261413,midterm,2
187,Social Studies,71.39767349088444,100,71.39767349088444,2026-01-14T04:50:14.261413,midterm,2
187,Hindi,78.00504360732648,100,78.00504360732648,2026-01-14T04:50:14.261413,midterm,2
187,Mathematics,76.8323153786341,100,76.8323153786341,2026-02-08T04:50:14.261413,final,3
187,Science,100.0,100,100.0,2026-02-08T04:50:14.261413,final,3
187,English,78.49197046108814,100,78.49197046108814,2026-02-08T04:50:14.261413,final,3
187,Social Studies,64.95342424698896,100,64.95342424698896,2026-02-08T04:50:14.261413,final,3
187,Hindi,74.03932774451833,100,74.03932774451833,2026-02-08T04:50:14.261413,final,3
188,Mathematics,71.3323153783256,100,71.3323153783256,2025-12-20T04:50:14.261413,midterm,1
188,Science,88.28878122002251,100,88.28878122002251,2025-12-20T04:50:14.261413,midterm,1
188,English,80.76421814298253,100,80.76421814298253,2025-12-20T04:50:14.261413,midterm,1
188,Social Studies,98.24868146859174,100,98.24868146859174,2025-12-20T04:50:14.261413,midterm,1
188,Hindi,83.59937596703477,100,83.59937596703477,2025-12-20T04:50:14.261413,midterm,1
188,Mathematics,87.92711955503765,100,87.92711955503765,2025-12-16T04:50:14.261413,midterm,2
188,Science,82.73920029894609,100,82.73920029894609,2025-12-16T04:50:14.261413,midterm,2
188,English,100.0,100,100.0,2025-12-16T04:50:14.261413,midterm,2
188,Social Studies,85.882351051811,100,85.882351051811,2025-12-16T04:50:14.261413,midterm,2
188,Hindi,100.0,100,100.0,2025-12-16T04:50:14.261413,midterm,2
188,Mathematics,97.23629633417278,100,97.23629633417278,2026-03-04T04:50:14.261413,final,3
188,Science,93.91544598634398,100,93.91544598634398,2026-03-04T04:50:14.261413,final,3
188,English,92.78211018616531,100,92.78211018616531,2026-03-04T04:50:14.261413,final,3
188,Social Studies,93.03275169515264,100,93.03275169515264,2026-03-04T04:50:14.261413,final,3
188,Hindi,69.81805291953401,100,69.81805291953401,2026-03-04T04:50:14.261413,final,3
189,Mathematics,81.43876775699252,100,81.43876775699252,2025-10-18T04:50:14.261413,midterm,1
189,Science,92.67918141034329,100,92.67918141034329,2025-10-18T04:50:14.261413,midterm,1
189,English,83.73862986375903,100,83.73862986375903,2025-10-18T04:50:14.261413,midterm,1
189,Social Studies,70.17570323046434,100,70.17570323046434,2025-10-18T04:50:14.261413,midterm,1
189,Hindi,83.70355719272538,100,83.70355719272538,2025-10-18T04:50:14.261413,midterm,1
189,Mathematics,100.0,100,100.0,2026-02-27T04:50:14.261413,midterm,2
189,Science,96.69651885384728,100,96.69651885384728,2026-02-27T04:50:14.261413,midterm,2
189,English,83.60756160483976,100,83.60756160483976,2026-02-27T04:50:14.261413,midterm,2
189,Social Studies,93.74209446908094,100,93.74209446908094,2026-02-27T04:50:14.261413,midterm,2
189,Hindi,80.56253149481957,100,80.56253149481957,2026-02-27T04:50:14.261413,midterm,2
189,Mathematics,67.18888583023289,100,67.18888583023289,2026-01-29T04:50:14.261413,final,3
189,Science,74.98294181720453,100,74.98294181720453,2026-01-29T04:50:14.261413,final,3
189,English,99.85648938358206,100,99.85648938358206,2026-01-29T04:50:14.261413,final,3
189,Social Studies,81.48767088020703,100,81.48767088020703,2026-01-29T04:50:14.261413,final,3
189,Hindi,81.7937619047499,100,81.7937619047499,2026-01-29T04:50:14.261413,final,3
190,Mathematics,39.29144113862269,100,39.29144113862269,2026-03-11T04:50:14.261413,midterm,1
190,Science,61.33118899710156,100,61.33118899710156,2026-03-11T04:50:14.261413,midterm,1
190,English,58.54941225499213,100,58.54941225499213,2026-03-11T04:50:14.261413,midterm,1
190,Social Studies,64.47762543585284,100,64.47762543585284,2026-03-11T04:50:14.261413,midterm,1
190,Hindi,40.699370997370984,100,40.699370997370984,2026-03-11T04:50:14.261413,midterm,1
190,Mathematics,45.24606798884245,100,45.24606798884245,2025-11-16T04:50:14.261413,midterm,2
190,Science,27.123397607163586,100,27.123397607163586,2025-11-16T04:50:14.261413,midterm,2
190,English,57.05916736255424,100,57.05916736255424,2025-11-16T04:50:14.261413,midterm,2
190,Social Studies,30.612027588692147,100,30.612027588692147,2025-11-16T04:50:14.261413,midterm,2
190,Hindi,44.45757873899779,100,44.45757873899779,2025-11-16T04:50:14.261413,midterm,2
190,Mathematics,31.316797825043054,100,31.316797825043054,2025-12-11T04:50:14.261413,final,3
190,Science,36.401154833984535,100,36.401154833984535,2025-12-11T04:50:14.261413,final,3
190,English,33.917198790874494,100,33.917198790874494,2025-12-11T04:50:14.261413,final,3
190,Social Studies,36.21107049461332,100,36.21107049461332,2025-12-11T04:50:14.261413,final,3
190,Hindi,36.89859606988171,100,36.89859606988171,2025-12-11T04:50:14.261413,final,3
191,Mathematics,88.89817434971107,100,88.89817434971107,2026-03-11T04:50:14.261413,midterm,1
191,Science,100.0,100,100.0,2026-03-11T04:50:14.261413,midterm,1
191,English,83.33223436833664,100,83.33223436833664,2026-03-11T04:50:14.261413,midterm,1
191,Social Studies,96.58627656910052,100,96.58627656910052,2026-03-11T04:50:14.261413,midterm,1
191,Hindi,100.0,100,100.0,2026-03-11T04:50:14.261413,midterm,1
191,Mathematics,89.24889865382788,100,89.24889865382788,2026-01-04T04:50:14.261413,midterm,2
191,Science,87.20167339148583,100,87.20167339148583,2026-01-04T04:50:14.261413,midterm,2
191,English,92.07561604715934,100,92.07561604715934,2026-01-04T04:50:14.261413,midterm,2
191,Social Studies,100.0,100,100.0,2026-01-04T04:50:14.261413,midterm,2
191,Hindi,96.32193860849542,100,96.32193860849542,2026-01-04T04:50:14.261413,midterm,2
191,Mathematics,89.06871935288586,100,89.06871935288586,2025-10-08T04:50:14.261413,final,3
191,Science,99.21962881084224,100,99.21962881084224,2025-10-08T04:50:14.261413,final,3
191,English,83.35794080059762,100,83.35794080059762,2025-10-08T04:50:14.261413,final,3
191,Social Studies,100.0,100,100.0,2025-10-08T04:50:14.261413,final,3
191,Hindi,98.46693537597952,100,98.46693537597952,2025-10-08T04:50:14.261413,final,3
192,Mathematics,34.23272775236849,100,34.23272775236849,2025-11-26T04:50:14.261413,midterm,1
192,Science,28.92495447928502,100,28.92495447928502,2025-11-26T04:50:14.261413,midterm,1
192,English,28.444003240922758,100,28.444003240922758,2025-11-26T04:50:14.261413,midterm,1
192,Social Studies,42.65898582721643,100,42.65898582721643,2025-11-26T04:50:14.261413,midterm,1
192,Hindi,49.60061748864795,100,49.60061748864795,2025-11-26T04:50:14.261413,midterm,1
192,Mathematics,30.937734993469384,100,30.937734993469384,2025-10-22T04:50:14.261413,midterm,2
192,Science,41.89467949927217,100,41.89467949927217,2025-10-22T04:50:14.261413,midterm,2
192,English,16.440542277736643,100,16.440542277736643,2025-10-22T04:50:14.261413,midterm,2
192,Social Studies,31.464635157185334,100,31.464635157185334,2025-10-22T04:50:14.261413,midterm,2
192,Hindi,37.00022313504831,100,37.00022313504831,2025-10-22T04:50:14.261413,midterm,2
192,Mathematics,28.213978293938993,100,28.213978293938993,2025-12-27T04:50:14.261413,final,3
192,Science,27.94574871586137,100,27.94574871586137,2025-12-27T04:50:14.261413,final,3
192,English,30.633016899068465,100,30.633016899068465,2025-12-27T04:50:14.261413,final,3
192,Social Studies,40.232739747021064,100,40.232739747021064,2025-12-27T04:50:14.261413,final,3
192,Hindi,35.43752227969358,100,35.43752227969358,2025-12-27T04:50:14.261413,final,3
193,Mathematics,17.248164110965924,100,17.248164110965924,2026-02-26T04:50:14.261413,midterm,1
193,Science,18.423474917864983,100,18.423474917864983,2026-02-26T04:50:14.261413,midterm,1
193,English,33.56182466564389,100,33.56182466564389,2026-02-26T04:50:14.261413,midterm,1
193,Social Studies,44.207342304751165,100,44.207342304751165,2026-02-26T04:50:14.261413,midterm,1
193,Hindi,12.155428016963299,100,12.155428016963299,2026-02-26T04:50:14.261413,midterm,1
193,Mathematics,34.63317468269934,100,34.63317468269934,2026-01-06T04:50:14.261413,midterm,2
193,Science,34.36799787904143,100,34.36799787904143,2026-01-06T04:50:14.261413,midterm,2
193,English,53.513854226300126,100,53.513854226300126,2026-01-06T04:50:14.261413,midterm,2
193,Social Studies,35.78025832708701,100,35.78025832708701,2026-01-06T04:50:14.261413,midterm,2
193,Hindi,43.46036629162493,100,43.46036629162493,2026-01-06T04:50:14.261413,midterm,2
193,Mathematics,41.04304784509028,100,41.04304784509028,2026-03-11T04:50:14.261413,final,3
193,Science,18.32481164614364,100,18.32481164614364,2026-03-11T04:50:14.261413,final,3
193,English,47.31254861053302,100,47.31254861053302,2026-03-11T04:50:14.261413,final,3
193,Social Studies,41.78444149877853,100,41.78444149877853,2026-03-11T04:50:14.261413,final,3
193,Hindi,44.713162840961544,100,44.713162840961544,2026-03-11T04:50:14.261413,final,3
194,Mathematics,100.0,100,100.0,2025-10-05T04:50:14.261413,midterm,1
194,Science,43.697202180261726,100,43.697202180261726,2025-10-05T04:50:14.261413,midterm,1
194,English,81.7852980728587,100,81.7852980728587,2025-10-05T04:50:14.261413,midterm,1
194,Social Studies,61.66385638124405,100,61.66385638124405,2025-10-05T04:50:14.261413,midterm,1
194,Hindi,67.4116206192777,100,67.4116206192777,2025-10-05T04:50:14.261413,midterm,1
194,Mathematics,64.08320912223519,100,64.08320912223519,2025-10-05T04:50:14.261413,midterm,2
194,Science,60.295968241267175,100,60.295968241267175,2025-10-05T04:50:14.261413,midterm,2
194,English,58.84000229286002,100,58.84000229286002,2025-10-05T04:50:14.261413,midterm,2
194,Social Studies,67.8334189309777,100,67.8334189309777,2025-10-05T04:50:14.261413,midterm,2
194,Hindi,49.36659460853082,100,49.36659460853082,2025-10-05T04:50:14.261413,midterm,2
194,Mathematics,72.04412325046526,100,72.04412325046526,2025-10-01T04:50:14.261413,final,3
194,Science,60.37638752639507,100,60.37638752639507,2025-10-01T04:50:14.261413,final,3
194,English,53.23763818484403,100,53.23763818484403,2025-10-01T04:50:14.261413,final,3
194,Social Studies,60.038202995289474,100,60.038202995289474,2025-10-01T04:50:14.261413,final,3
194,Hindi,77.10982374387333,100,77.10982374387333,2025-10-01T04:50:14.261413,final,3
195,Mathematics,80.03375954282562,100,80.03375954282562,2025-12-10T04:50:14.261413,midterm,1
195,Science,88.97164659508405,100,88.97164659508405,2025-12-10T04:50:14.261413,midterm,1
195,English,78.07754765583311,100,78.07754765583311,2025-12-10T04:50:14.261413,midterm,1
195,Social Studies,92.96632891222404,100,92.96632891222404,2025-12-10T04:50:14.261413,midterm,1
195,Hindi,92.2421878008899,100,92.2421878008899,2025-12-10T04:50:14.261413,midterm,1
195,Mathematics,100.0,100,100.0,2026-01-10T04:50:14.261413,midterm,2
195,Science,83.6314709579957,100,83.6314709579957,2026-01-10T04:50:14.261413,midterm,2
195,English,92.07365846056692,100,92.07365846056692,2026-01-10T04:50:14.261413,midterm,2
195,Social Studies,86.36778580837729,100,86.36778580837729,2026-01-10T04:50:14.261413,midterm,2
195,Hindi,98.345828231618,100,98.345828231618,2026-01-10T04:50:14.261413,midterm,2
195,Mathematics,78.19878653690054,100,78.19878653690054,2026-01-10T04:50:14.261413,final,3
195,Science,92.83716354176066,100,92.83716354176066,2026-01-10T04:50:14.261413,final,3
195,English,83.44013745182103,100,83.44013745182103,2026-01-10T04:50:14.261413,final,3
195,Social Studies,84.74522864190287,100,84.74522864190287,2026-01-10T04:50:14.261413,final,3
195,Hindi,86.30463525747157,100,86.30463525747157,2026-01-10T04:50:14.261413,final,3
196,Mathematics,87.80916121498916,100,87.80916121498916,2025-12-13T04:50:14.262411,midterm,1
196,Science,84.1244668195028,100,84.1244668195028,2025-12-13T04:50:14.262411,midterm,1
196,English,87.43388908242765,100,87.43388908242765,2025-12-13T04:50:14.262411,midterm,1
196,Social Studies,100.0,100,100.0,2025-12-13T04:50:14.262411,midterm,1
196,Hindi,95.14125410687457,100,95.14125410687457,2025-12-13T04:50:14.262411,midterm,1
196,Mathematics,93.97830317569135,100,93.97830317569135,2025-10-17T04:50:14.262411,midterm,2
196,Science,80.73136199048368,100,80.73136199048368,2025-10-17T04:50:14.262411,midterm,2
196,English,76.39434896843915,100,76.39434896843915,2025-10-17T04:50:14.262411,midterm,2
196,Social Studies,94.83976283309991,100,94.83976283309991,2025-10-17T04:50:14.262411,midterm,2
196,Hindi,94.04722517602033,100,94.04722517602033,2025-10-17T04:50:14.262411,midterm,2
196,Mathematics,100.0,100,100.0,2025-10-20T04:50:14.262411,final,3
196,Science,79.24695099103009,100,79.24695099103009,2025-10-20T04:50:14.262411,final,3
196,English,82.99127069711892,100,82.99127069711892,2025-10-20T04:50:14.262411,final,3
196,Social Studies,68.89191562546804,100,68.89191562546804,2025-10-20T04:50:14.262411,final,3
196,Hindi,81.36204619011366,100,81.36204619011366,2025-10-20T04:50:14.262411,final,3
197,Mathematics,98.91489671344291,100,98.91489671344291,2025-11-28T04:50:14.262411,midterm,1
197,Science,84.28423781536647,100,84.28423781536647,2025-11-28T04:50:14.262411,midterm,1
197,English,95.35398955965668,100,95.35398955965668,2025-11-28T04:50:14.262411,midterm,1
197,Social Studies,87.04416054767033,100,87.04416054767033,2025-11-28T04:50:14.262411,midterm,1
197,Hindi,92.18976188986404,100,92.18976188986404,2025-11-28T04:50:14.262411,midterm,1
197,Mathematics,77.47227770949178,100,77.47227770949178,2025-12-24T04:50:14.262411,midterm,2
197,Science,89.80128610398745,100,89.80128610398745,2025-12-24T04:50:14.262411,midterm,2
197,English,59.037831898641215,100,59.037831898641215,2025-12-24T04:50:14.262411,midterm,2
197,Social Studies,87.0802300260286,100,87.0802300260286,2025-12-24T04:50:14.262411,midterm,2
197,Hindi,72.64445917049704,100,72.64445917049704,2025-12-24T04:50:14.262411,midterm,2
197,Mathematics,100.0,100,100.0,2026-01-08T04:50:14.262411,final,3
197,Science,96.72326513529356,100,96.72326513529356,2026-01-08T04:50:14.262411,final,3
197,English,93.61590142730925,100,93.61590142730925,2026-01-08T04:50:14.262411,final,3
197,Social Studies,100.0,100,100.0,2026-01-08T04:50:14.262411,final,3
197,Hindi,79.46002639940008,100,79.46002639940008,2026-01-08T04:50:14.262411,final,3
198,Mathematics,58.04899047938241,100,58.04899047938241,2025-12-25T04:50:14.262411,midterm,1
198,Science,49.89727414283068,100,49.89727414283068,2025-12-25T04:50:14.262411,midterm,1
198,English,38.20980562803737,100,38.20980562803737,2025-12-25T04:50:14.262411,midterm,1
198,Social Studies,51.93155997205628,100,51.93155997205628,2025-12-25T04:50:14.262411,midterm,1
198,Hindi,29.51242337611049,100,29.51242337611049,2025-12-25T04:50:14.262411,midterm,1
198,Mathematics,32.3302168849501,100,32.3302168849501,2025-10-18T04:50:14.262411,midterm,2
198,Science,34.48946126782983,100,34.48946126782983,2025-10-18T04:50:14.262411,midterm,2
198,English,35.285581419586684,100,35.285581419586684,2025-10-18T04:50:14.262411,midterm,2
198,Social Studies,30.009782072624304,100,30.009782072624304,2025-10-18T04:50:14.262411,midterm,2
198,Hindi,52.80618917118008,100,52.80618917118008,2025-10-18T04:50:14.262411,midterm,2
198,Mathematics,37.98681449652852,100,37.98681449652852,2026-02-26T04:50:14.262411,final,3
198,Science,44.10040818379563,100,44.10040818379563,2026-02-26T04:50:14.262411,final,3
198,English,34.87184483609003,100,34.87184483609003,2026-02-26T04:50:14.262411,final,3
198,Social Studies,22.369325494741663,100,22.369325494741663,2026-02-26T04:50:14.262411,final,3
198,Hindi,43.275932084141054,100,43.275932084141054,2026-02-26T04:50:14.262411,final,3
199,Mathematics,69.67257706728401,100,69.67257706728401,2025-11-15T04:50:14.262411,midterm,1
199,Science,88.1087863606271,100,88.1087863606271,2025-11-15T04:50:14.262411,midterm,1
199,English,75.11197643315367,100,75.11197643315367,2025-11-15T04:50:14.262411,midterm,1
199,Social Studies,100.0,100,100.0,2025-11-15T04:50:14.262411,midterm,1
199,Hindi,97.908754043229,100,97.908754043229,2025-11-15T04:50:14.262411,midterm,1
199,Mathematics,89.85266473419658,100,89.85266473419658,2025-10-14T04:50:14.262411,midterm,2
199,Science,100.0,100,100.0,2025-10-14T04:50:14.262411,midterm,2
199,English,80.33196704682442,100,80.33196704682442,2025-10-14T04:50:14.262411,midterm,2
199,Social Studies,94.22992060818271,100,94.22992060818271,2025-10-14T04:50:14.262411,midterm,2
199,Hindi,90.7932311586689,100,90.7932311586689,2025-10-14T04:50:14.262411,midterm,2
199,Mathematics,91.43532763481848,100,91.43532763481848,2026-01-17T04:50:14.262411,final,3
199,Science,100.0,100,100.0,2026-01-17T04:50:14.262411,final,3
199,English,96.1200478492798,100,96.1200478492798,2026-01-17T04:50:14.262411,final,3
199,Social Studies,91.68236344973201,100,91.68236344973201,2026-01-17T04:50:14.262411,final,3
199,Hindi,72.24625245919881,100,72.24625245919881,2026-01-17T04:50:14.262411,final,3
200,Mathematics,44.89515143614815,100,44.89515143614815,2025-12-15T04:50:14.262411,midterm,1
200,Science,53.268525052985545,100,53.268525052985545,2025-12-15T04:50:14.262411,midterm,1
200,English,55.429338131709294,100,55.429338131709294,2025-12-15T04:50:14.262411,midterm,1
200,Social Studies,43.193577142203544,100,43.193577142203544,2025-12-15T04:50:14.262411,midterm,1
200,Hindi,78.612381144727,100,78.612381144727,2025-12-15T04:50:14.262411,midterm,1
200,Mathematics,69.65955494147852,100,69.65955494147852,2025-12-25T04:50:14.262411,midterm,2
200,Science,60.51679759286762,100,60.51679759286762,2025-12-25T04:50:14.262411,midterm,2
200,English,55.21598300178023,100,55.21598300178023,2025-12-25T04:50:14.262411,midterm,2
200,Social Studies,52.373524689931266,100,52.373524689931266,2025-12-25T04:50:14.262411,midterm,2
200,Hindi,44.976429788720424,100,44.976429788720424,2025-12-25T04:50:14.262411,midterm,2
200,Mathematics,55.27041957413141,100,55.27041957413141,2025-11-12T04:50:14.262411,final,3
200,Science,57.07313979037029,100,57.07313979037029,2025-11-12T04:50:14.262411,final,3
200,English,42.07800863412654,100,42.07800863412654,2025-11-12T04:50:14.262411,final,3
200,Social Studies,57.83737856139176,100,57.83737856139176,2025-11-12T04:50:14.262411,final,3
200,Hindi,52.943023900695295,100,52.943023900695295,2025-11-12T04:50:14.262411,final,3
201,Mathematics,13.7145625461314,100,13.7145625461314,2026-02-24T04:50:14.262411,midterm,1
201,Science,24.18878801711029,100,24.18878801711029,2026-02-24T04:50:14.262411,midterm,1
201,English,28.656582790688866,100,28.656582790688866,2026-02-24T04:50:14.262411,midterm,1
201,Social Studies,51.66951469830721,100,51.66951469830721,2026-02-24T04:50:14.262411,midterm,1
201,Hindi,38.35816937024289,100,38.35816937024289,2026-02-24T04:50:14.262411,midterm,1
201,Mathematics,19.437822433906398,100,19.437822433906398,2025-10-29T04:50:14.262411,midterm,2
201,Science,37.65300101908168,100,37.65300101908168,2025-10-29T04:50:14.262411,midterm,2
201,English,17.319598235521653,100,17.319598235521653,2025-10-29T04:50:14.262411,midterm,2
201,Social Studies,43.619548663776044,100,43.619548663776044,2025-10-29T04:50:14.262411,midterm,2
201,Hindi,28.081391606726523,100,28.081391606726523,2025-10-29T04:50:14.262411,midterm,2
201,Mathematics,31.8562762375136,100,31.8562762375136,2026-02-26T04:50:14.262411,final,3
201,Science,46.05060460032721,100,46.05060460032721,2026-02-26T04:50:14.262411,final,3
201,English,19.92100243906281,100,19.92100243906281,2026-02-26T04:50:14.262411,final,3
201,Social Studies,18.821456273775397,100,18.821456273775397,2026-02-26T04:50:14.262411,final,3
201,Hindi,26.956644861445263,100,26.956644861445263,2026-02-26T04:50:14.262411,final,3
202,Mathematics,66.86842204864054,100,66.86842204864054,2025-10-12T04:50:14.262411,midterm,1
202,Science,41.291172783678945,100,41.291172783678945,2025-10-12T04:50:14.262411,midterm,1
202,English,28.16307755734168,100,28.16307755734168,2025-10-12T04:50:14.262411,midterm,1
202,Social Studies,51.973044954357384,100,51.973044954357384,2025-10-12T04:50:14.262411,midterm,1
202,Hindi,62.00204153755657,100,62.00204153755657,2025-10-12T04:50:14.262411,midterm,1
202,Mathematics,68.48725103583567,100,68.48725103583567,2026-02-04T04:50:14.262411,midterm,2
202,Science,51.85301991759338,100,51.85301991759338,2026-02-04T04:50:14.262411,midterm,2
202,English,52.370367467287345,100,52.370367467287345,2026-02-04T04:50:14.262411,midterm,2
202,Social Studies,68.02364088100484,100,68.02364088100484,2026-02-04T04:50:14.262411,midterm,2
202,Hindi,37.787216541493166,100,37.787216541493166,2026-02-04T04:50:14.262411,midterm,2
202,Mathematics,52.599425786617275,100,52.599425786617275,2025-09-23T04:50:14.262411,final,3
202,Science,58.38887243769795,100,58.38887243769795,2025-09-23T04:50:14.262411,final,3
202,English,60.97682075129771,100,60.97682075129771,2025-09-23T04:50:14.262411,final,3
202,Social Studies,51.386566606538544,100,51.386566606538544,2025-09-23T04:50:14.262411,final,3
202,Hindi,56.829043655505785,100,56.829043655505785,2025-09-23T04:50:14.262411,final,3
203,Mathematics,38.13561131738798,100,38.13561131738798,2026-01-09T04:50:14.262411,midterm,1
203,Science,56.4364007281794,100,56.4364007281794,2026-01-09T04:50:14.262411,midterm,1
203,English,67.55397197706256,100,67.55397197706256,2026-01-09T04:50:14.262411,midterm,1
203,Social Studies,53.19594450897109,100,53.19594450897109,2026-01-09T04:50:14.262411,midterm,1
203,Hindi,63.60872706741385,100,63.60872706741385,2026-01-09T04:50:14.262411,midterm,1
203,Mathematics,67.48760985954486,100,67.48760985954486,2025-10-26T04:50:14.262411,midterm,2
203,Science,59.59339284294023,100,59.59339284294023,2025-10-26T04:50:14.262411,midterm,2
203,English,64.72352256148359,100,64.72352256148359,2025-10-26T04:50:14.262411,midterm,2
203,Social Studies,53.39155919867176,100,53.39155919867176,2025-10-26T04:50:14.262411,midterm,2
203,Hindi,60.952772054557414,100,60.952772054557414,2025-10-26T04:50:14.262411,midterm,2
203,Mathematics,69.1210465474101,100,69.1210465474101,2026-01-23T04:50:14.262411,final,3
203,Science,64.58861446120223,100,64.58861446120223,2026-01-23T04:50:14.262411,final,3
203,English,57.15357215587853,100,57.15357215587853,2026-01-23T04:50:14.262411,final,3
203,Social Studies,65.26104889442581,100,65.26104889442581,2026-01-23T04:50:14.262411,final,3
203,Hindi,70.16498275788406,100,70.16498275788406,2026-01-23T04:50:14.262411,final,3
204,Mathematics,61.9835341900575,100,61.9835341900575,2025-11-28T04:50:14.262411,midterm,1
204,Science,94.07368762539126,100,94.07368762539126,2025-11-28T04:50:14.262411,midterm,1
204,English,79.12039958902156,100,79.12039958902156,2025-11-28T04:50:14.262411,midterm,1
204,Social Studies,86.73784630823458,100,86.73784630823458,2025-11-28T04:50:14.262411,midterm,1
204,Hindi,94.45541621228456,100,94.45541621228456,2025-11-28T04:50:14.262411,midterm,1
204,Mathematics,68.76621000352762,100,68.76621000352762,2025-11-21T04:50:14.262411,midterm,2
204,Science,75.38853695155682,100,75.38853695155682,2025-11-21T04:50:14.262411,midterm,2
204,English,79.59746001707524,100,79.59746001707524,2025-11-21T04:50:14.262411,midterm,2
204,Social Studies,74.64541176458799,100,74.64541176458799,2025-11-21T04:50:14.262411,midterm,2
204,Hindi,99.83231273420036,100,99.83231273420036,2025-11-21T04:50:14.262411,midterm,2
204,Mathematics,73.91522603756435,100,73.91522603756435,2025-12-30T04:50:14.262411,final,3
204,Science,76.92747918096362,100,76.92747918096362,2025-12-30T04:50:14.262411,final,3
204,English,84.52683729186205,100,84.52683729186205,2025-12-30T04:50:14.262411,final,3
204,Social Studies,70.46145171507139,100,70.46145171507139,2025-12-30T04:50:14.262411,final,3
204,Hindi,78.52613985826964,100,78.52613985826964,2025-12-30T04:50:14.262411,final,3
205,Mathematics,59.3836083258476,100,59.3836083258476,2026-02-19T04:50:14.262411,midterm,1
205,Science,52.88047166952074,100,52.88047166952074,2026-02-19T04:50:14.262411,midterm,1
205,English,55.275207124346366,100,55.275207124346366,2026-02-19T04:50:14.262411,midterm,1
205,Social Studies,50.915754588862136,100,50.915754588862136,2026-02-19T04:50:14.262411,midterm,1
205,Hindi,41.064372621538176,100,41.064372621538176,2026-02-19T04:50:14.262411,midterm,1
205,Mathematics,59.42500782673823,100,59.42500782673823,2026-01-23T04:50:14.262411,midterm,2
205,Science,73.75840642981827,100,73.75840642981827,2026-01-23T04:50:14.262411,midterm,2
205,English,56.39309202118023,100,56.39309202118023,2026-01-23T04:50:14.262411,midterm,2
205,Social Studies,58.46171688582134,100,58.46171688582134,2026-01-23T04:50:14.262411,midterm,2
205,Hindi,63.13630326451444,100,63.13630326451444,2026-01-23T04:50:14.262411,midterm,2
205,Mathematics,43.515770747878854,100,43.515770747878854,2025-10-04T04:50:14.262411,final,3
205,Science,73.23422229464191,100,73.23422229464191,2025-10-04T04:50:14.262411,final,3
205,English,58.232363677573865,100,58.232363677573865,2025-10-04T04:50:14.262411,final,3
205,Social Studies,72.52764470423693,100,72.52764470423693,2025-10-04T04:50:14.262411,final,3
205,Hindi,48.87874575810595,100,48.87874575810595,2025-10-04T04:50:14.262411,final,3
206,Mathematics,99.24085944184213,100,99.24085944184213,2025-10-01T04:50:14.262411,midterm,1
206,Science,88.81179515661171,100,88.81179515661171,2025-10-01T04:50:14.262411,midterm,1
206,English,86.59064107478746,100,86.59064107478746,2025-10-01T04:50:14.262411,midterm,1
206,Social Studies,83.40048475979536,100,83.40048475979536,2025-10-01T04:50:14.262411,midterm,1
206,Hindi,78.57495403551938,100,78.57495403551938,2025-10-01T04:50:14.262411,midterm,1
206,Mathematics,93.0655568010026,100,93.0655568010026,2025-10-18T04:50:14.262411,midterm,2
206,Science,82.46383891474434,100,82.46383891474434,2025-10-18T04:50:14.262411,midterm,2
206,English,61.38954318039235,100,61.38954318039235,2025-10-18T04:50:14.262411,midterm,2
206,Social Studies,69.88837559919385,100,69.88837559919385,2025-10-18T04:50:14.262411,midterm,2
206,Hindi,79.2017826943364,100,79.2017826943364,2025-10-18T04:50:14.262411,midterm,2
206,Mathematics,84.16023004791943,100,84.16023004791943,2025-12-23T04:50:14.262411,final,3
206,Science,80.49435532726493,100,80.49435532726493,2025-12-23T04:50:14.262411,final,3
206,English,93.2499481142005,100,93.2499481142005,2025-12-23T04:50:14.262411,final,3
206,Social Studies,61.54922157587763,100,61.54922157587763,2025-12-23T04:50:14.262411,final,3
206,Hindi,82.49611958131548,100,82.49611958131548,2025-12-23T04:50:14.262411,final,3
207,Mathematics,65.07068027004408,100,65.07068027004408,2025-12-18T04:50:14.262411,midterm,1
207,Science,90.84759547875731,100,90.84759547875731,2025-12-18T04:50:14.262411,midterm,1
207,English,82.3058853794956,100,82.3058853794956,2025-12-18T04:50:14.262411,midterm,1
207,Social Studies,87.44657224415681,100,87.44657224415681,2025-12-18T04:50:14.262411,midterm,1
207,Hindi,74.61164291801798,100,74.61164291801798,2025-12-18T04:50:14.262411,midterm,1
207,Mathematics,96.04512184049314,100,96.04512184049314,2026-02-26T04:50:14.262411,midterm,2
207,Science,93.66771916450415,100,93.66771916450415,2026-02-26T04:50:14.262411,midterm,2
207,English,89.08591555403451,100,89.08591555403451,2026-02-26T04:50:14.262411,midterm,2
207,Social Studies,81.95530005528123,100,81.95530005528123,2026-02-26T04:50:14.262411,midterm,2
207,Hindi,89.04904537686696,100,89.04904537686696,2026-02-26T04:50:14.262411,midterm,2
207,Mathematics,76.18154684404215,100,76.18154684404215,2025-11-10T04:50:14.262411,final,3
207,Science,91.80602911412275,100,91.80602911412275,2025-11-10T04:50:14.262411,final,3
207,English,99.74528146715484,100,99.74528146715484,2025-11-10T04:50:14.262411,final,3
207,Social Studies,93.95657812370749,100,93.95657812370749,2025-11-10T04:50:14.262411,final,3
207,Hindi,75.95444782584154,100,75.95444782584154,2025-11-10T04:50:14.262411,final,3
208,Mathematics,82.27386267685353,100,82.27386267685353,2025-10-20T04:50:14.262411,midterm,1
208,Science,65.72827406653602,100,65.72827406653602,2025-10-20T04:50:14.262411,midterm,1
208,English,84.38359261587925,100,84.38359261587925,2025-10-20T04:50:14.262411,midterm,1
208,Social Studies,83.16572363274788,100,83.16572363274788,2025-10-20T04:50:14.262411,midterm,1
208,Hindi,59.961526108800854,100,59.961526108800854,2025-10-20T04:50:14.262411,midterm,1
208,Mathematics,67.04185106499887,100,67.04185106499887,2026-01-03T04:50:14.262411,midterm,2
208,Science,75.82830053668482,100,75.82830053668482,2026-01-03T04:50:14.262411,midterm,2
208,English,75.65109203271423,100,75.65109203271423,2026-01-03T04:50:14.262411,midterm,2
208,Social Studies,66.56492014993444,100,66.56492014993444,2026-01-03T04:50:14.262411,midterm,2
208,Hindi,82.54947679764433,100,82.54947679764433,2026-01-03T04:50:14.262411,midterm,2
208,Mathematics,81.17442559352762,100,81.17442559352762,2025-09-23T04:50:14.262411,final,3
208,Science,76.7169981843373,100,76.7169981843373,2025-09-23T04:50:14.262411,final,3
208,English,71.10177450253887,100,71.10177450253887,2025-09-23T04:50:14.262411,final,3
208,Social Studies,89.14676076828813,100,89.14676076828813,2025-09-23T04:50:14.262411,final,3
208,Hindi,95.21376063500546,100,95.21376063500546,2025-09-23T04:50:14.262411,final,3
209,Mathematics,78.20298884015995,100,78.20298884015995,2025-10-10T04:50:14.262411,midterm,1
209,Science,76.91693450707712,100,76.91693450707712,2025-10-10T04:50:14.262411,midterm,1
209,English,87.95068033274528,100,87.95068033274528,2025-10-10T04:50:14.262411,midterm,1
209,Social Studies,79.45830988115546,100,79.45830988115546,2025-10-10T04:50:14.262411,midterm,1
209,Hindi,81.64463167199298,100,81.64463167199298,2025-10-10T04:50:14.262411,midterm,1
209,Mathematics,90.43513519587204,100,90.43513519587204,2026-03-11T04:50:14.262411,midterm,2
209,Science,63.9450428035524,100,63.9450428035524,2026-03-11T04:50:14.262411,midterm,2
209,English,96.22162692715202,100,96.22162692715202,2026-03-11T04:50:14.262411,midterm,2
209,Social Studies,83.76540892191873,100,83.76540892191873,2026-03-11T04:50:14.262411,midterm,2
209,Hindi,78.92367223300351,100,78.92367223300351,2026-03-11T04:50:14.262411,midterm,2
209,Mathematics,82.14626213641083,100,82.14626213641083,2026-02-05T04:50:14.262411,final,3
209,Science,82.6628972288305,100,82.6628972288305,2026-02-05T04:50:14.262411,final,3
209,English,65.72659064417607,100,65.72659064417607,2026-02-05T04:50:14.262411,final,3
209,Social Studies,97.98798595315768,100,97.98798595315768,2026-02-05T04:50:14.262411,final,3
209,Hindi,83.45186000133151,100,83.45186000133151,2026-02-05T04:50:14.262411,final,3
210,Mathematics,82.31098482703472,100,82.31098482703472,2025-10-04T04:50:14.262411,midterm,1
210,Science,87.39646122830139,100,87.39646122830139,2025-10-04T04:50:14.262411,midterm,1
210,English,67.66933894695796,100,67.66933894695796,2025-10-04T04:50:14.262411,midterm,1
210,Social Studies,82.61568251291325,100,82.61568251291325,2025-10-04T04:50:14.262411,midterm,1
210,Hindi,75.20455261357303,100,75.20455261357303,2025-10-04T04:50:14.262411,midterm,1
210,Mathematics,86.3486712747259,100,86.3486712747259,2025-11-28T04:50:14.262411,midterm,2
210,Science,56.60868931904601,100,56.60868931904601,2025-11-28T04:50:14.262411,midterm,2
210,English,76.89002052014827,100,76.89002052014827,2025-11-28T04:50:14.262411,midterm,2
210,Social Studies,71.85275696472135,100,71.85275696472135,2025-11-28T04:50:14.262411,midterm,2
210,Hindi,82.20359302890252,100,82.20359302890252,2025-11-28T04:50:14.262411,midterm,2
210,Mathematics,82.58140539624299,100,82.58140539624299,2025-12-09T04:50:14.262411,final,3
210,Science,70.8047045743407,100,70.8047045743407,2025-12-09T04:50:14.262411,final,3
210,English,70.75922488080053,100,70.75922488080053,2025-12-09T04:50:14.262411,final,3
210,Social Studies,76.77430983698767,100,76.77430983698767,2025-12-09T04:50:14.262411,final,3
210,Hindi,68.91454124940888,100,68.91454124940888,2025-12-09T04:50:14.262411,final,3
211,Mathematics,77.87051574495045,100,77.87051574495045,2025-11-08T04:50:14.262411,midterm,1
211,Science,65.75860678595473,100,65.75860678595473,2025-11-08T04:50:14.262411,midterm,1
211,English,40.380796597212765,100,40.380796597212765,2025-11-08T04:50:14.262411,midterm,1
211,Social Studies,65.70245822421111,100,65.70245822421111,2025-11-08T04:50:14.262411,midterm,1
211,Hindi,59.06524058198946,100,59.06524058198946,2025-11-08T04:50:14.262411,midterm,1
211,Mathematics,53.137920635819725,100,53.137920635819725,2025-11-24T04:50:14.262411,midterm,2
211,Science,57.07641240820345,100,57.07641240820345,2025-11-24T04:50:14.262411,midterm,2
211,English,70.54476350875888,100,70.54476350875888,2025-11-24T04:50:14.262411,midterm,2
211,Social Studies,82.73708707291149,100,82.73708707291149,2025-11-24T04:50:14.262411,midterm,2
211,Hindi,72.58252352907898,100,72.58252352907898,2025-11-24T04:50:14.262411,midterm,2
211,Mathematics,63.385644908271786,100,63.385644908271786,2026-02-19T04:50:14.262411,final,3
211,Science,74.00972074213621,100,74.00972074213621,2026-02-19T04:50:14.262411,final,3
211,English,64.85977568823927,100,64.85977568823927,2026-02-19T04:50:14.262411,final,3
211,Social Studies,62.50467509879773,100,62.50467509879773,2026-02-19T04:50:14.262411,final,3
211,Hindi,57.907052108099336,100,57.907052108099336,2026-02-19T04:50:14.262411,final,3
212,Mathematics,61.906859952321085,100,61.906859952321085,2026-02-15T04:50:14.262411,midterm,1
212,Science,75.52591095424383,100,75.52591095424383,2026-02-15T04:50:14.262411,midterm,1
212,English,81.0056829190396,100,81.0056829190396,2026-02-15T04:50:14.262411,midterm,1
212,Social Studies,78.45891131968938,100,78.45891131968938,2026-02-15T04:50:14.262411,midterm,1
212,Hindi,75.26547874036468,100,75.26547874036468,2026-02-15T04:50:14.262411,midterm,1
212,Mathematics,69.96768741287046,100,69.96768741287046,2025-12-25T04:50:14.262411,midterm,2
212,Science,85.50760993668796,100,85.50760993668796,2025-12-25T04:50:14.262411,midterm,2
212,English,66.25382882037243,100,66.25382882037243,2025-12-25T04:50:14.262411,midterm,2
212,Social Studies,87.18542715827303,100,87.18542715827303,2025-12-25T04:50:14.262411,midterm,2
212,Hindi,69.40297783057103,100,69.40297783057103,2025-12-25T04:50:14.262411,midterm,2
212,Mathematics,71.90079564630793,100,71.90079564630793,2026-01-16T04:50:14.262411,final,3
212,Science,64.7572961136815,100,64.7572961136815,2026-01-16T04:50:14.262411,final,3
212,English,74.4111265509819,100,74.4111265509819,2026-01-16T04:50:14.262411,final,3
212,Social Studies,89.17827260461806,100,89.17827260461806,2026-01-16T04:50:14.262411,final,3
212,Hindi,84.58142890427784,100,84.58142890427784,2026-01-16T04:50:14.262411,final,3
213,Mathematics,43.74837342166744,100,43.74837342166744,2026-01-30T04:50:14.262411,midterm,1
213,Science,39.185577760726446,100,39.185577760726446,2026-01-30T04:50:14.262411,midterm,1
213,English,22.927454016083395,100,22.927454016083395,2026-01-30T04:50:14.262411,midterm,1
213,Social Studies,30.656260058111513,100,30.656260058111513,2026-01-30T04:50:14.262411,midterm,1
213,Hindi,26.16216101021246,100,26.16216101021246,2026-01-30T04:50:14.262411,midterm,1
213,Mathematics,47.26990134177749,100,47.26990134177749,2025-11-03T04:50:14.262411,midterm,2
213,Science,21.99626583712397,100,21.99626583712397,2025-11-03T04:50:14.262411,midterm,2
213,English,42.901129195278195,100,42.901129195278195,2025-11-03T04:50:14.262411,midterm,2
213,Social Studies,42.89369100247478,100,42.89369100247478,2025-11-03T04:50:14.262411,midterm,2
213,Hindi,52.26035431854796,100,52.26035431854796,2025-11-03T04:50:14.262411,midterm,2
213,Mathematics,29.867286375092114,100,29.867286375092114,2026-01-16T04:50:14.262411,final,3
213,Science,41.08737389718871,100,41.08737389718871,2026-01-16T04:50:14.262411,final,3
213,English,56.780670666775514,100,56.780670666775514,2026-01-16T04:50:14.262411,final,3
213,Social Studies,27.78773553205012,100,27.78773553205012,2026-01-16T04:50:14.262411,final,3
213,Hindi,18.61374982606349,100,18.61374982606349,2026-01-16T04:50:14.262411,final,3
214,Mathematics,58.818382689855916,100,58.818382689855916,2025-12-03T04:50:14.262411,midterm,1
214,Science,84.74560331754687,100,84.74560331754687,2025-12-03T04:50:14.262411,midterm,1
214,English,58.78698094834772,100,58.78698094834772,2025-12-03T04:50:14.262411,midterm,1
214,Social Studies,73.89529249955433,100,73.89529249955433,2025-12-03T04:50:14.262411,midterm,1
214,Hindi,81.99161489932317,100,81.99161489932317,2025-12-03T04:50:14.262411,midterm,1
214,Mathematics,79.47023839723269,100,79.47023839723269,2025-10-02T04:50:14.262411,midterm,2
214,Science,81.87293167077527,100,81.87293167077527,2025-10-02T04:50:14.262411,midterm,2
214,English,79.84138158694209,100,79.84138158694209,2025-10-02T04:50:14.262411,midterm,2
214,Social Studies,90.40714116206749,100,90.40714116206749,2025-10-02T04:50:14.262411,midterm,2
214,Hindi,68.09531922154558,100,68.09531922154558,2025-10-02T04:50:14.262411,midterm,2
214,Mathematics,70.84853164434824,100,70.84853164434824,2025-12-03T04:50:14.262411,final,3
214,Science,69.89188857622531,100,69.89188857622531,2025-12-03T04:50:14.262411,final,3
214,English,85.92040114755966,100,85.92040114755966,2025-12-03T04:50:14.262411,final,3
214,Social Studies,86.62246891288419,100,86.62246891288419,2025-12-03T04:50:14.262411,final,3
214,Hindi,82.13073622211863,100,82.13073622211863,2025-12-03T04:50:14.262411,final,3
215,Mathematics,83.07997922936866,100,83.07997922936866,2025-11-26T04:50:14.262411,midterm,1
215,Science,59.46463388670558,100,59.46463388670558,2025-11-26T04:50:14.262411,midterm,1
215,English,87.91728367598076,100,87.91728367598076,2025-11-26T04:50:14.262411,midterm,1
215,Social Studies,86.47742877759197,100,86.47742877759197,2025-11-26T04:50:14.262411,midterm,1
215,Hindi,78.60126253292685,100,78.60126253292685,2025-11-26T04:50:14.262411,midterm,1
215,Mathematics,89.06303164817999,100,89.06303164817999,2026-01-28T04:50:14.262411,midterm,2
215,Science,54.67881048369165,100,54.67881048369165,2026-01-28T04:50:14.262411,midterm,2
215,English,66.00056119784287,100,66.00056119784287,2026-01-28T04:50:14.262411,midterm,2
215,Social Studies,63.892007953649866,100,63.892007953649866,2026-01-28T04:50:14.262411,midterm,2
215,Hindi,78.45983579804282,100,78.45983579804282,2026-01-28T04:50:14.262411,midterm,2
215,Mathematics,60.74363516444793,100,60.74363516444793,2026-01-10T04:50:14.262411,final,3
215,Science,78.81999405384424,100,78.81999405384424,2026-01-10T04:50:14.262411,final,3
215,English,84.95040400043652,100,84.95040400043652,2026-01-10T04:50:14.262411,final,3
215,Social Studies,78.19707156130939,100,78.19707156130939,2026-01-10T04:50:14.262411,final,3
215,Hindi,74.0825527970844,100,74.0825527970844,2026-01-10T04:50:14.262411,final,3
216,Mathematics,53.10968815268441,100,53.10968815268441,2026-02-12T04:50:14.262411,midterm,1
216,Science,54.51991190043826,100,54.51991190043826,2026-02-12T04:50:14.262411,midterm,1
216,English,75.48461061465858,100,75.48461061465858,2026-02-12T04:50:14.262411,midterm,1
216,Social Studies,70.78191160074523,100,70.78191160074523,2026-02-12T04:50:14.262411,midterm,1
216,Hindi,62.59822636791647,100,62.59822636791647,2026-02-12T04:50:14.262411,midterm,1
216,Mathematics,58.809326104033005,100,58.809326104033005,2026-02-06T04:50:14.262411,midterm,2
216,Science,42.73034283057814,100,42.73034283057814,2026-02-06T04:50:14.262411,midterm,2
216,English,52.27989737484752,100,52.27989737484752,2026-02-06T04:50:14.262411,midterm,2
216,Social Studies,82.10261243308915,100,82.10261243308915,2026-02-06T04:50:14.262411,midterm,2
216,Hindi,50.18386585166724,100,50.18386585166724,2026-02-06T04:50:14.262411,midterm,2
216,Mathematics,64.88321977390271,100,64.88321977390271,2025-11-17T04:50:14.262411,final,3
216,Science,73.06286129364389,100,73.06286129364389,2025-11-17T04:50:14.262411,final,3
216,English,50.43919488166898,100,50.43919488166898,2025-11-17T04:50:14.262411,final,3
216,Social Studies,64.83552630950274,100,64.83552630950274,2025-11-17T04:50:14.262411,final,3
216,Hindi,72.36757693679846,100,72.36757693679846,2025-11-17T04:50:14.262411,final,3
217,Mathematics,60.1525790484744,100,60.1525790484744,2025-10-25T04:50:14.262411,midterm,1
217,Science,88.71161638606958,100,88.71161638606958,2025-10-25T04:50:14.262411,midterm,1
217,English,43.34159324061994,100,43.34159324061994,2025-10-25T04:50:14.262411,midterm,1
217,Social Studies,70.6148711282407,100,70.6148711282407,2025-10-25T04:50:14.262411,midterm,1
217,Hindi,58.29956845543725,100,58.29956845543725,2025-10-25T04:50:14.262411,midterm,1
217,Mathematics,67.74678737776865,100,67.74678737776865,2025-12-22T04:50:14.263410,midterm,2
217,Science,64.44065734639436,100,64.44065734639436,2025-12-22T04:50:14.263410,midterm,2
217,English,52.696023858301935,100,52.696023858301935,2025-12-22T04:50:14.263410,midterm,2
217,Social Studies,62.3175497539953,100,62.3175497539953,2025-12-22T04:50:14.263410,midterm,2
217,Hindi,41.44857131541903,100,41.44857131541903,2025-12-22T04:50:14.263410,midterm,2
217,Mathematics,66.06006083511583,100,66.06006083511583,2026-01-15T04:50:14.263410,final,3
217,Science,63.00917048930716,100,63.00917048930716,2026-01-15T04:50:14.263410,final,3
217,English,66.41418751583292,100,66.41418751583292,2026-01-15T04:50:14.263410,final,3
217,Social Studies,70.6087690802734,100,70.6087690802734,2026-01-15T04:50:14.263410,final,3
217,Hindi,63.70378423149901,100,63.70378423149901,2026-01-15T04:50:14.263410,final,3
218,Mathematics,33.13254054531679,100,33.13254054531679,2025-10-02T04:50:14.263410,midterm,1
218,Science,22.84096298072111,100,22.84096298072111,2025-10-02T04:50:14.263410,midterm,1
218,English,24.52943871084352,100,24.52943871084352,2025-10-02T04:50:14.263410,midterm,1
218,Social Studies,43.518992549107345,100,43.518992549107345,2025-10-02T04:50:14.263410,midterm,1
218,Hindi,46.01500040439382,100,46.01500040439382,2025-10-02T04:50:14.263410,midterm,1
218,Mathematics,29.270541984213494,100,29.270541984213494,2025-10-29T04:50:14.263410,midterm,2
218,Science,32.11167381986677,100,32.11167381986677,2025-10-29T04:50:14.263410,midterm,2
218,English,22.605502597396374,100,22.605502597396374,2025-10-29T04:50:14.263410,midterm,2
218,Social Studies,43.379214800008484,100,43.379214800008484,2025-10-29T04:50:14.263410,midterm,2
218,Hindi,38.30581458425182,100,38.30581458425182,2025-10-29T04:50:14.263410,midterm,2
218,Mathematics,51.06382071197152,100,51.06382071197152,2025-10-29T04:50:14.263410,final,3
218,Science,22.868415575536645,100,22.868415575536645,2025-10-29T04:50:14.263410,final,3
218,English,27.87156735715186,100,27.87156735715186,2025-10-29T04:50:14.263410,final,3
218,Social Studies,33.966105572589754,100,33.966105572589754,2025-10-29T04:50:14.263410,final,3
218,Hindi,38.11654172459174,100,38.11654172459174,2025-10-29T04:50:14.263410,final,3
219,Mathematics,39.02483109941903,100,39.02483109941903,2026-01-01T04:50:14.263410,midterm,1
219,Science,32.45189657035835,100,32.45189657035835,2026-01-01T04:50:14.263410,midterm,1
219,English,49.995582764131065,100,49.995582764131065,2026-01-01T04:50:14.263410,midterm,1
219,Social Studies,48.39286110035117,100,48.39286110035117,2026-01-01T04:50:14.263410,midterm,1
219,Hindi,32.018766469258104,100,32.018766469258104,2026-01-01T04:50:14.263410,midterm,1
219,Mathematics,54.735935485950314,100,54.735935485950314,2026-02-11T04:50:14.263410,midterm,2
219,Science,52.883494566861394,100,52.883494566861394,2026-02-11T04:50:14.263410,midterm,2
219,English,42.524472447373284,100,42.524472447373284,2026-02-11T04:50:14.263410,midterm,2
219,Social Studies,41.97748609865572,100,41.97748609865572,2026-02-11T04:50:14.263410,midterm,2
219,Hindi,46.72208518605443,100,46.72208518605443,2026-02-11T04:50:14.263410,midterm,2
219,Mathematics,32.564476772332775,100,32.564476772332775,2025-12-31T04:50:14.263410,final,3
219,Science,41.48182226653618,100,41.48182226653618,2025-12-31T04:50:14.263410,final,3
219,English,19.657672028803553,100,19.657672028803553,2025-12-31T04:50:14.263410,final,3
219,Social Studies,49.94606392992471,100,49.94606392992471,2025-12-31T04:50:14.263410,final,3
219,Hindi,25.56657525047676,100,25.56657525047676,2025-12-31T04:50:14.263410,final,3
220,Mathematics,100.0,100,100.0,2026-02-13T04:50:14.263410,midterm,1
220,Science,86.04368047003955,100,86.04368047003955,2026-02-13T04:50:14.263410,midterm,1
220,English,87.22821159039228,100,87.22821159039228,2026-02-13T04:50:14.263410,midterm,1
220,Social Studies,83.06754234885899,100,83.06754234885899,2026-02-13T04:50:14.263410,midterm,1
220,Hindi,86.46449267048328,100,86.46449267048328,2026-02-13T04:50:14.263410,midterm,1
220,Mathematics,100.0,100,100.0,2026-01-12T04:50:14.263410,midterm,2
220,Science,64.46679484435325,100,64.46679484435325,2026-01-12T04:50:14.263410,midterm,2
220,English,100.0,100,100.0,2026-01-12T04:50:14.263410,midterm,2
220,Social Studies,92.72511622072112,100,92.72511622072112,2026-01-12T04:50:14.263410,midterm,2
220,Hindi,77.2746649311319,100,77.2746649311319,2026-01-12T04:50:14.263410,midterm,2
220,Mathematics,78.59175747921167,100,78.59175747921167,2025-11-22T04:50:14.263410,final,3
220,Science,100.0,100,100.0,2025-11-22T04:50:14.263410,final,3
220,English,79.88981261027673,100,79.88981261027673,2025-11-22T04:50:14.263410,final,3
220,Social Studies,77.81137630374445,100,77.81137630374445,2025-11-22T04:50:14.263410,final,3
220,Hindi,100.0,100,100.0,2025-11-22T04:50:14.263410,final,3
221,Mathematics,87.10383648362262,100,87.10383648362262,2025-10-16T04:50:14.263410,midterm,1
221,Science,74.33905195539948,100,74.33905195539948,2025-10-16T04:50:14.263410,midterm,1
221,English,85.88455747480967,100,85.88455747480967,2025-10-16T04:50:14.263410,midterm,1
221,Social Studies,73.4607808843607,100,73.4607808843607,2025-10-16T04:50:14.263410,midterm,1
221,Hindi,94.72652170498952,100,94.72652170498952,2025-10-16T04:50:14.263410,midterm,1
221,Mathematics,94.3320173694948,100,94.3320173694948,2025-11-02T04:50:14.263410,midterm,2
221,Science,89.03836970898291,100,89.03836970898291,2025-11-02T04:50:14.263410,midterm,2
221,English,87.33491833323365,100,87.33491833323365,2025-11-02T04:50:14.263410,midterm,2
221,Social Studies,100.0,100,100.0,2025-11-02T04:50:14.263410,midterm,2
221,Hindi,83.71517099464573,100,83.71517099464573,2025-11-02T04:50:14.263410,midterm,2
221,Mathematics,71.89956646655547,100,71.89956646655547,2025-11-16T04:50:14.263410,final,3
221,Science,88.21304684908654,100,88.21304684908654,2025-11-16T04:50:14.263410,final,3
221,English,100.0,100,100.0,2025-11-16T04:50:14.263410,final,3
221,Social Studies,73.57071278890496,100,73.57071278890496,2025-11-16T04:50:14.263410,final,3
221,Hindi,80.10368005382362,100,80.10368005382362,2025-11-16T04:50:14.263410,final,3
222,Mathematics,72.56665958124835,100,72.56665958124835,2025-09-24T04:50:14.263410,midterm,1
222,Science,67.86315071017643,100,67.86315071017643,2025-09-24T04:50:14.263410,midterm,1
222,English,58.57916339646068,100,58.57916339646068,2025-09-24T04:50:14.263410,midterm,1
222,Social Studies,79.62077776253854,100,79.62077776253854,2025-09-24T04:50:14.263410,midterm,1
222,Hindi,91.60260642040642,100,91.60260642040642,2025-09-24T04:50:14.263410,midterm,1
222,Mathematics,70.3635137904729,100,70.3635137904729,2026-01-05T04:50:14.263410,midterm,2
222,Science,59.361516302873824,100,59.361516302873824,2026-01-05T04:50:14.263410,midterm,2
222,English,52.91259394969907,100,52.91259394969907,2026-01-05T04:50:14.263410,midterm,2
222,Social Studies,70.98195901244563,100,70.98195901244563,2026-01-05T04:50:14.263410,midterm,2
222,Hindi,79.4409726333964,100,79.4409726333964,2026-01-05T04:50:14.263410,midterm,2
222,Mathematics,73.15387666518764,100,73.15387666518764,2025-12-09T04:50:14.263410,final,3
222,Science,68.37816079104529,100,68.37816079104529,2025-12-09T04:50:14.263410,final,3
222,English,62.50948268234076,100,62.50948268234076,2025-12-09T04:50:14.263410,final,3
222,Social Studies,57.480562873052925,100,57.480562873052925,2025-12-09T04:50:14.263410,final,3
222,Hindi,76.74971246348264,100,76.74971246348264,2025-12-09T04:50:14.263410,final,3
223,Mathematics,85.81929195096058,100,85.81929195096058,2025-11-22T04:50:14.263410,midterm,1
223,Science,61.22427787019739,100,61.22427787019739,2025-11-22T04:50:14.263410,midterm,1
223,English,92.57996551891156,100,92.57996551891156,2025-11-22T04:50:14.263410,midterm,1
223,Social Studies,82.42228794604473,100,82.42228794604473,2025-11-22T04:50:14.263410,midterm,1
223,Hindi,90.67752218856266,100,90.67752218856266,2025-11-22T04:50:14.263410,midterm,1
223,Mathematics,63.26029825225357,100,63.26029825225357,2025-12-27T04:50:14.263410,midterm,2
223,Science,63.023334182950336,100,63.023334182950336,2025-12-27T04:50:14.263410,midterm,2
223,English,75.19188263943175,100,75.19188263943175,2025-12-27T04:50:14.263410,midterm,2
223,Social Studies,81.70942000605666,100,81.70942000605666,2025-12-27T04:50:14.263410,midterm,2
223,Hindi,94.64518396637436,100,94.64518396637436,2025-12-27T04:50:14.263410,midterm,2
223,Mathematics,83.74236487525604,100,83.74236487525604,2026-01-22T04:50:14.263410,final,3
223,Science,74.2547629689844,100,74.2547629689844,2026-01-22T04:50:14.263410,final,3
223,English,66.4178836604458,100,66.4178836604458,2026-01-22T04:50:14.263410,final,3
223,Social Studies,88.98158146429623,100,88.98158146429623,2026-01-22T04:50:14.263410,final,3
223,Hindi,67.03452147959757,100,67.03452147959757,2026-01-22T04:50:14.263410,final,3
224,Mathematics,78.45194778412055,100,78.45194778412055,2026-01-08T04:50:14.263410,midterm,1
224,Science,59.32341574033224,100,59.32341574033224,2026-01-08T04:50:14.263410,midterm,1
224,English,78.07308296257582,100,78.07308296257582,2026-01-08T04:50:14.263410,midterm,1
224,Social Studies,68.95657513699011,100,68.95657513699011,2026-01-08T04:50:14.263410,midterm,1
224,Hindi,60.79730734197275,100,60.79730734197275,2026-01-08T04:50:14.263410,midterm,1
224,Mathematics,56.97329851813606,100,56.97329851813606,2025-10-27T04:50:14.263410,midterm,2
224,Science,58.75818346293653,100,58.75818346293653,2025-10-27T04:50:14.263410,midterm,2
224,English,66.4504291601497,100,66.4504291601497,2025-10-27T04:50:14.263410,midterm,2
224,Social Studies,62.938827198574494,100,62.938827198574494,2025-10-27T04:50:14.263410,midterm,2
224,Hindi,56.22914815571028,100,56.22914815571028,2025-10-27T04:50:14.263410,midterm,2
224,Mathematics,60.51094813322101,100,60.51094813322101,2026-02-17T04:50:14.263410,final,3
224,Science,62.953032533588825,100,62.953032533588825,2026-02-17T04:50:14.263410,final,3
224,English,40.87992129224921,100,40.87992129224921,2026-02-17T04:50:14.263410,final,3
224,Social Studies,66.74894338428432,100,66.74894338428432,2026-02-17T04:50:14.263410,final,3
224,Hindi,52.37004998922926,100,52.37004998922926,2026-02-17T04:50:14.263410,final,3
225,Mathematics,44.7821300025931,100,44.7821300025931,2025-12-29T04:50:14.263410,midterm,1
225,Science,39.44201056354345,100,39.44201056354345,2025-12-29T04:50:14.263410,midterm,1
225,English,38.376529055971645,100,38.376529055971645,2025-12-29T04:50:14.263410,midterm,1
225,Social Studies,42.76097900352766,100,42.76097900352766,2025-12-29T04:50:14.263410,midterm,1
225,Hindi,49.22524445834564,100,49.22524445834564,2025-12-29T04:50:14.263410,midterm,1
225,Mathematics,75.84804540991624,100,75.84804540991624,2025-11-05T04:50:14.263410,midterm,2
225,Science,51.05665727569851,100,51.05665727569851,2025-11-05T04:50:14.263410,midterm,2
225,English,58.092955097330865,100,58.092955097330865,2025-11-05T04:50:14.263410,midterm,2
225,Social Studies,60.32026789971384,100,60.32026789971384,2025-11-05T04:50:14.263410,midterm,2
225,Hindi,57.62610589680904,100,57.62610589680904,2025-11-05T04:50:14.263410,midterm,2
225,Mathematics,55.541019427390616,100,55.541019427390616,2025-10-02T04:50:14.263410,final,3
225,Science,44.3625163986581,100,44.3625163986581,2025-10-02T04:50:14.263410,final,3
225,English,70.82472951744268,100,70.82472951744268,2025-10-02T04:50:14.263410,final,3
225,Social Studies,74.3874204710294,100,74.3874204710294,2025-10-02T04:50:14.263410,final,3
225,Hindi,39.48886709342369,100,39.48886709342369,2025-10-02T04:50:14.263410,final,3
226,Mathematics,74.87465859317776,100,74.87465859317776,2026-01-29T04:50:14.263410,midterm,1
226,Science,82.3168410782715,100,82.3168410782715,2026-01-29T04:50:14.263410,midterm,1
226,English,75.46956655293964,100,75.46956655293964,2026-01-29T04:50:14.263410,midterm,1
226,Social Studies,90.17460003660021,100,90.17460003660021,2026-01-29T04:50:14.263410,midterm,1
226,Hindi,77.83222247797542,100,77.83222247797542,2026-01-29T04:50:14.263410,midterm,1
226,Mathematics,100.0,100,100.0,2025-11-04T04:50:14.263410,midterm,2
226,Science,97.02043044547752,100,97.02043044547752,2025-11-04T04:50:14.263410,midterm,2
226,English,87.2406848083637,100,87.2406848083637,2025-11-04T04:50:14.263410,midterm,2
226,Social Studies,95.38480713523887,100,95.38480713523887,2025-11-04T04:50:14.263410,midterm,2
226,Hindi,96.17394874561464,100,96.17394874561464,2025-11-04T04:50:14.263410,midterm,2
226,Mathematics,79.47546962145913,100,79.47546962145913,2025-12-04T04:50:14.263410,final,3
226,Science,76.95277205662191,100,76.95277205662191,2025-12-04T04:50:14.263410,final,3
226,English,85.89637513173803,100,85.89637513173803,2025-12-04T04:50:14.263410,final,3
226,Social Studies,93.731305747021,100,93.731305747021,2025-12-04T04:50:14.263410,final,3
226,Hindi,86.50554848857573,100,86.50554848857573,2025-12-04T04:50:14.263410,final,3
227,Mathematics,49.399959668352274,100,49.399959668352274,2025-12-17T04:50:14.263410,midterm,1
227,Science,57.14168005075382,100,57.14168005075382,2025-12-17T04:50:14.263410,midterm,1
227,English,64.43019585431847,100,64.43019585431847,2025-12-17T04:50:14.263410,midterm,1
227,Social Studies,64.41326844700394,100,64.41326844700394,2025-12-17T04:50:14.263410,midterm,1
227,Hindi,84.89534625816033,100,84.89534625816033,2025-12-17T04:50:14.263410,midterm,1
227,Mathematics,51.31004506627227,100,51.31004506627227,2026-02-18T04:50:14.263410,midterm,2
227,Science,70.225816908621,100,70.225816908621,2026-02-18T04:50:14.263410,midterm,2
227,English,80.06105557354515,100,80.06105557354515,2026-02-18T04:50:14.263410,midterm,2
227,Social Studies,87.88442194449021,100,87.88442194449021,2026-02-18T04:50:14.263410,midterm,2
227,Hindi,61.125950258422634,100,61.125950258422634,2026-02-18T04:50:14.263410,midterm,2
227,Mathematics,70.08421901746425,100,70.08421901746425,2025-12-25T04:50:14.263410,final,3
227,Science,70.86752806224871,100,70.86752806224871,2025-12-25T04:50:14.263410,final,3
227,English,67.12474180579515,100,67.12474180579515,2025-12-25T04:50:14.263410,final,3
227,Social Studies,64.18147247786919,100,64.18147247786919,2025-12-25T04:50:14.263410,final,3
227,Hindi,69.52967838526271,100,69.52967838526271,2025-12-25T04:50:14.263410,final,3
228,Mathematics,56.075643090783274,100,56.075643090783274,2026-02-15T04:50:14.263410,midterm,1
228,Science,88.21879884360644,100,88.21879884360644,2026-02-15T04:50:14.263410,midterm,1
228,English,82.6598829795998,100,82.6598829795998,2026-02-15T04:50:14.263410,midterm,1
228,Social Studies,79.17335497519747,100,79.17335497519747,2026-02-15T04:50:14.263410,midterm,1
228,Hindi,100.0,100,100.0,2026-02-15T04:50:14.263410,midterm,1
228,Mathematics,74.64876375507461,100,74.64876375507461,2026-01-31T04:50:14.263410,midterm,2
228,Science,77.36734405232983,100,77.36734405232983,2026-01-31T04:50:14.263410,midterm,2
228,English,100.0,100,100.0,2026-01-31T04:50:14.263410,midterm,2
228,Social Studies,73.07749089448156,100,73.07749089448156,2026-01-31T04:50:14.263410,midterm,2
228,Hindi,75.89695111361473,100,75.89695111361473,2026-01-31T04:50:14.263410,midterm,2
228,Mathematics,79.92784970867163,100,79.92784970867163,2025-09-22T04:50:14.263410,final,3
228,Science,89.80544876427562,100,89.80544876427562,2025-09-22T04:50:14.263410,final,3
228,English,83.47612901651327,100,83.47612901651327,2025-09-22T04:50:14.263410,final,3
228,Social Studies,68.4718504714575,100,68.4718504714575,2025-09-22T04:50:14.263410,final,3
228,Hindi,76.07641831170824,100,76.07641831170824,2025-09-22T04:50:14.263410,final,3
229,Mathematics,71.72168621837602,100,71.72168621837602,2025-12-27T04:50:14.263410,midterm,1
229,Science,77.02302009826768,100,77.02302009826768,2025-12-27T04:50:14.263410,midterm,1
229,English,82.05366713679642,100,82.05366713679642,2025-12-27T04:50:14.263410,midterm,1
229,Social Studies,81.97728810937785,100,81.97728810937785,2025-12-27T04:50:14.263410,midterm,1
229,Hindi,60.035113010014115,100,60.035113010014115,2025-12-27T04:50:14.263410,midterm,1
229,Mathematics,88.4346404261067,100,88.4346404261067,2025-12-26T04:50:14.263410,midterm,2
229,Science,80.32091901046437,100,80.32091901046437,2025-12-26T04:50:14.263410,midterm,2
229,English,91.6405510264372,100,91.6405510264372,2025-12-26T04:50:14.263410,midterm,2
229,Social Studies,82.23721382340486,100,82.23721382340486,2025-12-26T04:50:14.263410,midterm,2
229,Hindi,88.80846012785575,100,88.80846012785575,2025-12-26T04:50:14.263410,midterm,2
229,Mathematics,82.46068366499941,100,82.46068366499941,2025-11-30T04:50:14.263410,final,3
229,Science,91.2574881125256,100,91.2574881125256,2025-11-30T04:50:14.263410,final,3
229,English,83.01773691067592,100,83.01773691067592,2025-11-30T04:50:14.263410,final,3
229,Social Studies,76.8160780860691,100,76.8160780860691,2025-11-30T04:50:14.263410,final,3
229,Hindi,100.0,100,100.0,2025-11-30T04:50:14.263410,final,3
230,Mathematics,61.970241735462096,100,61.970241735462096,2026-03-10T04:50:14.263410,midterm,1
230,Science,58.81731472270731,100,58.81731472270731,2026-03-10T04:50:14.263410,midterm,1
230,English,40.316826347279815,100,40.316826347279815,2026-03-10T04:50:14.263410,midterm,1
230,Social Studies,40.1967943380278,100,40.1967943380278,2026-03-10T04:50:14.263410,midterm,1
230,Hindi,56.00702533408171,100,56.00702533408171,2026-03-10T04:50:14.263410,midterm,1
230,Mathematics,54.53508249034559,100,54.53508249034559,2025-11-02T04:50:14.263410,midterm,2
230,Science,46.93864486258001,100,46.93864486258001,2025-11-02T04:50:14.263410,midterm,2
230,English,54.48969750878378,100,54.48969750878378,2025-11-02T04:50:14.263410,midterm,2
230,Social Studies,68.96613979309913,100,68.96613979309913,2025-11-02T04:50:14.263410,midterm,2
230,Hindi,60.03389525816616,100,60.03389525816616,2025-11-02T04:50:14.263410,midterm,2
230,Mathematics,41.66978541513579,100,41.66978541513579,2025-11-21T04:50:14.263410,final,3
230,Science,51.96478224123374,100,51.96478224123374,2025-11-21T04:50:14.263410,final,3
230,English,45.03020570413757,100,45.03020570413757,2025-11-21T04:50:14.263410,final,3
230,Social Studies,49.20287134857757,100,49.20287134857757,2025-11-21T04:50:14.263410,final,3
230,Hindi,48.94371385636675,100,48.94371385636675,2025-11-21T04:50:14.263410,final,3
231,Mathematics,60.785932922335306,100,60.785932922335306,2026-02-11T04:50:14.263410,midterm,1
231,Science,53.0110350286414,100,53.0110350286414,2026-02-11T04:50:14.263410,midterm,1
231,English,64.28584193319345,100,64.28584193319345,2026-02-11T04:50:14.263410,midterm,1
231,Social Studies,59.95631237990226,100,59.95631237990226,2026-02-11T04:50:14.263410,midterm,1
231,Hindi,36.26790184835268,100,36.26790184835268,2026-02-11T04:50:14.263410,midterm,1
231,Mathematics,86.09210899339199,100,86.09210899339199,2025-12-01T04:50:14.263410,midterm,2
231,Science,76.45008529054208,100,76.45008529054208,2025-12-01T04:50:14.263410,midterm,2
231,English,61.799381499125396,100,61.799381499125396,2025-12-01T04:50:14.263410,midterm,2
231,Social Studies,65.75057924578134,100,65.75057924578134,2025-12-01T04:50:14.263410,midterm,2
231,Hindi,53.845845275199736,100,53.845845275199736,2025-12-01T04:50:14.263410,midterm,2
231,Mathematics,82.51961752648401,100,82.51961752648401,2025-10-02T04:50:14.263410,final,3
231,Science,84.53527569610647,100,84.53527569610647,2025-10-02T04:50:14.263410,final,3
231,English,67.1293260308406,100,67.1293260308406,2025-10-02T04:50:14.263410,final,3
231,Social Studies,75.79769519022881,100,75.79769519022881,2025-10-02T04:50:14.263410,final,3
231,Hindi,67.31525653771459,100,67.31525653771459,2025-10-02T04:50:14.263410,final,3
232,Mathematics,62.95531390978033,100,62.95531390978033,2026-01-22T04:50:14.263410,midterm,1
232,Science,72.20433460890307,100,72.20433460890307,2026-01-22T04:50:14.263410,midterm,1
232,English,77.6418479662592,100,77.6418479662592,2026-01-22T04:50:14.263410,midterm,1
232,Social Studies,71.7770911111052,100,71.7770911111052,2026-01-22T04:50:14.263410,midterm,1
232,Hindi,74.13603552418928,100,74.13603552418928,2026-01-22T04:50:14.263410,midterm,1
232,Mathematics,75.40857272344849,100,75.40857272344849,2025-12-16T04:50:14.263410,midterm,2
232,Science,75.51378331988502,100,75.51378331988502,2025-12-16T04:50:14.263410,midterm,2
232,English,76.84515320351447,100,76.84515320351447,2025-12-16T04:50:14.263410,midterm,2
232,Social Studies,65.71651763457362,100,65.71651763457362,2025-12-16T04:50:14.263410,midterm,2
232,Hindi,69.15240680726028,100,69.15240680726028,2025-12-16T04:50:14.263410,midterm,2
232,Mathematics,63.47672564153994,100,63.47672564153994,2026-01-30T04:50:14.263410,final,3
232,Science,86.10072379540163,100,86.10072379540163,2026-01-30T04:50:14.263410,final,3
232,English,55.26609888013639,100,55.26609888013639,2026-01-30T04:50:14.263410,final,3
232,Social Studies,87.85847173170889,100,87.85847173170889,2026-01-30T04:50:14.263410,final,3
232,Hindi,90.18606227116807,100,90.18606227116807,2026-01-30T04:50:14.263410,final,3
233,Mathematics,78.66627905915453,100,78.66627905915453,2025-12-03T04:50:14.263410,midterm,1
233,Science,55.656714050707755,100,55.656714050707755,2025-12-03T04:50:14.263410,midterm,1
233,English,78.07497930930784,100,78.07497930930784,2025-12-03T04:50:14.263410,midterm,1
233,Social Studies,81.04624331609256,100,81.04624331609256,2025-12-03T04:50:14.263410,midterm,1
233,Hindi,71.58210272969161,100,71.58210272969161,2025-12-03T04:50:14.263410,midterm,1
233,Mathematics,76.53590099089831,100,76.53590099089831,2025-12-23T04:50:14.263410,midterm,2
233,Science,96.99003691761426,100,96.99003691761426,2025-12-23T04:50:14.263410,midterm,2
233,English,88.33735655199816,100,88.33735655199816,2025-12-23T04:50:14.263410,midterm,2
233,Social Studies,72.44244378519974,100,72.44244378519974,2025-12-23T04:50:14.263410,midterm,2
233,Hindi,65.71209323302642,100,65.71209323302642,2025-12-23T04:50:14.263410,midterm,2
233,Mathematics,78.41791175288303,100,78.41791175288303,2026-02-01T04:50:14.263410,final,3
233,Science,79.55351713547635,100,79.55351713547635,2026-02-01T04:50:14.263410,final,3
233,English,86.65007680261391,100,86.65007680261391,2026-02-01T04:50:14.263410,final,3
233,Social Studies,76.33491780330415,100,76.33491780330415,2026-02-01T04:50:14.263410,final,3
233,Hindi,86.80308068259936,100,86.80308068259936,2026-02-01T04:50:14.263410,final,3
234,Mathematics,100.0,100,100.0,2025-10-06T04:50:14.263410,midterm,1
234,Science,96.0566970110434,100,96.0566970110434,2025-10-06T04:50:14.263410,midterm,1
234,English,87.42080171329305,100,87.42080171329305,2025-10-06T04:50:14.263410,midterm,1
234,Social Studies,86.07018207606782,100,86.07018207606782,2025-10-06T04:50:14.263410,midterm,1
234,Hindi,84.33495544480206,100,84.33495544480206,2025-10-06T04:50:14.263410,midterm,1
234,Mathematics,99.70809591112223,100,99.70809591112223,2026-02-13T04:50:14.263410,midterm,2
234,Science,81.62855232708775,100,81.62855232708775,2026-02-13T04:50:14.263410,midterm,2
234,English,88.3539138766006,100,88.3539138766006,2026-02-13T04:50:14.263410,midterm,2
234,Social Studies,88.41366580541163,100,88.41366580541163,2026-02-13T04:50:14.263410,midterm,2
234,Hindi,82.88384485848546,100,82.88384485848546,2026-02-13T04:50:14.263410,midterm,2
234,Mathematics,74.17703130775976,100,74.17703130775976,2025-12-16T04:50:14.263410,final,3
234,Science,91.13143182277746,100,91.13143182277746,2025-12-16T04:50:14.263410,final,3
234,English,87.29164706804694,100,87.29164706804694,2025-12-16T04:50:14.263410,final,3
234,Social Studies,92.90409148096647,100,92.90409148096647,2025-12-16T04:50:14.263410,final,3
234,Hindi,82.56568372220912,100,82.56568372220912,2025-12-16T04:50:14.263410,final,3
235,Mathematics,100.0,100,100.0,2025-09-23T04:50:14.264412,midterm,1
235,Science,80.66299760352192,100,80.66299760352192,2025-09-23T04:50:14.264412,midterm,1
235,English,100.0,100,100.0,2025-09-23T04:50:14.264412,midterm,1
235,Social Studies,71.95437031735774,100,71.95437031735774,2025-09-23T04:50:14.264412,midterm,1
235,Hindi,93.77843606120926,100,93.77843606120926,2025-09-23T04:50:14.264412,midterm,1
235,Mathematics,94.1850422409066,100,94.1850422409066,2025-12-27T04:50:14.264412,midterm,2
235,Science,81.47516473623153,100,81.47516473623153,2025-12-27T04:50:14.264412,midterm,2
235,English,93.67467479425048,100,93.67467479425048,2025-12-27T04:50:14.264412,midterm,2
235,Social Studies,100.0,100,100.0,2025-12-27T04:50:14.264412,midterm,2
235,Hindi,67.26254702209971,100,67.26254702209971,2025-12-27T04:50:14.264412,midterm,2
235,Mathematics,94.4581834905485,100,94.4581834905485,2026-01-19T04:50:14.264412,final,3
235,Science,64.49802721233958,100,64.49802721233958,2026-01-19T04:50:14.264412,final,3
235,English,79.77408738040828,100,79.77408738040828,2026-01-19T04:50:14.264412,final,3
235,Social Studies,100.0,100,100.0,2026-01-19T04:50:14.264412,final,3
235,Hindi,83.61291508171982,100,83.61291508171982,2026-01-19T04:50:14.264412,final,3
236,Mathematics,30.983645841878186,100,30.983645841878186,2025-11-10T04:50:14.264412,midterm,1
236,Science,40.743068196121094,100,40.743068196121094,2025-11-10T04:50:14.264412,midterm,1
236,English,63.40150886760343,100,63.40150886760343,2025-11-10T04:50:14.264412,midterm,1
236,Social Studies,24.40562301390765,100,24.40562301390765,2025-11-10T04:50:14.264412,midterm,1
236,Hindi,32.20934636957446,100,32.20934636957446,2025-11-10T04:50:14.264412,midterm,1
236,Mathematics,57.696762317764176,100,57.696762317764176,2026-01-04T04:50:14.264412,midterm,2
236,Science,61.29946892134524,100,61.29946892134524,2026-01-04T04:50:14.264412,midterm,2
236,English,41.68813324306507,100,41.68813324306507,2026-01-04T04:50:14.264412,midterm,2
236,Social Studies,30.331918460701488,100,30.331918460701488,2026-01-04T04:50:14.264412,midterm,2
236,Hindi,63.6808805040595,100,63.6808805040595,2026-01-04T04:50:14.264412,midterm,2
236,Mathematics,58.66686940345988,100,58.66686940345988,2025-10-25T04:50:14.264412,final,3
236,Science,49.51191536359024,100,49.51191536359024,2025-10-25T04:50:14.264412,final,3
236,English,34.59842199659371,100,34.59842199659371,2025-10-25T04:50:14.264412,final,3
236,Social Studies,42.23215207758754,100,42.23215207758754,2025-10-25T04:50:14.264412,final,3
236,Hindi,41.118844675519604,100,41.118844675519604,2025-10-25T04:50:14.264412,final,3
237,Mathematics,81.54968824063528,100,81.54968824063528,2026-03-04T04:50:14.264412,midterm,1
237,Science,92.75118957579286,100,92.75118957579286,2026-03-04T04:50:14.264412,midterm,1
237,English,87.03534560585352,100,87.03534560585352,2026-03-04T04:50:14.264412,midterm,1
237,Social Studies,67.46741442463191,100,67.46741442463191,2026-03-04T04:50:14.264412,midterm,1
237,Hindi,92.00613969467487,100,92.00613969467487,2026-03-04T04:50:14.264412,midterm,1
237,Mathematics,81.37249659461105,100,81.37249659461105,2025-10-25T04:50:14.264412,midterm,2
237,Science,85.11183315306866,100,85.11183315306866,2025-10-25T04:50:14.264412,midterm,2
237,English,92.90658378726553,100,92.90658378726553,2025-10-25T04:50:14.264412,midterm,2
237,Social Studies,67.12537269934398,100,67.12537269934398,2025-10-25T04:50:14.264412,midterm,2
237,Hindi,77.88291940741486,100,77.88291940741486,2025-10-25T04:50:14.264412,midterm,2
237,Mathematics,72.92662968088734,100,72.92662968088734,2025-11-04T04:50:14.264412,final,3
237,Science,62.56258094082494,100,62.56258094082494,2025-11-04T04:50:14.264412,final,3
237,English,81.70827497052869,100,81.70827497052869,2025-11-04T04:50:14.264412,final,3
237,Social Studies,100.0,100,100.0,2025-11-04T04:50:14.264412,final,3
237,Hindi,59.84039774942197,100,59.84039774942197,2025-11-04T04:50:14.264412,final,3
238,Mathematics,58.310116512407006,100,58.310116512407006,2026-03-10T04:50:14.264412,midterm,1
238,Science,65.03835197364944,100,65.03835197364944,2026-03-10T04:50:14.264412,midterm,1
238,English,59.86370463946352,100,59.86370463946352,2026-03-10T04:50:14.264412,midterm,1
238,Social Studies,57.50164209774431,100,57.50164209774431,2026-03-10T04:50:14.264412,midterm,1
238,Hindi,45.640758988443466,100,45.640758988443466,2026-03-10T04:50:14.264412,midterm,1
238,Mathematics,60.960790052303345,100,60.960790052303345,2026-03-02T04:50:14.264412,midterm,2
238,Science,51.06528285274245,100,51.06528285274245,2026-03-02T04:50:14.264412,midterm,2
238,English,36.733705573116175,100,36.733705573116175,2026-03-02T04:50:14.264412,midterm,2
238,Social Studies,70.57884482803902,100,70.57884482803902,2026-03-02T04:50:14.264412,midterm,2
238,Hindi,68.21678082132213,100,68.21678082132213,2026-03-02T04:50:14.264412,midterm,2
238,Mathematics,59.14953239141251,100,59.14953239141251,2025-11-28T04:50:14.264412,final,3
238,Science,60.92366950495874,100,60.92366950495874,2025-11-28T04:50:14.264412,final,3
238,English,69.37610275005733,100,69.37610275005733,2025-11-28T04:50:14.264412,final,3
238,Social Studies,60.87631919068254,100,60.87631919068254,2025-11-28T04:50:14.264412,final,3
238,Hindi,67.67309817051485,100,67.67309817051485,2025-11-28T04:50:14.264412,final,3
239,Mathematics,66.86681839468454,100,66.86681839468454,2025-11-03T04:50:14.264412,midterm,1
239,Science,82.9614777891625,100,82.9614777891625,2025-11-03T04:50:14.264412,midterm,1
239,English,73.04949766274989,100,73.04949766274989,2025-11-03T04:50:14.264412,midterm,1
239,Social Studies,71.78215983948178,100,71.78215983948178,2025-11-03T04:50:14.264412,midterm,1
239,Hindi,57.14102951630272,100,57.14102951630272,2025-11-03T04:50:14.264412,midterm,1
239,Mathematics,72.71119894644013,100,72.71119894644013,2026-01-01T04:50:14.264412,midterm,2
239,Science,61.52209122847853,100,61.52209122847853,2026-01-01T04:50:14.264412,midterm,2
239,English,63.4588131381381,100,63.4588131381381,2026-01-01T04:50:14.264412,midterm,2
239,Social Studies,61.68788412026183,100,61.68788412026183,2026-01-01T04:50:14.264412,midterm,2
239,Hindi,59.179291084430794,100,59.179291084430794,2026-01-01T04:50:14.264412,midterm,2
239,Mathematics,91.08935443359266,100,91.08935443359266,2026-01-13T04:50:14.264412,final,3
239,Science,83.15503102330707,100,83.15503102330707,2026-01-13T04:50:14.264412,final,3
239,English,89.04531542486566,100,89.04531542486566,2026-01-13T04:50:14.264412,final,3
239,Social Studies,57.6126902078674,100,57.6126902078674,2026-01-13T04:50:14.264412,final,3
239,Hindi,70.55417790253196,100,70.55417790253196,2026-01-13T04:50:14.264412,final,3
240,Mathematics,36.22059536797593,100,36.22059536797593,2025-12-15T04:50:14.264412,midterm,1
240,Science,42.19872284804625,100,42.19872284804625,2025-12-15T04:50:14.264412,midterm,1
240,English,39.97440178585114,100,39.97440178585114,2025-12-15T04:50:14.264412,midterm,1
240,Social Studies,61.551511684432505,100,61.551511684432505,2025-12-15T04:50:14.264412,midterm,1
240,Hindi,45.19337483899929,100,45.19337483899929,2025-12-15T04:50:14.264412,midterm,1
240,Mathematics,59.83946495695705,100,59.83946495695705,2026-02-17T04:50:14.264412,midterm,2
240,Science,55.196880515902066,100,55.196880515902066,2026-02-17T04:50:14.264412,midterm,2
240,English,72.19205914106477,100,72.19205914106477,2026-02-17T04:50:14.264412,midterm,2
240,Social Studies,34.36122938861965,100,34.36122938861965,2026-02-17T04:50:14.264412,midterm,2
240,Hindi,61.74800401788488,100,61.74800401788488,2026-02-17T04:50:14.264412,midterm,2
240,Mathematics,60.620080324024165,100,60.620080324024165,2025-11-06T04:50:14.264412,final,3
240,Science,39.42188323974654,100,39.42188323974654,2025-11-06T04:50:14.264412,final,3
240,English,59.22700498474849,100,59.22700498474849,2025-11-06T04:50:14.264412,final,3
240,Social Studies,52.517121250279175,100,52.517121250279175,2025-11-06T04:50:14.264412,final,3
240,Hindi,46.88090902048281,100,46.88090902048281,2025-11-06T04:50:14.264412,final,3
241,Mathematics,59.03009803986344,100,59.03009803986344,2026-01-25T04:50:14.264412,midterm,1
241,Science,60.07835839509158,100,60.07835839509158,2026-01-25T04:50:14.264412,midterm,1
241,English,87.76757386744269,100,87.76757386744269,2026-01-25T04:50:14.264412,midterm,1
241,Social Studies,67.27628109915827,100,67.27628109915827,2026-01-25T04:50:14.264412,midterm,1
241,Hindi,75.09075292489803,100,75.09075292489803,2026-01-25T04:50:14.264412,midterm,1
241,Mathematics,59.3604590929079,100,59.3604590929079,2025-10-17T04:50:14.264412,midterm,2
241,Science,59.47092344736705,100,59.47092344736705,2025-10-17T04:50:14.264412,midterm,2
241,English,78.08930100208286,100,78.08930100208286,2025-10-17T04:50:14.264412,midterm,2
241,Social Studies,53.773690794068116,100,53.773690794068116,2025-10-17T04:50:14.264412,midterm,2
241,Hindi,63.11731523053072,100,63.11731523053072,2025-10-17T04:50:14.264412,midterm,2
241,Mathematics,67.60972702030575,100,67.60972702030575,2025-11-26T04:50:14.264412,final,3
241,Science,68.38317892798396,100,68.38317892798396,2025-11-26T04:50:14.264412,final,3
241,English,65.47852005942187,100,65.47852005942187,2025-11-26T04:50:14.264412,final,3
241,Social Studies,71.22765072054267,100,71.22765072054267,2025-11-26T04:50:14.264412,final,3
241,Hindi,74.19801046776155,100,74.19801046776155,2025-11-26T04:50:14.264412,final,3
242,Mathematics,72.09504182691711,100,72.09504182691711,2025-11-18T04:50:14.264412,midterm,1
242,Science,54.89062828564555,100,54.89062828564555,2025-11-18T04:50:14.264412,midterm,1
242,English,61.90711539303584,100,61.90711539303584,2025-11-18T04:50:14.264412,midterm,1
242,Social Studies,76.69629499109318,100,76.69629499109318,2025-11-18T04:50:14.264412,midterm,1
242,Hindi,73.69513824806253,100,73.69513824806253,2025-11-18T04:50:14.264412,midterm,1
242,Mathematics,51.02007185751317,100,51.02007185751317,2026-02-05T04:50:14.264412,midterm,2
242,Science,68.26346537584583,100,68.26346537584583,2026-02-05T04:50:14.264412,midterm,2
242,English,44.96641387857571,100,44.96641387857571,2026-02-05T04:50:14.264412,midterm,2
242,Social Studies,65.21801539292751,100,65.21801539292751,2026-02-05T04:50:14.264412,midterm,2
242,Hindi,83.72633653978357,100,83.72633653978357,2026-02-05T04:50:14.264412,midterm,2
242,Mathematics,55.269739199633946,100,55.269739199633946,2025-10-18T04:50:14.264412,final,3
242,Science,56.40543591740799,100,56.40543591740799,2025-10-18T04:50:14.264412,final,3
242,English,72.38896418805241,100,72.38896418805241,2025-10-18T04:50:14.264412,final,3
242,Social Studies,49.32065122022735,100,49.32065122022735,2025-10-18T04:50:14.264412,final,3
242,Hindi,58.42111607347342,100,58.42111607347342,2025-10-18T04:50:14.264412,final,3
243,Mathematics,40.08577633178651,100,40.08577633178651,2025-10-28T04:50:14.264412,midterm,1
243,Science,27.778506479074956,100,27.778506479074956,2025-10-28T04:50:14.264412,midterm,1
243,English,31.76166508385927,100,31.76166508385927,2025-10-28T04:50:14.264412,midterm,1
243,Social Studies,41.56322205911933,100,41.56322205911933,2025-10-28T04:50:14.264412,midterm,1
243,Hindi,38.3368257913346,100,38.3368257913346,2025-10-28T04:50:14.264412,midterm,1
243,Mathematics,36.789548918923,100,36.789548918923,2025-12-26T04:50:14.264412,midterm,2
243,Science,30.7301421632686,100,30.7301421632686,2025-12-26T04:50:14.264412,midterm,2
243,English,37.82197610865854,100,37.82197610865854,2025-12-26T04:50:14.264412,midterm,2
243,Social Studies,32.88403815497142,100,32.88403815497142,2025-12-26T04:50:14.264412,midterm,2
243,Hindi,38.699421055226836,100,38.699421055226836,2025-12-26T04:50:14.264412,midterm,2
243,Mathematics,29.152044704789205,100,29.152044704789205,2026-01-04T04:50:14.264412,final,3
243,Science,32.29567521217358,100,32.29567521217358,2026-01-04T04:50:14.264412,final,3
243,English,24.221787030448844,100,24.221787030448844,2026-01-04T04:50:14.264412,final,3
243,Social Studies,33.771288855906626,100,33.771288855906626,2026-01-04T04:50:14.264412,final,3
243,Hindi,26.011356319680537,100,26.011356319680537,2026-01-04T04:50:14.264412,final,3
244,Mathematics,31.441983211358618,100,31.441983211358618,2025-11-18T04:50:14.264412,midterm,1
244,Science,45.16905919153243,100,45.16905919153243,2025-11-18T04:50:14.264412,midterm,1
244,English,44.709845471555155,100,44.709845471555155,2025-11-18T04:50:14.264412,midterm,1
244,Social Studies,50.41118506246428,100,50.41118506246428,2025-11-18T04:50:14.264412,midterm,1
244,Hindi,38.27119201722756,100,38.27119201722756,2025-11-18T04:50:14.264412,midterm,1
244,Mathematics,46.66297618134611,100,46.66297618134611,2025-12-03T04:50:14.264412,midterm,2
244,Science,48.09042343571518,100,48.09042343571518,2025-12-03T04:50:14.264412,midterm,2
244,English,47.0301857912945,100,47.0301857912945,2025-12-03T04:50:14.264412,midterm,2
244,Social Studies,34.325910884957125,100,34.325910884957125,2025-12-03T04:50:14.264412,midterm,2
244,Hindi,44.07608253569044,100,44.07608253569044,2025-12-03T04:50:14.264412,midterm,2
244,Mathematics,46.22385067352516,100,46.22385067352516,2025-12-04T04:50:14.264412,final,3
244,Science,42.65423238205797,100,42.65423238205797,2025-12-04T04:50:14.264412,final,3
244,English,21.717671129267703,100,21.717671129267703,2025-12-04T04:50:14.264412,final,3
244,Social Studies,44.18734395271335,100,44.18734395271335,2025-12-04T04:50:14.264412,final,3
244,Hindi,64.70775810695096,100,64.70775810695096,2025-12-04T04:50:14.264412,final,3
245,Mathematics,75.55586184054953,100,75.55586184054953,2025-11-13T04:50:14.264412,midterm,1
245,Science,71.87548354956614,100,71.87548354956614,2025-11-13T04:50:14.264412,midterm,1
245,English,82.88974012523333,100,82.88974012523333,2025-11-13T04:50:14.264412,midterm,1
245,Social Studies,82.28003663278507,100,82.28003663278507,2025-11-13T04:50:14.264412,midterm,1
245,Hindi,91.08360618228349,100,91.08360618228349,2025-11-13T04:50:14.264412,midterm,1
245,Mathematics,66.57757296903047,100,66.57757296903047,2025-11-12T04:50:14.264412,midterm,2
245,Science,86.47005705386927,100,86.47005705386927,2025-11-12T04:50:14.264412,midterm,2
245,English,85.06047514063398,100,85.06047514063398,2025-11-12T04:50:14.264412,midterm,2
245,Social Studies,77.73478915871388,100,77.73478915871388,2025-11-12T04:50:14.264412,midterm,2
245,Hindi,82.54312770733625,100,82.54312770733625,2025-11-12T04:50:14.264412,midterm,2
245,Mathematics,89.45082934410291,100,89.45082934410291,2026-02-02T04:50:14.264412,final,3
245,Science,87.87940832840385,100,87.87940832840385,2026-02-02T04:50:14.264412,final,3
245,English,67.72606140738206,100,67.72606140738206,2026-02-02T04:50:14.264412,final,3
245,Social Studies,87.3578363956742,100,87.3578363956742,2026-02-02T04:50:14.264412,final,3
245,Hindi,78.50936847779417,100,78.50936847779417,2026-02-02T04:50:14.264412,final,3
246,Mathematics,83.74131889439576,100,83.74131889439576,2025-12-02T04:50:14.264412,midterm,1
246,Science,83.74454782425755,100,83.74454782425755,2025-12-02T04:50:14.264412,midterm,1
246,English,81.51014802625801,100,81.51014802625801,2025-12-02T04:50:14.264412,midterm,1
246,Social Studies,94.92965288531126,100,94.92965288531126,2025-12-02T04:50:14.264412,midterm,1
246,Hindi,82.1753983157485,100,82.1753983157485,2025-12-02T04:50:14.264412,midterm,1
246,Mathematics,71.81711663040892,100,71.81711663040892,2025-12-27T04:50:14.264412,midterm,2
246,Science,79.07727935454332,100,79.07727935454332,2025-12-27T04:50:14.264412,midterm,2
246,English,84.79952508234537,100,84.79952508234537,2025-12-27T04:50:14.264412,midterm,2
246,Social Studies,95.30472575721112,100,95.30472575721112,2025-12-27T04:50:14.264412,midterm,2
246,Hindi,89.04352476372894,100,89.04352476372894,2025-12-27T04:50:14.264412,midterm,2
246,Mathematics,74.50722512677017,100,74.50722512677017,2026-03-06T04:50:14.264412,final,3
246,Science,100.0,100,100.0,2026-03-06T04:50:14.264412,final,3
246,English,85.66033102402041,100,85.66033102402041,2026-03-06T04:50:14.264412,final,3
246,Social Studies,95.76648529423076,100,95.76648529423076,2026-03-06T04:50:14.264412,final,3
246,Hindi,81.49543357846832,100,81.49543357846832,2026-03-06T04:50:14.264412,final,3
247,Mathematics,76.49524562629165,100,76.49524562629165,2025-10-14T04:50:14.264412,midterm,1
247,Science,79.5563382244212,100,79.5563382244212,2025-10-14T04:50:14.264412,midterm,1
247,English,83.34360029677971,100,83.34360029677971,2025-10-14T04:50:14.264412,midterm,1
247,Social Studies,81.7353362330194,100,81.7353362330194,2025-10-14T04:50:14.264412,midterm,1
247,Hindi,79.88362317996693,100,79.88362317996693,2025-10-14T04:50:14.264412,midterm,1
247,Mathematics,68.01078586729606,100,68.01078586729606,2026-01-16T04:50:14.264412,midterm,2
247,Science,65.44419275967654,100,65.44419275967654,2026-01-16T04:50:14.264412,midterm,2
247,English,74.48772828247913,100,74.48772828247913,2026-01-16T04:50:14.264412,midterm,2
247,Social Studies,80.49293390264785,100,80.49293390264785,2026-01-16T04:50:14.264412,midterm,2
247,Hindi,68.93444617147108,100,68.93444617147108,2026-01-16T04:50:14.264412,midterm,2
247,Mathematics,81.813372836381,100,81.813372836381,2026-02-02T04:50:14.264412,final,3
247,Science,85.68782063409894,100,85.68782063409894,2026-02-02T04:50:14.264412,final,3
247,English,61.998443988502956,100,61.998443988502956,2026-02-02T04:50:14.264412,final,3
247,Social Studies,62.792446141274354,100,62.792446141274354,2026-02-02T04:50:14.264412,final,3
247,Hindi,69.75790259018379,100,69.75790259018379,2026-02-02T04:50:14.264412,final,3
248,Mathematics,43.599882905194804,100,43.599882905194804,2025-12-23T04:50:14.264412,midterm,1
248,Science,35.27808608563233,100,35.27808608563233,2025-12-23T04:50:14.264412,midterm,1
248,English,54.04578301197428,100,54.04578301197428,2025-12-23T04:50:14.264412,midterm,1
248,Social Studies,44.76442483848735,100,44.76442483848735,2025-12-23T04:50:14.264412,midterm,1
248,Hindi,40.91822670571023,100,40.91822670571023,2025-12-23T04:50:14.264412,midterm,1
248,Mathematics,26.164660984617562,100,26.164660984617562,2025-10-04T04:50:14.264412,midterm,2
248,Science,27.365598059027768,100,27.365598059027768,2025-10-04T04:50:14.264412,midterm,2
248,English,43.333848726120905,100,43.333848726120905,2025-10-04T04:50:14.264412,midterm,2
248,Social Studies,19.197799961754477,100,19.197799961754477,2025-10-04T04:50:14.264412,midterm,2
248,Hindi,50.65013031974355,100,50.65013031974355,2025-10-04T04:50:14.264412,midterm,2
248,Mathematics,38.942217779579636,100,38.942217779579636,2026-02-03T04:50:14.264412,final,3
248,Science,72.95468591925018,100,72.95468591925018,2026-02-03T04:50:14.264412,final,3
248,English,63.602918729463944,100,63.602918729463944,2026-02-03T04:50:14.264412,final,3
248,Social Studies,38.70926553082767,100,38.70926553082767,2026-02-03T04:50:14.264412,final,3
248,Hindi,39.46038619798969,100,39.46038619798969,2026-02-03T04:50:14.264412,final,3
249,Mathematics,96.99631099344816,100,96.99631099344816,2025-11-02T04:50:14.264412,midterm,1
249,Science,100.0,100,100.0,2025-11-02T04:50:14.264412,midterm,1
249,English,70.6602052790677,100,70.6602052790677,2025-11-02T04:50:14.264412,midterm,1
249,Social Studies,69.17674119988101,100,69.17674119988101,2025-11-02T04:50:14.264412,midterm,1
249,Hindi,80.82014779788406,100,80.82014779788406,2025-11-02T04:50:14.264412,midterm,1
249,Mathematics,92.86787168516652,100,92.86787168516652,2026-02-12T04:50:14.264412,midterm,2
249,Science,92.00923175850384,100,92.00923175850384,2026-02-12T04:50:14.264412,midterm,2
249,English,97.73821040326638,100,97.73821040326638,2026-02-12T04:50:14.264412,midterm,2
249,Social Studies,75.04352056977478,100,75.04352056977478,2026-02-12T04:50:14.264412,midterm,2
249,Hindi,63.8790572237391,100,63.8790572237391,2026-02-12T04:50:14.264412,midterm,2
249,Mathematics,95.62063780644932,100,95.62063780644932,2026-01-15T04:50:14.264412,final,3
249,Science,78.75853312377552,100,78.75853312377552,2026-01-15T04:50:14.264412,final,3
249,English,66.85561720954149,100,66.85561720954149,2026-01-15T04:50:14.264412,final,3
249,Social Studies,88.49113331302169,100,88.49113331302169,2026-01-15T04:50:14.264412,final,3
249,Hindi,94.97225273561465,100,94.97225273561465,2026-01-15T04:50:14.264412,final,3
250,Mathematics,38.161828113255154,100,38.161828113255154,2026-01-05T04:50:14.264412,midterm,1
250,Science,34.803915572643035,100,34.803915572643035,2026-01-05T04:50:14.264412,midterm,1
250,English,37.78877711300886,100,37.78877711300886,2026-01-05T04:50:14.264412,midterm,1
250,Social Studies,35.676571810460096,100,35.676571810460096,2026-01-05T04:50:14.264412,midterm,1
250,Hindi,25.901928315066257,100,25.901928315066257,2026-01-05T04:50:14.264412,midterm,1
250,Mathematics,32.23559266456361,100,32.23559266456361,2026-02-17T04:50:14.264412,midterm,2
250,Science,44.59519848460607,100,44.59519848460607,2026-02-17T04:50:14.264412,midterm,2
250,English,42.59918484823293,100,42.59918484823293,2026-02-17T04:50:14.264412,midterm,2
250,Social Studies,41.06299749413613,100,41.06299749413613,2026-02-17T04:50:14.264412,midterm,2
250,Hindi,29.430914615934135,100,29.430914615934135,2026-02-17T04:50:14.264412,midterm,2
250,Mathematics,37.567367813111254,100,37.567367813111254,2026-02-12T04:50:14.264412,final,3
250,Science,17.61174897003938,100,17.61174897003938,2026-02-12T04:50:14.264412,final,3
250,English,41.16716607332182,100,41.16716607332182,2026-02-12T04:50:14.264412,final,3
250,Social Studies,53.6709765126036,100,53.6709765126036,2026-02-12T04:50:14.264412,final,3
250,Hindi,24.64107811404687,100,24.64107811404687,2026-02-12T04:50:14.264412,final,3
251,Mathematics,86.38078902319555,100,86.38078902319555,2025-09-24T04:50:14.264412,midterm,1
251,Science,95.5311335434744,100,95.5311335434744,2025-09-24T04:50:14.264412,midterm,1
251,English,100.0,100,100.0,2025-09-24T04:50:14.264412,midterm,1
251,Social Studies,87.75781959337161,100,87.75781959337161,2025-09-24T04:50:14.264412,midterm,1
251,Hindi,85.31756246371414,100,85.31756246371414,2025-09-24T04:50:14.264412,midterm,1
251,Mathematics,72.55083433221228,100,72.55083433221228,2025-11-01T04:50:14.264412,midterm,2
251,Science,93.27444704945417,100,93.27444704945417,2025-11-01T04:50:14.264412,midterm,2
251,English,100.0,100,100.0,2025-11-01T04:50:14.264412,midterm,2
251,Social Studies,95.01365037601985,100,95.01365037601985,2025-11-01T04:50:14.264412,midterm,2
251,Hindi,92.01727596453597,100,92.01727596453597,2025-11-01T04:50:14.264412,midterm,2
251,Mathematics,95.46088886404296,100,95.46088886404296,2026-01-14T04:50:14.264412,final,3
251,Science,92.12914571688708,100,92.12914571688708,2026-01-14T04:50:14.264412,final,3
251,English,84.1099220337718,100,84.1099220337718,2026-01-14T04:50:14.264412,final,3
251,Social Studies,100.0,100,100.0,2026-01-14T04:50:14.264412,final,3
251,Hindi,94.49768098749064,100,94.49768098749064,2026-01-14T04:50:14.264412,final,3
252,Mathematics,39.41648364436442,100,39.41648364436442,2025-12-14T04:50:14.264412,midterm,1
252,Science,29.486690852245346,100,29.486690852245346,2025-12-14T04:50:14.264412,midterm,1
252,English,52.27543044437543,100,52.27543044437543,2025-12-14T04:50:14.264412,midterm,1
252,Social Studies,45.88737857835894,100,45.88737857835894,2025-12-14T04:50:14.264412,midterm,1
252,Hindi,33.71114275135482,100,33.71114275135482,2025-12-14T04:50:14.264412,midterm,1
252,Mathematics,49.258599661847214,100,49.258599661847214,2026-02-03T04:50:14.264412,midterm,2
252,Science,34.26464274117577,100,34.26464274117577,2026-02-03T04:50:14.264412,midterm,2
252,English,31.420316199917472,100,31.420316199917472,2026-02-03T04:50:14.264412,midterm,2
252,Social Studies,31.64331995022497,100,31.64331995022497,2026-02-03T04:50:14.264412,midterm,2
252,Hindi,21.52966559414693,100,21.52966559414693,2026-02-03T04:50:14.264412,midterm,2
252,Mathematics,43.9557749292099,100,43.9557749292099,2025-09-30T04:50:14.264412,final,3
252,Science,20.928902341644342,100,20.928902341644342,2025-09-30T04:50:14.264412,final,3
252,English,26.955912812370215,100,26.955912812370215,2025-09-30T04:50:14.264412,final,3
252,Social Studies,18.48447103424251,100,18.48447103424251,2025-09-30T04:50:14.264412,final,3
252,Hindi,38.37965419711891,100,38.37965419711891,2025-09-30T04:50:14.264412,final,3
253,Mathematics,53.768299336962166,100,53.768299336962166,2025-12-04T04:50:14.265414,midterm,1
253,Science,52.00454180781724,100,52.00454180781724,2025-12-04T04:50:14.265414,midterm,1
253,English,44.845726992975116,100,44.845726992975116,2025-12-04T04:50:14.265414,midterm,1
253,Social Studies,43.54916640531448,100,43.54916640531448,2025-12-04T04:50:14.265414,midterm,1
253,Hindi,59.91520257514662,100,59.91520257514662,2025-12-04T04:50:14.265414,midterm,1
253,Mathematics,49.76598462259601,100,49.76598462259601,2026-01-29T04:50:14.265414,midterm,2
253,Science,58.43508715504233,100,58.43508715504233,2026-01-29T04:50:14.265414,midterm,2
253,English,46.41901707843866,100,46.41901707843866,2026-01-29T04:50:14.265414,midterm,2
253,Social Studies,57.08213136739171,100,57.08213136739171,2026-01-29T04:50:14.265414,midterm,2
253,Hindi,68.30428431284152,100,68.30428431284152,2026-01-29T04:50:14.265414,midterm,2
253,Mathematics,61.13316194360872,100,61.13316194360872,2025-10-27T04:50:14.265414,final,3
253,Science,51.14736575751608,100,51.14736575751608,2025-10-27T04:50:14.265414,final,3
253,English,57.84349364324016,100,57.84349364324016,2025-10-27T04:50:14.265414,final,3
253,Social Studies,52.864852194378756,100,52.864852194378756,2025-10-27T04:50:14.265414,final,3
253,Hindi,55.35030578662816,100,55.35030578662816,2025-10-27T04:50:14.265414,final,3
254,Mathematics,46.661334676586684,100,46.661334676586684,2025-10-27T04:50:14.265414,midterm,1
254,Science,48.274093139217804,100,48.274093139217804,2025-10-27T04:50:14.265414,midterm,1
254,English,52.03837872881347,100,52.03837872881347,2025-10-27T04:50:14.265414,midterm,1
254,Social Studies,39.98385820225221,100,39.98385820225221,2025-10-27T04:50:14.265414,midterm,1
254,Hindi,39.75865692817193,100,39.75865692817193,2025-10-27T04:50:14.265414,midterm,1
254,Mathematics,36.032019659759605,100,36.032019659759605,2025-10-20T04:50:14.265414,midterm,2
254,Science,33.914734153034615,100,33.914734153034615,2025-10-20T04:50:14.265414,midterm,2
254,English,37.74461827586693,100,37.74461827586693,2025-10-20T04:50:14.265414,midterm,2
254,Social Studies,51.51207026611301,100,51.51207026611301,2025-10-20T04:50:14.265414,midterm,2
254,Hindi,40.98957004315288,100,40.98957004315288,2025-10-20T04:50:14.265414,midterm,2
254,Mathematics,55.05358984038268,100,55.05358984038268,2025-11-15T04:50:14.265414,final,3
254,Science,50.26458268559734,100,50.26458268559734,2025-11-15T04:50:14.265414,final,3
254,English,30.23240306369118,100,30.23240306369118,2025-11-15T04:50:14.265414,final,3
254,Social Studies,56.467201040288614,100,56.467201040288614,2025-11-15T04:50:14.265414,final,3
254,Hindi,58.02543165398882,100,58.02543165398882,2025-11-15T04:50:14.265414,final,3
255,Mathematics,47.919499330567525,100,47.919499330567525,2025-12-29T04:50:14.265414,midterm,1
255,Science,62.060041507865975,100,62.060041507865975,2025-12-29T04:50:14.265414,midterm,1
255,English,49.29314370482407,100,49.29314370482407,2025-12-29T04:50:14.265414,midterm,1
255,Social Studies,58.834829846399415,100,58.834829846399415,2025-12-29T04:50:14.265414,midterm,1
255,Hindi,45.2131420093664,100,45.2131420093664,2025-12-29T04:50:14.265414,midterm,1
255,Mathematics,39.92706155357029,100,39.92706155357029,2025-11-07T04:50:14.265414,midterm,2
255,Science,54.02995418278637,100,54.02995418278637,2025-11-07T04:50:14.265414,midterm,2
255,English,56.62083661616769,100,56.62083661616769,2025-11-07T04:50:14.265414,midterm,2
255,Social Studies,53.88132914277002,100,53.88132914277002,2025-11-07T04:50:14.265414,midterm,2
255,Hindi,46.01782049669046,100,46.01782049669046,2025-11-07T04:50:14.265414,midterm,2
255,Mathematics,53.85913545760469,100,53.85913545760469,2025-12-25T04:50:14.265414,final,3
255,Science,60.5510736047234,100,60.5510736047234,2025-12-25T04:50:14.265414,final,3
255,English,57.40919577769069,100,57.40919577769069,2025-12-25T04:50:14.265414,final,3
255,Social Studies,59.683136384908195,100,59.683136384908195,2025-12-25T04:50:14.265414,final,3
255,Hindi,51.15697407437373,100,51.15697407437373,2025-12-25T04:50:14.265414,final,3
256,Mathematics,81.12322414577822,100,81.12322414577822,2025-11-23T04:50:14.265414,midterm,1
256,Science,57.64431163306882,100,57.64431163306882,2025-11-23T04:50:14.265414,midterm,1
256,English,74.28164796948381,100,74.28164796948381,2025-11-23T04:50:14.265414,midterm,1
256,Social Studies,81.22495592821623,100,81.22495592821623,2025-11-23T04:50:14.265414,midterm,1
256,Hindi,74.21512592610557,100,74.21512592610557,2025-11-23T04:50:14.265414,midterm,1
256,Mathematics,67.38080272796832,100,67.38080272796832,2025-12-14T04:50:14.265414,midterm,2
256,Science,64.12307453198683,100,64.12307453198683,2025-12-14T04:50:14.265414,midterm,2
256,English,79.76692150907918,100,79.76692150907918,2025-12-14T04:50:14.265414,midterm,2
256,Social Studies,55.176295745999894,100,55.176295745999894,2025-12-14T04:50:14.265414,midterm,2
256,Hindi,59.704802394820184,100,59.704802394820184,2025-12-14T04:50:14.265414,midterm,2
256,Mathematics,65.4304673436994,100,65.4304673436994,2025-10-10T04:50:14.265414,final,3
256,Science,81.7825825737366,100,81.7825825737366,2025-10-10T04:50:14.265414,final,3
256,English,73.20372135902558,100,73.20372135902558,2025-10-10T04:50:14.265414,final,3
256,Social Studies,59.72558741351417,100,59.72558741351417,2025-10-10T04:50:14.265414,final,3
256,Hindi,66.30296794476759,100,66.30296794476759,2025-10-10T04:50:14.265414,final,3
257,Mathematics,85.5525158292811,100,85.5525158292811,2025-12-11T04:50:14.265414,midterm,1
257,Science,84.5978573479087,100,84.5978573479087,2025-12-11T04:50:14.265414,midterm,1
257,English,100.0,100,100.0,2025-12-11T04:50:14.265414,midterm,1
257,Social Studies,77.978315977609,100,77.978315977609,2025-12-11T04:50:14.265414,midterm,1
257,Hindi,100.0,100,100.0,2025-12-11T04:50:14.265414,midterm,1
257,Mathematics,99.97804417209028,100,99.97804417209028,2025-10-16T04:50:14.265414,midterm,2
257,Science,100.0,100,100.0,2025-10-16T04:50:14.265414,midterm,2
257,English,87.06635214999147,100,87.06635214999147,2025-10-16T04:50:14.265414,midterm,2
257,Social Studies,90.19634007945297,100,90.19634007945297,2025-10-16T04:50:14.265414,midterm,2
257,Hindi,77.36422912499694,100,77.36422912499694,2025-10-16T04:50:14.265414,midterm,2
257,Mathematics,86.44912319957602,100,86.44912319957602,2026-01-17T04:50:14.265414,final,3
257,Science,96.63229574667557,100,96.63229574667557,2026-01-17T04:50:14.265414,final,3
257,English,100.0,100,100.0,2026-01-17T04:50:14.265414,final,3
257,Social Studies,80.62417910221954,100,80.62417910221954,2026-01-17T04:50:14.265414,final,3
257,Hindi,88.04068790039139,100,88.04068790039139,2026-01-17T04:50:14.265414,final,3
258,Mathematics,32.4545699900615,100,32.4545699900615,2025-11-20T04:50:14.265414,midterm,1
258,Science,20.00967017046187,100,20.00967017046187,2025-11-20T04:50:14.265414,midterm,1
258,English,39.881054609970725,100,39.881054609970725,2025-11-20T04:50:14.265414,midterm,1
258,Social Studies,26.727658874960632,100,26.727658874960632,2025-11-20T04:50:14.265414,midterm,1
258,Hindi,32.01365868061648,100,32.01365868061648,2025-11-20T04:50:14.265414,midterm,1
258,Mathematics,29.448068473267945,100,29.448068473267945,2025-10-08T04:50:14.265414,midterm,2
258,Science,26.074177135189977,100,26.074177135189977,2025-10-08T04:50:14.265414,midterm,2
258,English,33.89711233758118,100,33.89711233758118,2025-10-08T04:50:14.265414,midterm,2
258,Social Studies,31.8114664067065,100,31.8114664067065,2025-10-08T04:50:14.265414,midterm,2
258,Hindi,30.24898336960007,100,30.24898336960007,2025-10-08T04:50:14.265414,midterm,2
258,Mathematics,26.682945975583294,100,26.682945975583294,2025-10-28T04:50:14.265414,final,3
258,Science,37.16280890021628,100,37.16280890021628,2025-10-28T04:50:14.265414,final,3
258,English,50.50373487730957,100,50.50373487730957,2025-10-28T04:50:14.265414,final,3
258,Social Studies,35.36643452077799,100,35.36643452077799,2025-10-28T04:50:14.265414,final,3
258,Hindi,43.92874434149801,100,43.92874434149801,2025-10-28T04:50:14.265414,final,3
259,Mathematics,70.44917755247207,100,70.44917755247207,2025-12-15T04:50:14.265414,midterm,1
259,Science,85.92901119694439,100,85.92901119694439,2025-12-15T04:50:14.265414,midterm,1
259,English,73.37771361429603,100,73.37771361429603,2025-12-15T04:50:14.265414,midterm,1
259,Social Studies,69.58214752868768,100,69.58214752868768,2025-12-15T04:50:14.265414,midterm,1
259,Hindi,76.95768272941633,100,76.95768272941633,2025-12-15T04:50:14.265414,midterm,1
259,Mathematics,96.27039014814243,100,96.27039014814243,2025-10-19T04:50:14.265414,midterm,2
259,Science,93.85155509070316,100,93.85155509070316,2025-10-19T04:50:14.265414,midterm,2
259,English,86.7814440245507,100,86.7814440245507,2025-10-19T04:50:14.265414,midterm,2
259,Social Studies,69.02439120510739,100,69.02439120510739,2025-10-19T04:50:14.265414,midterm,2
259,Hindi,82.38859029012733,100,82.38859029012733,2025-10-19T04:50:14.265414,midterm,2
259,Mathematics,87.36839689302406,100,87.36839689302406,2025-10-19T04:50:14.265414,final,3
259,Science,86.10675909979268,100,86.10675909979268,2025-10-19T04:50:14.265414,final,3
259,English,65.91346096919924,100,65.91346096919924,2025-10-19T04:50:14.265414,final,3
259,Social Studies,75.44821832380798,100,75.44821832380798,2025-10-19T04:50:14.265414,final,3
259,Hindi,83.71061916251954,100,83.71061916251954,2025-10-19T04:50:14.265414,final,3
260,Mathematics,82.43590384999575,100,82.43590384999575,2025-11-19T04:50:14.265414,midterm,1
260,Science,55.111716543824386,100,55.111716543824386,2025-11-19T04:50:14.265414,midterm,1
260,English,75.45175500002527,100,75.45175500002527,2025-11-19T04:50:14.265414,midterm,1
260,Social Studies,78.50348245361337,100,78.50348245361337,2025-11-19T04:50:14.265414,midterm,1
260,Hindi,85.56911463998598,100,85.56911463998598,2025-11-19T04:50:14.265414,midterm,1
260,Mathematics,84.00157059719822,100,84.00157059719822,2026-02-09T04:50:14.265414,midterm,2
260,Science,82.8987079429119,100,82.8987079429119,2026-02-09T04:50:14.265414,midterm,2
260,English,69.07358968780451,100,69.07358968780451,2026-02-09T04:50:14.265414,midterm,2
260,Social Studies,57.99297338359078,100,57.99297338359078,2026-02-09T04:50:14.265414,midterm,2
260,Hindi,73.14246718420985,100,73.14246718420985,2026-02-09T04:50:14.265414,midterm,2
260,Mathematics,87.08931300690945,100,87.08931300690945,2026-01-16T04:50:14.265414,final,3
260,Science,91.00754003006817,100,91.00754003006817,2026-01-16T04:50:14.265414,final,3
260,English,84.17848577780171,100,84.17848577780171,2026-01-16T04:50:14.265414,final,3
260,Social Studies,81.3664029828412,100,81.3664029828412,2026-01-16T04:50:14.265414,final,3
260,Hindi,80.8693912386835,100,80.8693912386835,2026-01-16T04:50:14.265414,final,3
261,Mathematics,58.34749810841255,100,58.34749810841255,2026-02-12T04:50:14.265414,midterm,1
261,Science,62.60808264048416,100,62.60808264048416,2026-02-12T04:50:14.265414,midterm,1
261,English,80.59938083428366,100,80.59938083428366,2026-02-12T04:50:14.265414,midterm,1
261,Social Studies,54.483105518101596,100,54.483105518101596,2026-02-12T04:50:14.265414,midterm,1
261,Hindi,80.05647348311888,100,80.05647348311888,2026-02-12T04:50:14.265414,midterm,1
261,Mathematics,60.68840403109978,100,60.68840403109978,2026-02-14T04:50:14.265414,midterm,2
261,Science,77.16300666697114,100,77.16300666697114,2026-02-14T04:50:14.265414,midterm,2
261,English,49.84053548104498,100,49.84053548104498,2026-02-14T04:50:14.265414,midterm,2
261,Social Studies,69.76772758766685,100,69.76772758766685,2026-02-14T04:50:14.265414,midterm,2
261,Hindi,56.54098421654414,100,56.54098421654414,2026-02-14T04:50:14.265414,midterm,2
261,Mathematics,49.756013656778485,100,49.756013656778485,2025-10-27T04:50:14.265414,final,3
261,Science,66.09402600012982,100,66.09402600012982,2025-10-27T04:50:14.265414,final,3
261,English,74.00340346198004,100,74.00340346198004,2025-10-27T04:50:14.265414,final,3
261,Social Studies,55.459271190085396,100,55.459271190085396,2025-10-27T04:50:14.265414,final,3
261,Hindi,48.91852597143635,100,48.91852597143635,2025-10-27T04:50:14.265414,final,3
262,Mathematics,48.0773656601736,100,48.0773656601736,2025-10-09T04:50:14.265414,midterm,1
262,Science,48.12146001575134,100,48.12146001575134,2025-10-09T04:50:14.265414,midterm,1
262,English,54.47900957906813,100,54.47900957906813,2025-10-09T04:50:14.265414,midterm,1
262,Social Studies,58.491759017168036,100,58.491759017168036,2025-10-09T04:50:14.265414,midterm,1
262,Hindi,48.40166149079821,100,48.40166149079821,2025-10-09T04:50:14.265414,midterm,1
262,Mathematics,67.55084645146579,100,67.55084645146579,2025-10-01T04:50:14.265414,midterm,2
262,Science,51.23816074887607,100,51.23816074887607,2025-10-01T04:50:14.265414,midterm,2
262,English,45.531548243454154,100,45.531548243454154,2025-10-01T04:50:14.265414,midterm,2
262,Social Studies,32.880139712494866,100,32.880139712494866,2025-10-01T04:50:14.265414,midterm,2
262,Hindi,46.36921810036147,100,46.36921810036147,2025-10-01T04:50:14.265414,midterm,2
262,Mathematics,45.63194384941179,100,45.63194384941179,2026-01-27T04:50:14.265414,final,3
262,Science,58.59886126633785,100,58.59886126633785,2026-01-27T04:50:14.265414,final,3
262,English,53.62064954419169,100,53.62064954419169,2026-01-27T04:50:14.265414,final,3
262,Social Studies,37.202122087196976,100,37.202122087196976,2026-01-27T04:50:14.265414,final,3
262,Hindi,50.71835716763353,100,50.71835716763353,2026-01-27T04:50:14.265414,final,3
263,Mathematics,49.5361366960455,100,49.5361366960455,2025-11-22T04:50:14.265414,midterm,1
263,Science,58.101138572633296,100,58.101138572633296,2025-11-22T04:50:14.265414,midterm,1
263,English,51.695864652895565,100,51.695864652895565,2025-11-22T04:50:14.265414,midterm,1
263,Social Studies,50.42929152186975,100,50.42929152186975,2025-11-22T04:50:14.265414,midterm,1
263,Hindi,43.42168492490661,100,43.42168492490661,2025-11-22T04:50:14.265414,midterm,1
263,Mathematics,46.703945032989466,100,46.703945032989466,2025-12-18T04:50:14.265414,midterm,2
263,Science,55.31587398581656,100,55.31587398581656,2025-12-18T04:50:14.265414,midterm,2
263,English,29.493051003958474,100,29.493051003958474,2025-12-18T04:50:14.265414,midterm,2
263,Social Studies,39.32643170658541,100,39.32643170658541,2025-12-18T04:50:14.265414,midterm,2
263,Hindi,35.09513749119256,100,35.09513749119256,2025-12-18T04:50:14.265414,midterm,2
263,Mathematics,46.61235616601621,100,46.61235616601621,2025-12-20T04:50:14.265414,final,3
263,Science,55.12304673526285,100,55.12304673526285,2025-12-20T04:50:14.265414,final,3
263,English,36.85108211154423,100,36.85108211154423,2025-12-20T04:50:14.265414,final,3
263,Social Studies,18.91778130406059,100,18.91778130406059,2025-12-20T04:50:14.265414,final,3
263,Hindi,38.69861752851027,100,38.69861752851027,2025-12-20T04:50:14.265414,final,3
264,Mathematics,98.79123849168155,100,98.79123849168155,2026-03-02T04:50:14.265414,midterm,1
264,Science,95.03280020100628,100,95.03280020100628,2026-03-02T04:50:14.265414,midterm,1
264,English,93.93836364961325,100,93.93836364961325,2026-03-02T04:50:14.265414,midterm,1
264,Social Studies,86.85656815276269,100,86.85656815276269,2026-03-02T04:50:14.265414,midterm,1
264,Hindi,76.86619380930962,100,76.86619380930962,2026-03-02T04:50:14.265414,midterm,1
264,Mathematics,94.80944438775217,100,94.80944438775217,2025-11-01T04:50:14.265414,midterm,2
264,Science,81.31368307116124,100,81.31368307116124,2025-11-01T04:50:14.265414,midterm,2
264,English,100.0,100,100.0,2025-11-01T04:50:14.265414,midterm,2
264,Social Studies,95.36157325505265,100,95.36157325505265,2025-11-01T04:50:14.265414,midterm,2
264,Hindi,83.85001814596798,100,83.85001814596798,2025-11-01T04:50:14.265414,midterm,2
264,Mathematics,83.5426486976212,100,83.5426486976212,2026-02-11T04:50:14.265414,final,3
264,Science,88.72705910537161,100,88.72705910537161,2026-02-11T04:50:14.265414,final,3
264,English,87.26148195129,100,87.26148195129,2026-02-11T04:50:14.265414,final,3
264,Social Studies,100.0,100,100.0,2026-02-11T04:50:14.265414,final,3
264,Hindi,91.52066286894795,100,91.52066286894795,2026-02-11T04:50:14.265414,final,3
265,Mathematics,85.67490497983609,100,85.67490497983609,2025-12-07T04:50:14.265414,midterm,1
265,Science,100.0,100,100.0,2025-12-07T04:50:14.265414,midterm,1
265,English,93.4843056841236,100,93.4843056841236,2025-12-07T04:50:14.265414,midterm,1
265,Social Studies,100.0,100,100.0,2025-12-07T04:50:14.265414,midterm,1
265,Hindi,86.90895729447378,100,86.90895729447378,2025-12-07T04:50:14.265414,midterm,1
265,Mathematics,96.6223786463666,100,96.6223786463666,2026-01-07T04:50:14.265414,midterm,2
265,Science,96.10232228035332,100,96.10232228035332,2026-01-07T04:50:14.265414,midterm,2
265,English,74.09472944795985,100,74.09472944795985,2026-01-07T04:50:14.265414,midterm,2
265,Social Studies,100.0,100,100.0,2026-01-07T04:50:14.265414,midterm,2
265,Hindi,100.0,100,100.0,2026-01-07T04:50:14.265414,midterm,2
265,Mathematics,89.01926920746149,100,89.01926920746149,2026-01-06T04:50:14.265414,final,3
265,Science,81.96852496436281,100,81.96852496436281,2026-01-06T04:50:14.265414,final,3
265,English,96.46683850695689,100,96.46683850695689,2026-01-06T04:50:14.265414,final,3
265,Social Studies,93.85819936306534,100,93.85819936306534,2026-01-06T04:50:14.265414,final,3
265,Hindi,96.54791185455366,100,96.54791185455366,2026-01-06T04:50:14.265414,final,3
266,Mathematics,96.51284855738956,100,96.51284855738956,2026-01-17T04:50:14.265414,midterm,1
266,Science,99.65948448850793,100,99.65948448850793,2026-01-17T04:50:14.265414,midterm,1
266,English,100.0,100,100.0,2026-01-17T04:50:14.265414,midterm,1
266,Social Studies,100.0,100,100.0,2026-01-17T04:50:14.265414,midterm,1
266,Hindi,84.10051960634925,100,84.10051960634925,2026-01-17T04:50:14.265414,midterm,1
266,Mathematics,100.0,100,100.0,2026-03-03T04:50:14.265414,midterm,2
266,Science,100.0,100,100.0,2026-03-03T04:50:14.265414,midterm,2
266,English,100.0,100,100.0,2026-03-03T04:50:14.265414,midterm,2
266,Social Studies,83.36213426305268,100,83.36213426305268,2026-03-03T04:50:14.265414,midterm,2
266,Hindi,97.0258947269514,100,97.0258947269514,2026-03-03T04:50:14.265414,midterm,2
266,Mathematics,73.77608756355879,100,73.77608756355879,2026-02-13T04:50:14.265414,final,3
266,Science,100.0,100,100.0,2026-02-13T04:50:14.265414,final,3
266,English,89.11507161378094,100,89.11507161378094,2026-02-13T04:50:14.265414,final,3
266,Social Studies,100.0,100,100.0,2026-02-13T04:50:14.265414,final,3
266,Hindi,86.85092489526284,100,86.85092489526284,2026-02-13T04:50:14.265414,final,3
267,Mathematics,38.71699551831762,100,38.71699551831762,2026-01-27T04:50:14.265414,midterm,1
267,Science,50.89618849096503,100,50.89618849096503,2026-01-27T04:50:14.265414,midterm,1
267,English,35.85394818581885,100,35.85394818581885,2026-01-27T04:50:14.265414,midterm,1
267,Social Studies,63.11982044306333,100,63.11982044306333,2026-01-27T04:50:14.265414,midterm,1
267,Hindi,34.95799543542702,100,34.95799543542702,2026-01-27T04:50:14.265414,midterm,1
267,Mathematics,55.893401709821816,100,55.893401709821816,2025-12-17T04:50:14.265414,midterm,2
267,Science,34.83070769942826,100,34.83070769942826,2025-12-17T04:50:14.265414,midterm,2
267,English,52.40584785262381,100,52.40584785262381,2025-12-17T04:50:14.265414,midterm,2
267,Social Studies,72.04260745603557,100,72.04260745603557,2025-12-17T04:50:14.265414,midterm,2
267,Hindi,59.21530481234818,100,59.21530481234818,2025-12-17T04:50:14.265414,midterm,2
267,Mathematics,46.97388984834089,100,46.97388984834089,2026-02-28T04:50:14.265414,final,3
267,Science,55.29679100859939,100,55.29679100859939,2026-02-28T04:50:14.265414,final,3
267,English,55.78899461843469,100,55.78899461843469,2026-02-28T04:50:14.265414,final,3
267,Social Studies,60.33512935642429,100,60.33512935642429,2026-02-28T04:50:14.265414,final,3
267,Hindi,41.940242265181965,100,41.940242265181965,2026-02-28T04:50:14.265414,final,3
268,Mathematics,95.38729784777229,100,95.38729784777229,2026-01-13T04:50:14.265414,midterm,1
268,Science,62.41770879327123,100,62.41770879327123,2026-01-13T04:50:14.265414,midterm,1
268,English,83.16277958566087,100,83.16277958566087,2026-01-13T04:50:14.265414,midterm,1
268,Social Studies,84.57888668478353,100,84.57888668478353,2026-01-13T04:50:14.265414,midterm,1
268,Hindi,95.79489337001137,100,95.79489337001137,2026-01-13T04:50:14.265414,midterm,1
268,Mathematics,89.68793363606767,100,89.68793363606767,2025-09-30T04:50:14.265414,midterm,2
268,Science,75.40599457073611,100,75.40599457073611,2025-09-30T04:50:14.265414,midterm,2
268,English,79.61169385112882,100,79.61169385112882,2025-09-30T04:50:14.265414,midterm,2
268,Social Studies,91.44842520477305,100,91.44842520477305,2025-09-30T04:50:14.265414,midterm,2
268,Hindi,88.67095169065341,100,88.67095169065341,2025-09-30T04:50:14.265414,midterm,2
268,Mathematics,83.67038401294151,100,83.67038401294151,2025-10-16T04:50:14.265414,final,3
268,Science,84.65328721417919,100,84.65328721417919,2025-10-16T04:50:14.265414,final,3
268,English,96.42330508089186,100,96.42330508089186,2025-10-16T04:50:14.265414,final,3
268,Social Studies,84.28469938060684,100,84.28469938060684,2025-10-16T04:50:14.265414,final,3
268,Hindi,88.58071266900825,100,88.58071266900825,2025-10-16T04:50:14.265414,final,3
269,Mathematics,64.48372827696289,100,64.48372827696289,2025-10-29T04:50:14.265414,midterm,1
269,Science,28.547536027318237,100,28.547536027318237,2025-10-29T04:50:14.265414,midterm,1
269,English,24.265935080410884,100,24.265935080410884,2025-10-29T04:50:14.265414,midterm,1
269,Social Studies,50.62025904414354,100,50.62025904414354,2025-10-29T04:50:14.265414,midterm,1
269,Hindi,35.99793178321644,100,35.99793178321644,2025-10-29T04:50:14.265414,midterm,1
269,Mathematics,39.601987118731266,100,39.601987118731266,2026-01-22T04:50:14.265414,midterm,2
269,Science,34.972798614846326,100,34.972798614846326,2026-01-22T04:50:14.265414,midterm,2
269,English,40.18636098848234,100,40.18636098848234,2026-01-22T04:50:14.265414,midterm,2
269,Social Studies,58.76974351712089,100,58.76974351712089,2026-01-22T04:50:14.265414,midterm,2
269,Hindi,50.805646982338665,100,50.805646982338665,2026-01-22T04:50:14.265414,midterm,2
269,Mathematics,51.406597515027244,100,51.406597515027244,2025-11-20T04:50:14.265414,final,3
269,Science,28.622091838231015,100,28.622091838231015,2025-11-20T04:50:14.265414,final,3
269,English,31.272825030628777,100,31.272825030628777,2025-11-20T04:50:14.265414,final,3
269,Social Studies,14.3935758013032,100,14.3935758013032,2025-11-20T04:50:14.265414,final,3
269,Hindi,34.69055418532993,100,34.69055418532993,2025-11-20T04:50:14.265414,final,3
270,Mathematics,60.530429067535174,100,60.530429067535174,2026-02-15T04:50:14.265414,midterm,1
270,Science,56.132862361162296,100,56.132862361162296,2026-02-15T04:50:14.265414,midterm,1
270,English,48.74826457415735,100,48.74826457415735,2026-02-15T04:50:14.265414,midterm,1
270,Social Studies,50.74039436649806,100,50.74039436649806,2026-02-15T04:50:14.265414,midterm,1
270,Hindi,44.07454177792454,100,44.07454177792454,2026-02-15T04:50:14.265414,midterm,1
270,Mathematics,53.01098602769643,100,53.01098602769643,2025-12-13T04:50:14.265414,midterm,2
270,Science,58.62217999848474,100,58.62217999848474,2025-12-13T04:50:14.265414,midterm,2
270,English,34.80452932957386,100,34.80452932957386,2025-12-13T04:50:14.265414,midterm,2
270,Social Studies,53.95987408205207,100,53.95987408205207,2025-12-13T04:50:14.265414,midterm,2
270,Hindi,60.287745913225265,100,60.287745913225265,2025-12-13T04:50:14.265414,midterm,2
270,Mathematics,46.812394314044894,100,46.812394314044894,2025-11-23T04:50:14.265414,final,3
270,Science,57.97040332488443,100,57.97040332488443,2025-11-23T04:50:14.265414,final,3
270,English,79.10994164840412,100,79.10994164840412,2025-11-23T04:50:14.265414,final,3
270,Social Studies,49.91996927380967,100,49.91996927380967,2025-11-23T04:50:14.265414,final,3
270,Hindi,54.89646770373182,100,54.89646770373182,2025-11-23T04:50:14.265414,final,3
271,Mathematics,32.11868870605282,100,32.11868870605282,2025-10-27T04:50:14.265414,midterm,1
271,Science,41.31177116868724,100,41.31177116868724,2025-10-27T04:50:14.265414,midterm,1
271,English,44.101975792489775,100,44.101975792489775,2025-10-27T04:50:14.265414,midterm,1
271,Social Studies,41.447682945368115,100,41.447682945368115,2025-10-27T04:50:14.265414,midterm,1
271,Hindi,29.302306345578167,100,29.302306345578167,2025-10-27T04:50:14.265414,midterm,1
271,Mathematics,41.562877255921244,100,41.562877255921244,2025-11-04T04:50:14.265414,midterm,2
271,Science,54.1212189298431,100,54.1212189298431,2025-11-04T04:50:14.265414,midterm,2
271,English,43.98561718781201,100,43.98561718781201,2025-11-04T04:50:14.265414,midterm,2
271,Social Studies,49.11913143338515,100,49.11913143338515,2025-11-04T04:50:14.265414,midterm,2
271,Hindi,37.12913984254046,100,37.12913984254046,2025-11-04T04:50:14.265414,midterm,2
271,Mathematics,46.99826193690384,100,46.99826193690384,2026-02-27T04:50:14.265414,final,3
271,Science,42.29193792483199,100,42.29193792483199,2026-02-27T04:50:14.265414,final,3
271,English,29.990152245794413,100,29.990152245794413,2026-02-27T04:50:14.265414,final,3
271,Social Studies,42.68446959065548,100,42.68446959065548,2026-02-27T04:50:14.265414,final,3
271,Hindi,29.582292908263632,100,29.582292908263632,2026-02-27T04:50:14.265414,final,3
272,Mathematics,68.42286657809574,100,68.42286657809574,2026-03-10T04:50:14.265414,midterm,1
272,Science,76.64495239986739,100,76.64495239986739,2026-03-10T04:50:14.265414,midterm,1
272,English,77.7241120607449,100,77.7241120607449,2026-03-10T04:50:14.265414,midterm,1
272,Social Studies,62.85934467617236,100,62.85934467617236,2026-03-10T04:50:14.265414,midterm,1
272,Hindi,85.29152703877241,100,85.29152703877241,2026-03-10T04:50:14.265414,midterm,1
272,Mathematics,80.47173210994839,100,80.47173210994839,2026-01-16T04:50:14.265414,midterm,2
272,Science,67.70438497083482,100,67.70438497083482,2026-01-16T04:50:14.265414,midterm,2
272,English,59.3758213624519,100,59.3758213624519,2026-01-16T04:50:14.265414,midterm,2
272,Social Studies,73.30262353612935,100,73.30262353612935,2026-01-16T04:50:14.265414,midterm,2
272,Hindi,70.29223218833205,100,70.29223218833205,2026-01-16T04:50:14.265414,midterm,2
272,Mathematics,75.88307389747388,100,75.88307389747388,2026-01-18T04:50:14.265414,final,3
272,Science,71.12050271538799,100,71.12050271538799,2026-01-18T04:50:14.265414,final,3
272,English,54.67710071949356,100,54.67710071949356,2026-01-18T04:50:14.265414,final,3
272,Social Studies,70.86819994393207,100,70.86819994393207,2026-01-18T04:50:14.265414,final,3
272,Hindi,71.69547821626053,100,71.69547821626053,2026-01-18T04:50:14.265414,final,3
273,Mathematics,64.55983838149567,100,64.55983838149567,2026-01-30T04:50:14.265414,midterm,1
273,Science,51.24123138764458,100,51.24123138764458,2026-01-30T04:50:14.265414,midterm,1
273,English,75.00997486748074,100,75.00997486748074,2026-01-30T04:50:14.265414,midterm,1
273,Social Studies,39.106822627237506,100,39.106822627237506,2026-01-30T04:50:14.265414,midterm,1
273,Hindi,71.33490311178133,100,71.33490311178133,2026-01-30T04:50:14.265414,midterm,1
273,Mathematics,55.98003842497403,100,55.98003842497403,2026-01-29T04:50:14.266411,midterm,2
273,Science,66.81907685719064,100,66.81907685719064,2026-01-29T04:50:14.266411,midterm,2
273,English,59.02124297434241,100,59.02124297434241,2026-01-29T04:50:14.266411,midterm,2
273,Social Studies,69.61878349400978,100,69.61878349400978,2026-01-29T04:50:14.266411,midterm,2
273,Hindi,54.34960848822696,100,54.34960848822696,2026-01-29T04:50:14.266411,midterm,2
273,Mathematics,47.23702388197695,100,47.23702388197695,2026-01-02T04:50:14.266411,final,3
273,Science,72.4282710064657,100,72.4282710064657,2026-01-02T04:50:14.266411,final,3
273,English,57.08842167493367,100,57.08842167493367,2026-01-02T04:50:14.266411,final,3
273,Social Studies,60.438812869997186,100,60.438812869997186,2026-01-02T04:50:14.266411,final,3
273,Hindi,70.57074727420303,100,70.57074727420303,2026-01-02T04:50:14.266411,final,3
274,Mathematics,64.43020174273931,100,64.43020174273931,2025-10-16T04:50:14.266411,midterm,1
274,Science,80.70466314007624,100,80.70466314007624,2025-10-16T04:50:14.266411,midterm,1
274,English,68.85080659905475,100,68.85080659905475,2025-10-16T04:50:14.266411,midterm,1
274,Social Studies,73.42806060723994,100,73.42806060723994,2025-10-16T04:50:14.266411,midterm,1
274,Hindi,75.47254381752656,100,75.47254381752656,2025-10-16T04:50:14.266411,midterm,1
274,Mathematics,59.747535549214305,100,59.747535549214305,2025-12-22T04:50:14.266411,midterm,2
274,Science,66.96138373547932,100,66.96138373547932,2025-12-22T04:50:14.266411,midterm,2
274,English,88.26048308781506,100,88.26048308781506,2025-12-22T04:50:14.266411,midterm,2
274,Social Studies,83.61166604953162,100,83.61166604953162,2025-12-22T04:50:14.266411,midterm,2
274,Hindi,74.12335839041131,100,74.12335839041131,2025-12-22T04:50:14.266411,midterm,2
274,Mathematics,77.1809887488126,100,77.1809887488126,2025-11-17T04:50:14.266411,final,3
274,Science,71.80732910731909,100,71.80732910731909,2025-11-17T04:50:14.266411,final,3
274,English,88.31558802196348,100,88.31558802196348,2025-11-17T04:50:14.266411,final,3
274,Social Studies,72.74622838574203,100,72.74622838574203,2025-11-17T04:50:14.266411,final,3
274,Hindi,77.06817508503214,100,77.06817508503214,2025-11-17T04:50:14.266411,final,3
275,Mathematics,86.36645839717414,100,86.36645839717414,2025-10-24T04:50:14.266411,midterm,1
275,Science,67.13244210729442,100,67.13244210729442,2025-10-24T04:50:14.266411,midterm,1
275,English,90.49404880072242,100,90.49404880072242,2025-10-24T04:50:14.266411,midterm,1
275,Social Studies,59.60154285831972,100,59.60154285831972,2025-10-24T04:50:14.266411,midterm,1
275,Hindi,91.20257826688147,100,91.20257826688147,2025-10-24T04:50:14.266411,midterm,1
275,Mathematics,71.17940111623375,100,71.17940111623375,2025-09-22T04:50:14.266411,midterm,2
275,Science,72.47916947750068,100,72.47916947750068,2025-09-22T04:50:14.266411,midterm,2
275,English,56.00605524392406,100,56.00605524392406,2025-09-22T04:50:14.266411,midterm,2
275,Social Studies,70.35820978197656,100,70.35820978197656,2025-09-22T04:50:14.266411,midterm,2
275,Hindi,64.50809164548464,100,64.50809164548464,2025-09-22T04:50:14.266411,midterm,2
275,Mathematics,68.82969350201876,100,68.82969350201876,2025-12-04T04:50:14.266411,final,3
275,Science,73.5330472978647,100,73.5330472978647,2025-12-04T04:50:14.266411,final,3
275,English,84.48407310048255,100,84.48407310048255,2025-12-04T04:50:14.266411,final,3
275,Social Studies,76.98219046975974,100,76.98219046975974,2025-12-04T04:50:14.266411,final,3
275,Hindi,77.98292348976463,100,77.98292348976463,2025-12-04T04:50:14.266411,final,3
276,Mathematics,42.80815300032353,100,42.80815300032353,2026-03-11T04:50:14.266411,midterm,1
276,Science,44.95580599275185,100,44.95580599275185,2026-03-11T04:50:14.266411,midterm,1
276,English,71.75059707229227,100,71.75059707229227,2026-03-11T04:50:14.266411,midterm,1
276,Social Studies,46.41133654114669,100,46.41133654114669,2026-03-11T04:50:14.266411,midterm,1
276,Hindi,70.32542940935211,100,70.32542940935211,2026-03-11T04:50:14.266411,midterm,1
276,Mathematics,51.33273489997049,100,51.33273489997049,2026-02-11T04:50:14.266411,midterm,2
276,Science,53.78622625021419,100,53.78622625021419,2026-02-11T04:50:14.266411,midterm,2
276,English,64.46699849107846,100,64.46699849107846,2026-02-11T04:50:14.266411,midterm,2
276,Social Studies,66.48227110816572,100,66.48227110816572,2026-02-11T04:50:14.266411,midterm,2
276,Hindi,52.655221285988276,100,52.655221285988276,2026-02-11T04:50:14.266411,midterm,2
276,Mathematics,49.88091635356376,100,49.88091635356376,2025-09-26T04:50:14.266411,final,3
276,Science,53.20414240355702,100,53.20414240355702,2025-09-26T04:50:14.266411,final,3
276,English,57.14292217110034,100,57.14292217110034,2025-09-26T04:50:14.266411,final,3
276,Social Studies,62.67638375747671,100,62.67638375747671,2025-09-26T04:50:14.266411,final,3
276,Hindi,53.80564547872067,100,53.80564547872067,2025-09-26T04:50:14.266411,final,3
277,Mathematics,69.84105109011554,100,69.84105109011554,2025-12-14T04:50:14.266411,midterm,1
277,Science,80.03578543259341,100,80.03578543259341,2025-12-14T04:50:14.266411,midterm,1
277,English,67.46528423253186,100,67.46528423253186,2025-12-14T04:50:14.266411,midterm,1
277,Social Studies,66.76871666993179,100,66.76871666993179,2025-12-14T04:50:14.266411,midterm,1
277,Hindi,48.463079858983335,100,48.463079858983335,2025-12-14T04:50:14.266411,midterm,1
277,Mathematics,37.34488674159337,100,37.34488674159337,2026-03-01T04:50:14.266411,midterm,2
277,Science,67.53594540218569,100,67.53594540218569,2026-03-01T04:50:14.266411,midterm,2
277,English,62.703945797075285,100,62.703945797075285,2026-03-01T04:50:14.266411,midterm,2
277,Social Studies,58.50436136073659,100,58.50436136073659,2026-03-01T04:50:14.266411,midterm,2
277,Hindi,66.08749015174746,100,66.08749015174746,2026-03-01T04:50:14.266411,midterm,2
277,Mathematics,63.04815081791492,100,63.04815081791492,2025-12-07T04:50:14.266411,final,3
277,Science,74.929990616223,100,74.929990616223,2025-12-07T04:50:14.266411,final,3
277,English,64.51329679247378,100,64.51329679247378,2025-12-07T04:50:14.266411,final,3
277,Social Studies,56.182955259182336,100,56.182955259182336,2025-12-07T04:50:14.266411,final,3
277,Hindi,73.5538504994769,100,73.5538504994769,2025-12-07T04:50:14.266411,final,3
278,Mathematics,43.93903682768046,100,43.93903682768046,2026-01-02T04:50:14.266411,midterm,1
278,Science,51.37571441386555,100,51.37571441386555,2026-01-02T04:50:14.266411,midterm,1
278,English,41.33624051521448,100,41.33624051521448,2026-01-02T04:50:14.266411,midterm,1
278,Social Studies,39.61207872216812,100,39.61207872216812,2026-01-02T04:50:14.266411,midterm,1
278,Hindi,46.95202987899945,100,46.95202987899945,2026-01-02T04:50:14.266411,midterm,1
278,Mathematics,46.23863401257933,100,46.23863401257933,2025-12-08T04:50:14.266411,midterm,2
278,Science,50.90861793081081,100,50.90861793081081,2025-12-08T04:50:14.266411,midterm,2
278,English,43.42389004404506,100,43.42389004404506,2025-12-08T04:50:14.266411,midterm,2
278,Social Studies,27.74674973943851,100,27.74674973943851,2025-12-08T04:50:14.266411,midterm,2
278,Hindi,41.7826087412586,100,41.7826087412586,2025-12-08T04:50:14.266411,midterm,2
278,Mathematics,54.04853224858064,100,54.04853224858064,2026-01-27T04:50:14.266411,final,3
278,Science,43.13658678471142,100,43.13658678471142,2026-01-27T04:50:14.266411,final,3
278,English,43.646513551997,100,43.646513551997,2026-01-27T04:50:14.266411,final,3
278,Social Studies,55.97411263620185,100,55.97411263620185,2026-01-27T04:50:14.266411,final,3
278,Hindi,38.99061530455326,100,38.99061530455326,2026-01-27T04:50:14.266411,final,3
279,Mathematics,38.10125001983978,100,38.10125001983978,2026-01-18T04:50:14.266411,midterm,1
279,Science,51.92297100701383,100,51.92297100701383,2026-01-18T04:50:14.266411,midterm,1
279,English,48.6875426897814,100,48.6875426897814,2026-01-18T04:50:14.266411,midterm,1
279,Social Studies,43.866819004736236,100,43.866819004736236,2026-01-18T04:50:14.266411,midterm,1
279,Hindi,51.77549764328187,100,51.77549764328187,2026-01-18T04:50:14.266411,midterm,1
279,Mathematics,58.44433867473661,100,58.44433867473661,2025-11-29T04:50:14.266411,midterm,2
279,Science,53.43639658659062,100,53.43639658659062,2025-11-29T04:50:14.266411,midterm,2
279,English,56.59909292913115,100,56.59909292913115,2025-11-29T04:50:14.266411,midterm,2
279,Social Studies,71.663359187423,100,71.663359187423,2025-11-29T04:50:14.266411,midterm,2
279,Hindi,50.10049358669313,100,50.10049358669313,2025-11-29T04:50:14.266411,midterm,2
279,Mathematics,56.31276854871547,100,56.31276854871547,2026-01-25T04:50:14.266411,final,3
279,Science,48.43714857627743,100,48.43714857627743,2026-01-25T04:50:14.266411,final,3
279,English,45.06568500339905,100,45.06568500339905,2026-01-25T04:50:14.266411,final,3
279,Social Studies,47.68020566809108,100,47.68020566809108,2026-01-25T04:50:14.266411,final,3
279,Hindi,48.74169648705189,100,48.74169648705189,2026-01-25T04:50:14.266411,final,3
280,Mathematics,92.70878956735609,100,92.70878956735609,2026-01-28T04:50:14.266411,midterm,1
280,Science,100.0,100,100.0,2026-01-28T04:50:14.266411,midterm,1
280,English,81.95359722912643,100,81.95359722912643,2026-01-28T04:50:14.266411,midterm,1
280,Social Studies,84.94777853573021,100,84.94777853573021,2026-01-28T04:50:14.266411,midterm,1
280,Hindi,88.48280146077235,100,88.48280146077235,2026-01-28T04:50:14.266411,midterm,1
280,Mathematics,93.0720200789823,100,93.0720200789823,2025-10-19T04:50:14.266411,midterm,2
280,Science,91.74953971143269,100,91.74953971143269,2025-10-19T04:50:14.266411,midterm,2
280,English,100.0,100,100.0,2025-10-19T04:50:14.266411,midterm,2
280,Social Studies,64.85011088653276,100,64.85011088653276,2025-10-19T04:50:14.266411,midterm,2
280,Hindi,65.24473288992812,100,65.24473288992812,2025-10-19T04:50:14.266411,midterm,2
280,Mathematics,84.15524987178334,100,84.15524987178334,2026-03-04T04:50:14.266411,final,3
280,Science,100.0,100,100.0,2026-03-04T04:50:14.266411,final,3
280,English,73.45755127582888,100,73.45755127582888,2026-03-04T04:50:14.266411,final,3
280,Social Studies,59.03770819494727,100,59.03770819494727,2026-03-04T04:50:14.266411,final,3
280,Hindi,94.82582565407692,100,94.82582565407692,2026-03-04T04:50:14.266411,final,3
281,Mathematics,70.55316912781743,100,70.55316912781743,2025-11-15T04:50:14.266411,midterm,1
281,Science,57.21451282279598,100,57.21451282279598,2025-11-15T04:50:14.266411,midterm,1
281,English,58.261200883580976,100,58.261200883580976,2025-11-15T04:50:14.266411,midterm,1
281,Social Studies,58.419159694443536,100,58.419159694443536,2025-11-15T04:50:14.266411,midterm,1
281,Hindi,69.22195006552968,100,69.22195006552968,2025-11-15T04:50:14.266411,midterm,1
281,Mathematics,61.853444128960206,100,61.853444128960206,2025-12-08T04:50:14.266411,midterm,2
281,Science,73.05723608054548,100,73.05723608054548,2025-12-08T04:50:14.266411,midterm,2
281,English,39.57033026174636,100,39.57033026174636,2025-12-08T04:50:14.266411,midterm,2
281,Social Studies,59.548078239512286,100,59.548078239512286,2025-12-08T04:50:14.266411,midterm,2
281,Hindi,56.856057281679774,100,56.856057281679774,2025-12-08T04:50:14.266411,midterm,2
281,Mathematics,65.55319010706535,100,65.55319010706535,2026-02-18T04:50:14.266411,final,3
281,Science,62.73611930588889,100,62.73611930588889,2026-02-18T04:50:14.266411,final,3
281,English,76.09503468974795,100,76.09503468974795,2026-02-18T04:50:14.266411,final,3
281,Social Studies,49.5232291741897,100,49.5232291741897,2026-02-18T04:50:14.266411,final,3
281,Hindi,68.57151165409779,100,68.57151165409779,2026-02-18T04:50:14.266411,final,3
282,Mathematics,52.42561283048597,100,52.42561283048597,2026-03-09T04:50:14.266411,midterm,1
282,Science,65.40872296398845,100,65.40872296398845,2026-03-09T04:50:14.266411,midterm,1
282,English,42.02458888743416,100,42.02458888743416,2026-03-09T04:50:14.266411,midterm,1
282,Social Studies,50.08683464189408,100,50.08683464189408,2026-03-09T04:50:14.266411,midterm,1
282,Hindi,28.80362067274526,100,28.80362067274526,2026-03-09T04:50:14.266411,midterm,1
282,Mathematics,22.922686555238673,100,22.922686555238673,2025-12-20T04:50:14.266411,midterm,2
282,Science,55.28999235618591,100,55.28999235618591,2025-12-20T04:50:14.266411,midterm,2
282,English,46.78664566188821,100,46.78664566188821,2025-12-20T04:50:14.266411,midterm,2
282,Social Studies,58.62737549635314,100,58.62737549635314,2025-12-20T04:50:14.266411,midterm,2
282,Hindi,33.10821970867142,100,33.10821970867142,2025-12-20T04:50:14.266411,midterm,2
282,Mathematics,52.041269993656435,100,52.041269993656435,2025-10-27T04:50:14.266411,final,3
282,Science,65.53042700380745,100,65.53042700380745,2025-10-27T04:50:14.266411,final,3
282,English,51.03930468194157,100,51.03930468194157,2025-10-27T04:50:14.266411,final,3
282,Social Studies,49.6080636542794,100,49.6080636542794,2025-10-27T04:50:14.266411,final,3
282,Hindi,46.92780940661241,100,46.92780940661241,2025-10-27T04:50:14.266411,final,3
283,Mathematics,55.537669771514516,100,55.537669771514516,2025-09-24T04:50:14.266411,midterm,1
283,Science,84.80221369987711,100,84.80221369987711,2025-09-24T04:50:14.266411,midterm,1
283,English,65.13790794472298,100,65.13790794472298,2025-09-24T04:50:14.266411,midterm,1
283,Social Studies,76.29131690660381,100,76.29131690660381,2025-09-24T04:50:14.266411,midterm,1
283,Hindi,55.616141277061104,100,55.616141277061104,2025-09-24T04:50:14.266411,midterm,1
283,Mathematics,59.45188769769584,100,59.45188769769584,2025-11-06T04:50:14.266411,midterm,2
283,Science,85.59735833499599,100,85.59735833499599,2025-11-06T04:50:14.266411,midterm,2
283,English,67.77346145319521,100,67.77346145319521,2025-11-06T04:50:14.266411,midterm,2
283,Social Studies,85.77923910319909,100,85.77923910319909,2025-11-06T04:50:14.266411,midterm,2
283,Hindi,70.46417775218846,100,70.46417775218846,2025-11-06T04:50:14.266411,midterm,2
283,Mathematics,52.82750661319507,100,52.82750661319507,2026-01-29T04:50:14.266411,final,3
283,Science,80.16716034009085,100,80.16716034009085,2026-01-29T04:50:14.266411,final,3
283,English,65.34756116521757,100,65.34756116521757,2026-01-29T04:50:14.266411,final,3
283,Social Studies,78.23337247794407,100,78.23337247794407,2026-01-29T04:50:14.266411,final,3
283,Hindi,71.49859301817446,100,71.49859301817446,2026-01-29T04:50:14.266411,final,3
284,Mathematics,38.33148298022888,100,38.33148298022888,2026-01-26T04:50:14.266411,midterm,1
284,Science,55.40561291336327,100,55.40561291336327,2026-01-26T04:50:14.266411,midterm,1
284,English,75.72489668118557,100,75.72489668118557,2026-01-26T04:50:14.266411,midterm,1
284,Social Studies,58.69252984480217,100,58.69252984480217,2026-01-26T04:50:14.266411,midterm,1
284,Hindi,53.18748772960295,100,53.18748772960295,2026-01-26T04:50:14.266411,midterm,1
284,Mathematics,64.51609927922655,100,64.51609927922655,2025-10-13T04:50:14.266411,midterm,2
284,Science,55.86934991168869,100,55.86934991168869,2025-10-13T04:50:14.266411,midterm,2
284,English,55.85800756228552,100,55.85800756228552,2025-10-13T04:50:14.266411,midterm,2
284,Social Studies,42.84641353806656,100,42.84641353806656,2025-10-13T04:50:14.266411,midterm,2
284,Hindi,56.10114551755356,100,56.10114551755356,2025-10-13T04:50:14.266411,midterm,2
284,Mathematics,64.11709942382703,100,64.11709942382703,2026-03-01T04:50:14.266411,final,3
284,Science,45.40204373865733,100,45.40204373865733,2026-03-01T04:50:14.266411,final,3
284,English,68.00762347212705,100,68.00762347212705,2026-03-01T04:50:14.266411,final,3
284,Social Studies,52.84560501820632,100,52.84560501820632,2026-03-01T04:50:14.266411,final,3
284,Hindi,44.884970144272174,100,44.884970144272174,2026-03-01T04:50:14.266411,final,3
285,Mathematics,89.85970540187138,100,89.85970540187138,2026-01-02T04:50:14.266411,midterm,1
285,Science,77.01544227528625,100,77.01544227528625,2026-01-02T04:50:14.266411,midterm,1
285,English,87.47853350753002,100,87.47853350753002,2026-01-02T04:50:14.266411,midterm,1
285,Social Studies,76.96579831008356,100,76.96579831008356,2026-01-02T04:50:14.266411,midterm,1
285,Hindi,79.2851231973699,100,79.2851231973699,2026-01-02T04:50:14.266411,midterm,1
285,Mathematics,84.81898667601185,100,84.81898667601185,2026-01-10T04:50:14.266411,midterm,2
285,Science,82.79235520856899,100,82.79235520856899,2026-01-10T04:50:14.266411,midterm,2
285,English,59.92806682815155,100,59.92806682815155,2026-01-10T04:50:14.266411,midterm,2
285,Social Studies,68.67094723172502,100,68.67094723172502,2026-01-10T04:50:14.266411,midterm,2
285,Hindi,89.17748448057709,100,89.17748448057709,2026-01-10T04:50:14.266411,midterm,2
285,Mathematics,78.56201874365347,100,78.56201874365347,2026-01-13T04:50:14.266411,final,3
285,Science,74.64607160495471,100,74.64607160495471,2026-01-13T04:50:14.266411,final,3
285,English,66.29764448009419,100,66.29764448009419,2026-01-13T04:50:14.266411,final,3
285,Social Studies,69.08602141991045,100,69.08602141991045,2026-01-13T04:50:14.266411,final,3
285,Hindi,59.66539823304946,100,59.66539823304946,2026-01-13T04:50:14.266411,final,3
286,Mathematics,76.85204981052048,100,76.85204981052048,2025-10-30T04:50:14.266411,midterm,1
286,Science,71.88048119172534,100,71.88048119172534,2025-10-30T04:50:14.266411,midterm,1
286,English,68.19897808768266,100,68.19897808768266,2025-10-30T04:50:14.266411,midterm,1
286,Social Studies,77.18362274585628,100,77.18362274585628,2025-10-30T04:50:14.266411,midterm,1
286,Hindi,81.50456330606319,100,81.50456330606319,2025-10-30T04:50:14.266411,midterm,1
286,Mathematics,98.79683631963526,100,98.79683631963526,2025-10-02T04:50:14.266411,midterm,2
286,Science,62.74602280190368,100,62.74602280190368,2025-10-02T04:50:14.266411,midterm,2
286,English,89.45866743054103,100,89.45866743054103,2025-10-02T04:50:14.266411,midterm,2
286,Social Studies,87.59587260768653,100,87.59587260768653,2025-10-02T04:50:14.266411,midterm,2
286,Hindi,70.0739296037688,100,70.0739296037688,2025-10-02T04:50:14.266411,midterm,2
286,Mathematics,79.89721654339613,100,79.89721654339613,2025-10-10T04:50:14.266411,final,3
286,Science,73.28852450415965,100,73.28852450415965,2025-10-10T04:50:14.266411,final,3
286,English,79.7217428017232,100,79.7217428017232,2025-10-10T04:50:14.266411,final,3
286,Social Studies,92.95616713158131,100,92.95616713158131,2025-10-10T04:50:14.266411,final,3
286,Hindi,83.92091932384893,100,83.92091932384893,2025-10-10T04:50:14.266411,final,3
287,Mathematics,43.233317283361764,100,43.233317283361764,2025-12-01T04:50:14.266411,midterm,1
287,Science,33.84414035148092,100,33.84414035148092,2025-12-01T04:50:14.266411,midterm,1
287,English,23.30666690178399,100,23.30666690178399,2025-12-01T04:50:14.266411,midterm,1
287,Social Studies,36.062551445623264,100,36.062551445623264,2025-12-01T04:50:14.266411,midterm,1
287,Hindi,50.21331509966649,100,50.21331509966649,2025-12-01T04:50:14.266411,midterm,1
287,Mathematics,22.875554985130865,100,22.875554985130865,2025-12-20T04:50:14.266411,midterm,2
287,Science,27.59633986926039,100,27.59633986926039,2025-12-20T04:50:14.266411,midterm,2
287,English,39.40991091336802,100,39.40991091336802,2025-12-20T04:50:14.266411,midterm,2
287,Social Studies,28.300685702554716,100,28.300685702554716,2025-12-20T04:50:14.266411,midterm,2
287,Hindi,30.221999079875214,100,30.221999079875214,2025-12-20T04:50:14.266411,midterm,2
287,Mathematics,33.91124773374557,100,33.91124773374557,2025-09-27T04:50:14.266411,final,3
287,Science,24.491059509125847,100,24.491059509125847,2025-09-27T04:50:14.266411,final,3
287,English,28.406015088863658,100,28.406015088863658,2025-09-27T04:50:14.266411,final,3
287,Social Studies,45.18151271890043,100,45.18151271890043,2025-09-27T04:50:14.266411,final,3
287,Hindi,25.0735357287177,100,25.0735357287177,2025-09-27T04:50:14.266411,final,3
288,Mathematics,38.88834220118713,100,38.88834220118713,2026-01-21T04:50:14.266411,midterm,1
288,Science,48.56681375079656,100,48.56681375079656,2026-01-21T04:50:14.266411,midterm,1
288,English,62.186618571233964,100,62.186618571233964,2026-01-21T04:50:14.266411,midterm,1
288,Social Studies,52.89784546616661,100,52.89784546616661,2026-01-21T04:50:14.266411,midterm,1
288,Hindi,50.22125276497932,100,50.22125276497932,2026-01-21T04:50:14.266411,midterm,1
288,Mathematics,55.310651521291575,100,55.310651521291575,2026-02-09T04:50:14.266411,midterm,2
288,Science,37.409989217538985,100,37.409989217538985,2026-02-09T04:50:14.266411,midterm,2
288,English,59.814120083885825,100,59.814120083885825,2026-02-09T04:50:14.266411,midterm,2
288,Social Studies,58.70141386017195,100,58.70141386017195,2026-02-09T04:50:14.266411,midterm,2
288,Hindi,50.773978805178295,100,50.773978805178295,2026-02-09T04:50:14.266411,midterm,2
288,Mathematics,64.92630866409968,100,64.92630866409968,2025-10-13T04:50:14.266411,final,3
288,Science,43.59210255660512,100,43.59210255660512,2025-10-13T04:50:14.266411,final,3
288,English,66.1461534786712,100,66.1461534786712,2025-10-13T04:50:14.266411,final,3
288,Social Studies,56.41200020208802,100,56.41200020208802,2025-10-13T04:50:14.266411,final,3
288,Hindi,51.50153764735377,100,51.50153764735377,2025-10-13T04:50:14.266411,final,3
289,Mathematics,42.89351754652571,100,42.89351754652571,2025-10-05T04:50:14.266411,midterm,1
289,Science,42.01960624209941,100,42.01960624209941,2025-10-05T04:50:14.266411,midterm,1
289,English,55.295082864385996,100,55.295082864385996,2025-10-05T04:50:14.266411,midterm,1
289,Social Studies,32.32546262549869,100,32.32546262549869,2025-10-05T04:50:14.266411,midterm,1
289,Hindi,35.467061508742844,100,35.467061508742844,2025-10-05T04:50:14.266411,midterm,1
289,Mathematics,53.45528282093362,100,53.45528282093362,2026-01-31T04:50:14.266411,midterm,2
289,Science,37.13690454837023,100,37.13690454837023,2026-01-31T04:50:14.266411,midterm,2
289,English,52.097584673524736,100,52.097584673524736,2026-01-31T04:50:14.266411,midterm,2
289,Social Studies,60.08661373029592,100,60.08661373029592,2026-01-31T04:50:14.266411,midterm,2
289,Hindi,39.074303630792485,100,39.074303630792485,2026-01-31T04:50:14.266411,midterm,2
289,Mathematics,49.905877165961876,100,49.905877165961876,2026-03-11T04:50:14.266411,final,3
289,Science,31.55533108681024,100,31.55533108681024,2026-03-11T04:50:14.266411,final,3
289,English,50.63958688088692,100,50.63958688088692,2026-03-11T04:50:14.266411,final,3
289,Social Studies,45.08649376007649,100,45.08649376007649,2026-03-11T04:50:14.266411,final,3
289,Hindi,47.82263672181098,100,47.82263672181098,2026-03-11T04:50:14.266411,final,3
290,Mathematics,27.863623863506753,100,27.863623863506753,2026-02-26T04:50:14.266411,midterm,1
290,Science,17.70851042818898,100,17.70851042818898,2026-02-26T04:50:14.266411,midterm,1
290,English,39.35186523135575,100,39.35186523135575,2026-02-26T04:50:14.266411,midterm,1
290,Social Studies,13.68531305906616,100,13.68531305906616,2026-02-26T04:50:14.266411,midterm,1
290,Hindi,31.145839661435357,100,31.145839661435357,2026-02-26T04:50:14.266411,midterm,1
290,Mathematics,43.7311632480604,100,43.7311632480604,2025-09-30T04:50:14.266411,midterm,2
290,Science,36.238321942591064,100,36.238321942591064,2025-09-30T04:50:14.266411,midterm,2
290,English,53.80277103175884,100,53.80277103175884,2025-09-30T04:50:14.266411,midterm,2
290,Social Studies,44.57043610967844,100,44.57043610967844,2025-09-30T04:50:14.266411,midterm,2
290,Hindi,27.78036070060494,100,27.78036070060494,2025-09-30T04:50:14.266411,midterm,2
290,Mathematics,34.59247838237509,100,34.59247838237509,2026-01-03T04:50:14.266411,final,3
290,Science,33.84563755841634,100,33.84563755841634,2026-01-03T04:50:14.266411,final,3
290,English,18.497576950399434,100,18.497576950399434,2026-01-03T04:50:14.266411,final,3
290,Social Studies,24.915355419017175,100,24.915355419017175,2026-01-03T04:50:14.266411,final,3
290,Hindi,28.711735514062102,100,28.711735514062102,2026-01-03T04:50:14.266411,final,3
291,Mathematics,14.984087592631475,100,14.984087592631475,2026-02-16T04:50:14.266411,midterm,1
291,Science,35.82122730370727,100,35.82122730370727,2026-02-16T04:50:14.266411,midterm,1
291,English,32.85557417466043,100,32.85557417466043,2026-02-16T04:50:14.266411,midterm,1
291,Social Studies,18.6173536080751,100,18.6173536080751,2026-02-16T04:50:14.266411,midterm,1
291,Hindi,39.38842127396416,100,39.38842127396416,2026-02-16T04:50:14.266411,midterm,1
291,Mathematics,42.505020068100436,100,42.505020068100436,2025-12-15T04:50:14.266411,midterm,2
291,Science,37.61663740983973,100,37.61663740983973,2025-12-15T04:50:14.266411,midterm,2
291,English,32.10561086910114,100,32.10561086910114,2025-12-15T04:50:14.266411,midterm,2
291,Social Studies,41.26071413870939,100,41.26071413870939,2025-12-15T04:50:14.266411,midterm,2
291,Hindi,42.14849622595775,100,42.14849622595775,2025-12-15T04:50:14.266411,midterm,2
291,Mathematics,38.420328318387725,100,38.420328318387725,2026-03-06T04:50:14.266411,final,3
291,Science,27.10017011684323,100,27.10017011684323,2026-03-06T04:50:14.266411,final,3
291,English,38.11230027630265,100,38.11230027630265,2026-03-06T04:50:14.266411,final,3
291,Social Studies,47.30109912944563,100,47.30109912944563,2026-03-06T04:50:14.266411,final,3
291,Hindi,29.380002035073538,100,29.380002035073538,2026-03-06T04:50:14.266411,final,3
292,Mathematics,77.39801106924875,100,77.39801106924875,2025-10-23T04:50:14.266411,midterm,1
292,Science,51.1623083380706,100,51.1623083380706,2025-10-23T04:50:14.266411,midterm,1
292,English,56.74268781132581,100,56.74268781132581,2025-10-23T04:50:14.266411,midterm,1
292,Social Studies,49.69376171786108,100,49.69376171786108,2025-10-23T04:50:14.266411,midterm,1
292,Hindi,58.651326037127056,100,58.651326037127056,2025-10-23T04:50:14.266411,midterm,1
292,Mathematics,38.99640075157169,100,38.99640075157169,2025-12-29T04:50:14.266411,midterm,2
292,Science,50.95819968975724,100,50.95819968975724,2025-12-29T04:50:14.266411,midterm,2
292,English,45.497405674438774,100,45.497405674438774,2025-12-29T04:50:14.266411,midterm,2
292,Social Studies,57.77200115684735,100,57.77200115684735,2025-12-29T04:50:14.266411,midterm,2
292,Hindi,66.36309143301352,100,66.36309143301352,2025-12-29T04:50:14.266411,midterm,2
292,Mathematics,62.87867954906996,100,62.87867954906996,2025-10-15T04:50:14.266411,final,3
292,Science,32.70202406933552,100,32.70202406933552,2025-10-15T04:50:14.266411,final,3
292,English,76.83931420720324,100,76.83931420720324,2025-10-15T04:50:14.266411,final,3
292,Social Studies,59.37141708413313,100,59.37141708413313,2025-10-15T04:50:14.266411,final,3
292,Hindi,48.653626272994444,100,48.653626272994444,2025-10-15T04:50:14.266411,final,3
293,Mathematics,68.03617384962872,100,68.03617384962872,2026-01-30T04:50:14.266411,midterm,1
293,Science,68.22679288474625,100,68.22679288474625,2026-01-30T04:50:14.266411,midterm,1
293,English,59.796407490203684,100,59.796407490203684,2026-01-30T04:50:14.266411,midterm,1
293,Social Studies,68.44406133314007,100,68.44406133314007,2026-01-30T04:50:14.266411,midterm,1
293,Hindi,60.39017178351625,100,60.39017178351625,2026-01-30T04:50:14.266411,midterm,1
293,Mathematics,62.42127473281909,100,62.42127473281909,2025-09-27T04:50:14.266411,midterm,2
293,Science,59.60210330216847,100,59.60210330216847,2025-09-27T04:50:14.266411,midterm,2
293,English,52.138181762322795,100,52.138181762322795,2025-09-27T04:50:14.266411,midterm,2
293,Social Studies,67.92325936187316,100,67.92325936187316,2025-09-27T04:50:14.266411,midterm,2
293,Hindi,72.3178890248827,100,72.3178890248827,2025-09-27T04:50:14.266411,midterm,2
293,Mathematics,71.61373062048304,100,71.61373062048304,2025-09-22T04:50:14.266411,final,3
293,Science,74.66414718607166,100,74.66414718607166,2025-09-22T04:50:14.266411,final,3
293,English,69.708296759868,100,69.708296759868,2025-09-22T04:50:14.266411,final,3
293,Social Studies,61.13763967755028,100,61.13763967755028,2025-09-22T04:50:14.266411,final,3
293,Hindi,74.86153330403121,100,74.86153330403121,2025-09-22T04:50:14.266411,final,3
294,Mathematics,78.80132851978767,100,78.80132851978767,2025-12-22T04:50:14.266411,midterm,1
294,Science,83.36979009308222,100,83.36979009308222,2025-12-22T04:50:14.266411,midterm,1
294,English,82.73450320397457,100,82.73450320397457,2025-12-22T04:50:14.266411,midterm,1
294,Social Studies,100.0,100,100.0,2025-12-22T04:50:14.266411,midterm,1
294,Hindi,100.0,100,100.0,2025-12-22T04:50:14.266411,midterm,1
294,Mathematics,97.24955628865698,100,97.24955628865698,2025-10-14T04:50:14.266411,midterm,2
294,Science,100.0,100,100.0,2025-10-14T04:50:14.266411,midterm,2
294,English,83.58367609408714,100,83.58367609408714,2025-10-14T04:50:14.266411,midterm,2
294,Social Studies,95.86245511681682,100,95.86245511681682,2025-10-14T04:50:14.266411,midterm,2
294,Hindi,91.12475963437538,100,91.12475963437538,2025-10-14T04:50:14.266411,midterm,2
294,Mathematics,100.0,100,100.0,2025-12-06T04:50:14.267413,final,3
294,Science,91.22426159268504,100,91.22426159268504,2025-12-06T04:50:14.267413,final,3
294,English,88.5270750341062,100,88.5270750341062,2025-12-06T04:50:14.267413,final,3
294,Social Studies,97.78558910381692,100,97.78558910381692,2025-12-06T04:50:14.267413,final,3
294,Hindi,100.0,100,100.0,2025-12-06T04:50:14.267413,final,3
295,Mathematics,31.022762081276618,100,31.022762081276618,2026-01-23T04:50:14.267413,midterm,1
295,Science,37.09545731622087,100,37.09545731622087,2026-01-23T04:50:14.267413,midterm,1
295,English,27.12180769332811,100,27.12180769332811,2026-01-23T04:50:14.267413,midterm,1
295,Social Studies,12.72560385481524,100,12.72560385481524,2026-01-23T04:50:14.267413,midterm,1
295,Hindi,39.710810343881924,100,39.710810343881924,2026-01-23T04:50:14.267413,midterm,1
295,Mathematics,43.795267592290955,100,43.795267592290955,2025-10-11T04:50:14.267413,midterm,2
295,Science,40.32688212061189,100,40.32688212061189,2025-10-11T04:50:14.267413,midterm,2
295,English,18.210596852200965,100,18.210596852200965,2025-10-11T04:50:14.267413,midterm,2
295,Social Studies,34.19771972897989,100,34.19771972897989,2025-10-11T04:50:14.267413,midterm,2
295,Hindi,15.522736429233824,100,15.522736429233824,2025-10-11T04:50:14.267413,midterm,2
295,Mathematics,51.403225106286484,100,51.403225106286484,2026-01-03T04:50:14.267413,final,3
295,Science,26.845668208563776,100,26.845668208563776,2026-01-03T04:50:14.267413,final,3
295,English,50.2602501243436,100,50.2602501243436,2026-01-03T04:50:14.267413,final,3
295,Social Studies,47.16491046658609,100,47.16491046658609,2026-01-03T04:50:14.267413,final,3
295,Hindi,28.70031050438402,100,28.70031050438402,2026-01-03T04:50:14.267413,final,3
296,Mathematics,74.79246744088697,100,74.79246744088697,2025-09-29T04:50:14.267413,midterm,1
296,Science,89.62401911742779,100,89.62401911742779,2025-09-29T04:50:14.267413,midterm,1
296,English,77.6770765817337,100,77.6770765817337,2025-09-29T04:50:14.267413,midterm,1
296,Social Studies,87.14516337514648,100,87.14516337514648,2025-09-29T04:50:14.267413,midterm,1
296,Hindi,81.29204104549522,100,81.29204104549522,2025-09-29T04:50:14.267413,midterm,1
296,Mathematics,68.30873280890808,100,68.30873280890808,2026-01-25T04:50:14.267413,midterm,2
296,Science,63.815636762319826,100,63.815636762319826,2026-01-25T04:50:14.267413,midterm,2
296,English,88.38715943851038,100,88.38715943851038,2026-01-25T04:50:14.267413,midterm,2
296,Social Studies,80.50473949025816,100,80.50473949025816,2026-01-25T04:50:14.267413,midterm,2
296,Hindi,80.58941878442309,100,80.58941878442309,2026-01-25T04:50:14.267413,midterm,2
296,Mathematics,93.07895534450226,100,93.07895534450226,2026-01-31T04:50:14.267413,final,3
296,Science,97.85473971988885,100,97.85473971988885,2026-01-31T04:50:14.267413,final,3
296,English,83.39486973994632,100,83.39486973994632,2026-01-31T04:50:14.267413,final,3
296,Social Studies,82.7143298844658,100,82.7143298844658,2026-01-31T04:50:14.267413,final,3
296,Hindi,91.12174728470325,100,91.12174728470325,2026-01-31T04:50:14.267413,final,3
297,Mathematics,42.879628539050785,100,42.879628539050785,2025-10-15T04:50:14.267413,midterm,1
297,Science,58.68051478352351,100,58.68051478352351,2025-10-15T04:50:14.267413,midterm,1
297,English,61.96784395426808,100,61.96784395426808,2025-10-15T04:50:14.267413,midterm,1
297,Social Studies,63.25128632022283,100,63.25128632022283,2025-10-15T04:50:14.267413,midterm,1
297,Hindi,37.08145721102189,100,37.08145721102189,2025-10-15T04:50:14.267413,midterm,1
297,Mathematics,48.835431537957135,100,48.835431537957135,2025-09-26T04:50:14.267413,midterm,2
297,Science,47.66635170781188,100,47.66635170781188,2025-09-26T04:50:14.267413,midterm,2
297,English,57.44785378013867,100,57.44785378013867,2025-09-26T04:50:14.267413,midterm,2
297,Social Studies,61.25643003372638,100,61.25643003372638,2025-09-26T04:50:14.267413,midterm,2
297,Hindi,71.41608831050635,100,71.41608831050635,2025-09-26T04:50:14.267413,midterm,2
297,Mathematics,51.49932943236581,100,51.49932943236581,2026-02-11T04:50:14.267413,final,3
297,Science,51.473259252954406,100,51.473259252954406,2026-02-11T04:50:14.267413,final,3
297,English,67.94570442483402,100,67.94570442483402,2026-02-11T04:50:14.267413,final,3
297,Social Studies,59.41475362134959,100,59.41475362134959,2026-02-11T04:50:14.267413,final,3
297,Hindi,69.12549934792628,100,69.12549934792628,2026-02-11T04:50:14.267413,final,3
298,Mathematics,70.53058862381667,100,70.53058862381667,2025-11-03T04:50:14.267413,midterm,1
298,Science,56.07214240658559,100,56.07214240658559,2025-11-03T04:50:14.267413,midterm,1
298,English,54.31202504594024,100,54.31202504594024,2025-11-03T04:50:14.267413,midterm,1
298,Social Studies,52.12818610312901,100,52.12818610312901,2025-11-03T04:50:14.267413,midterm,1
298,Hindi,74.26382694130304,100,74.26382694130304,2025-11-03T04:50:14.267413,midterm,1
298,Mathematics,79.52927682458838,100,79.52927682458838,2025-11-28T04:50:14.267413,midterm,2
298,Science,86.13693000758211,100,86.13693000758211,2025-11-28T04:50:14.267413,midterm,2
298,English,76.0743619169507,100,76.0743619169507,2025-11-28T04:50:14.267413,midterm,2
298,Social Studies,79.27169436906816,100,79.27169436906816,2025-11-28T04:50:14.267413,midterm,2
298,Hindi,61.843145267181455,100,61.843145267181455,2025-11-28T04:50:14.267413,midterm,2
298,Mathematics,56.07915042627974,100,56.07915042627974,2026-01-27T04:50:14.267413,final,3
298,Science,76.14410191789383,100,76.14410191789383,2026-01-27T04:50:14.267413,final,3
298,English,71.8201161161123,100,71.8201161161123,2026-01-27T04:50:14.267413,final,3
298,Social Studies,68.71775233712722,100,68.71775233712722,2026-01-27T04:50:14.267413,final,3
298,Hindi,71.5170234000482,100,71.5170234000482,2026-01-27T04:50:14.267413,final,3
299,Mathematics,89.65306918082783,100,89.65306918082783,2026-01-05T04:50:14.267413,midterm,1
299,Science,99.25938295478139,100,99.25938295478139,2026-01-05T04:50:14.267413,midterm,1
299,English,99.37107020441533,100,99.37107020441533,2026-01-05T04:50:14.267413,midterm,1
299,Social Studies,91.86341787964923,100,91.86341787964923,2026-01-05T04:50:14.267413,midterm,1
299,Hindi,94.87924308187505,100,94.87924308187505,2026-01-05T04:50:14.267413,midterm,1
299,Mathematics,91.56183988049352,100,91.56183988049352,2026-03-09T04:50:14.267413,midterm,2
299,Science,81.80951703589957,100,81.80951703589957,2026-03-09T04:50:14.267413,midterm,2
299,English,93.98686110537717,100,93.98686110537717,2026-03-09T04:50:14.267413,midterm,2
299,Social Studies,72.47626366765316,100,72.47626366765316,2026-03-09T04:50:14.267413,midterm,2
299,Hindi,96.9601298792046,100,96.9601298792046,2026-03-09T04:50:14.267413,midterm,2
299,Mathematics,74.47598495858541,100,74.47598495858541,2025-12-17T04:50:14.267413,final,3
299,Science,89.2792472241931,100,89.2792472241931,2025-12-17T04:50:14.267413,final,3
299,English,77.96967477198419,100,77.96967477198419,2025-12-17T04:50:14.267413,final,3
299,Social Studies,91.95510418699004,100,91.95510418699004,2025-12-17T04:50:14.267413,final,3
299,Hindi,86.08196209696668,100,86.08196209696668,2025-12-17T04:50:14.267413,final,3
300,Mathematics,56.57992783661358,100,56.57992783661358,2025-10-07T04:50:14.267413,midterm,1
300,Science,76.7344837284317,100,76.7344837284317,2025-10-07T04:50:14.267413,midterm,1
300,English,66.7482796499198,100,66.7482796499198,2025-10-07T04:50:14.267413,midterm,1
300,Social Studies,81.3389546263806,100,81.3389546263806,2025-10-07T04:50:14.267413,midterm,1
300,Hindi,72.54074430559098,100,72.54074430559098,2025-10-07T04:50:14.267413,midterm,1
300,Mathematics,76.48169727212729,100,76.48169727212729,2026-02-05T04:50:14.267413,midterm,2
300,Science,62.951797868094786,100,62.951797868094786,2026-02-05T04:50:14.267413,midterm,2
300,English,66.63416510397329,100,66.63416510397329,2026-02-05T04:50:14.267413,midterm,2
300,Social Studies,67.94110105723607,100,67.94110105723607,2026-02-05T04:50:14.267413,midterm,2
300,Hindi,81.09451222067247,100,81.09451222067247,2026-02-05T04:50:14.267413,midterm,2
300,Mathematics,89.3012582963018,100,89.3012582963018,2025-10-31T04:50:14.267413,final,3
300,Science,64.47576990081814,100,64.47576990081814,2025-10-31T04:50:14.267413,final,3
300,English,83.2959688648237,100,83.2959688648237,2025-10-31T04:50:14.267413,final,3
300,Social Studies,50.83071324098989,100,50.83071324098989,2025-10-31T04:50:14.267413,final,3
300,Hindi,60.58559340732401,100,60.58559340732401,2025-10-31T04:50:14.267413,final,3
301,Mathematics,31.413491563309684,100,31.413491563309684,2025-12-17T04:50:14.267413,midterm,1
301,Science,27.47618923077021,100,27.47618923077021,2025-12-17T04:50:14.267413,midterm,1
301,English,25.165392227301634,100,25.165392227301634,2025-12-17T04:50:14.267413,midterm,1
301,Social Studies,45.13126524655541,100,45.13126524655541,2025-12-17T04:50:14.267413,midterm,1
301,Hindi,38.86059914789882,100,38.86059914789882,2025-12-17T04:50:14.267413,midterm,1
301,Mathematics,44.79533010122853,100,44.79533010122853,2025-12-21T04:50:14.267413,midterm,2
301,Science,47.906002986392565,100,47.906002986392565,2025-12-21T04:50:14.267413,midterm,2
301,English,43.65744605690277,100,43.65744605690277,2025-12-21T04:50:14.267413,midterm,2
301,Social Studies,47.57890788668117,100,47.57890788668117,2025-12-21T04:50:14.267413,midterm,2
301,Hindi,40.30595326275474,100,40.30595326275474,2025-12-21T04:50:14.267413,midterm,2
301,Mathematics,29.131342242119988,100,29.131342242119988,2026-02-28T04:50:14.267413,final,3
301,Science,51.57941793338539,100,51.57941793338539,2026-02-28T04:50:14.267413,final,3
301,English,35.110154797366164,100,35.110154797366164,2026-02-28T04:50:14.267413,final,3
301,Social Studies,31.645313137553174,100,31.645313137553174,2026-02-28T04:50:14.267413,final,3
301,Hindi,39.22209736713345,100,39.22209736713345,2026-02-28T04:50:14.267413,final,3
302,Mathematics,85.09007744619603,100,85.09007744619603,2025-09-24T04:50:14.267413,midterm,1
302,Science,90.04388281926684,100,90.04388281926684,2025-09-24T04:50:14.267413,midterm,1
302,English,97.65872585479582,100,97.65872585479582,2025-09-24T04:50:14.267413,midterm,1
302,Social Studies,97.70160403162242,100,97.70160403162242,2025-09-24T04:50:14.267413,midterm,1
302,Hindi,85.23988597490487,100,85.23988597490487,2025-09-24T04:50:14.267413,midterm,1
302,Mathematics,89.34113290967372,100,89.34113290967372,2025-10-18T04:50:14.267413,midterm,2
302,Science,100.0,100,100.0,2025-10-18T04:50:14.267413,midterm,2
302,English,99.18218781650057,100,99.18218781650057,2025-10-18T04:50:14.267413,midterm,2
302,Social Studies,100.0,100,100.0,2025-10-18T04:50:14.267413,midterm,2
302,Hindi,100.0,100,100.0,2025-10-18T04:50:14.267413,midterm,2
302,Mathematics,100.0,100,100.0,2026-01-10T04:50:14.267413,final,3
302,Science,80.33950113460314,100,80.33950113460314,2026-01-10T04:50:14.267413,final,3
302,English,100.0,100,100.0,2026-01-10T04:50:14.267413,final,3
302,Social Studies,93.68711862219206,100,93.68711862219206,2026-01-10T04:50:14.267413,final,3
302,Hindi,88.70836860377867,100,88.70836860377867,2026-01-10T04:50:14.267413,final,3
303,Mathematics,95.68616434553874,100,95.68616434553874,2025-12-31T04:50:14.267413,midterm,1
303,Science,100.0,100,100.0,2025-12-31T04:50:14.267413,midterm,1
303,English,99.01432685025557,100,99.01432685025557,2025-12-31T04:50:14.267413,midterm,1
303,Social Studies,85.22127292679286,100,85.22127292679286,2025-12-31T04:50:14.267413,midterm,1
303,Hindi,100.0,100,100.0,2025-12-31T04:50:14.267413,midterm,1
303,Mathematics,87.63013551945382,100,87.63013551945382,2025-10-30T04:50:14.267413,midterm,2
303,Science,96.17284212985632,100,96.17284212985632,2025-10-30T04:50:14.267413,midterm,2
303,English,90.97251026544211,100,90.97251026544211,2025-10-30T04:50:14.267413,midterm,2
303,Social Studies,91.8173484228572,100,91.8173484228572,2025-10-30T04:50:14.267413,midterm,2
303,Hindi,100.0,100,100.0,2025-10-30T04:50:14.267413,midterm,2
303,Mathematics,83.60407374205448,100,83.60407374205448,2025-10-28T04:50:14.267413,final,3
303,Science,100.0,100,100.0,2025-10-28T04:50:14.267413,final,3
303,English,75.7951502472685,100,75.7951502472685,2025-10-28T04:50:14.267413,final,3
303,Social Studies,88.02933410766488,100,88.02933410766488,2025-10-28T04:50:14.267413,final,3
303,Hindi,97.70812983963087,100,97.70812983963087,2025-10-28T04:50:14.267413,final,3
304,Mathematics,45.23604690803967,100,45.23604690803967,2026-02-10T04:50:14.267413,midterm,1
304,Science,38.38814803796952,100,38.38814803796952,2026-02-10T04:50:14.267413,midterm,1
304,English,38.818998213671144,100,38.818998213671144,2026-02-10T04:50:14.267413,midterm,1
304,Social Studies,43.49840609696274,100,43.49840609696274,2026-02-10T04:50:14.267413,midterm,1
304,Hindi,37.08221046910977,100,37.08221046910977,2026-02-10T04:50:14.267413,midterm,1
304,Mathematics,53.32471782303563,100,53.32471782303563,2025-11-02T04:50:14.267413,midterm,2
304,Science,47.78639638600259,100,47.78639638600259,2025-11-02T04:50:14.267413,midterm,2
304,English,48.121148753742915,100,48.121148753742915,2025-11-02T04:50:14.267413,midterm,2
304,Social Studies,29.7313380099824,100,29.7313380099824,2025-11-02T04:50:14.267413,midterm,2
304,Hindi,38.599020999629545,100,38.599020999629545,2025-11-02T04:50:14.267413,midterm,2
304,Mathematics,36.388245756479535,100,36.388245756479535,2025-12-22T04:50:14.267413,final,3
304,Science,29.336891486791913,100,29.336891486791913,2025-12-22T04:50:14.267413,final,3
304,English,42.99454708314424,100,42.99454708314424,2025-12-22T04:50:14.267413,final,3
304,Social Studies,34.01644766588841,100,34.01644766588841,2025-12-22T04:50:14.267413,final,3
304,Hindi,45.94694354218894,100,45.94694354218894,2025-12-22T04:50:14.267413,final,3
305,Mathematics,45.665719024159124,100,45.665719024159124,2025-11-05T04:50:14.267413,midterm,1
305,Science,73.55804078152065,100,73.55804078152065,2025-11-05T04:50:14.267413,midterm,1
305,English,47.40430806718182,100,47.40430806718182,2025-11-05T04:50:14.267413,midterm,1
305,Social Studies,58.560658025106804,100,58.560658025106804,2025-11-05T04:50:14.267413,midterm,1
305,Hindi,64.28622775698312,100,64.28622775698312,2025-11-05T04:50:14.267413,midterm,1
305,Mathematics,50.66123035110132,100,50.66123035110132,2026-02-25T04:50:14.267413,midterm,2
305,Science,64.89232108743195,100,64.89232108743195,2026-02-25T04:50:14.267413,midterm,2
305,English,44.075798675098284,100,44.075798675098284,2026-02-25T04:50:14.267413,midterm,2
305,Social Studies,70.88881164492804,100,70.88881164492804,2026-02-25T04:50:14.267413,midterm,2
305,Hindi,56.50912730276003,100,56.50912730276003,2026-02-25T04:50:14.267413,midterm,2
305,Mathematics,50.403520573413644,100,50.403520573413644,2025-11-05T04:50:14.267413,final,3
305,Science,53.3758169288281,100,53.3758169288281,2025-11-05T04:50:14.267413,final,3
305,English,64.45682734702963,100,64.45682734702963,2025-11-05T04:50:14.267413,final,3
305,Social Studies,50.52308173459806,100,50.52308173459806,2025-11-05T04:50:14.267413,final,3
305,Hindi,48.87405775887467,100,48.87405775887467,2025-11-05T04:50:14.267413,final,3
306,Mathematics,83.93366571442219,100,83.93366571442219,2026-02-02T04:50:14.267413,midterm,1
306,Science,74.3794105625599,100,74.3794105625599,2026-02-02T04:50:14.267413,midterm,1
306,English,100.0,100,100.0,2026-02-02T04:50:14.267413,midterm,1
306,Social Studies,80.48508577811235,100,80.48508577811235,2026-02-02T04:50:14.267413,midterm,1
306,Hindi,94.46519955206361,100,94.46519955206361,2026-02-02T04:50:14.267413,midterm,1
306,Mathematics,88.2437325267373,100,88.2437325267373,2025-11-17T04:50:14.267413,midterm,2
306,Science,76.3036911854399,100,76.3036911854399,2025-11-17T04:50:14.267413,midterm,2
306,English,86.08948459813229,100,86.08948459813229,2025-11-17T04:50:14.267413,midterm,2
306,Social Studies,93.98905948336706,100,93.98905948336706,2025-11-17T04:50:14.267413,midterm,2
306,Hindi,84.26641833939651,100,84.26641833939651,2025-11-17T04:50:14.267413,midterm,2
306,Mathematics,98.08016114876986,100,98.08016114876986,2026-02-01T04:50:14.267413,final,3
306,Science,96.36418561807821,100,96.36418561807821,2026-02-01T04:50:14.267413,final,3
306,English,95.33818023684287,100,95.33818023684287,2026-02-01T04:50:14.267413,final,3
306,Social Studies,81.5524639675296,100,81.5524639675296,2026-02-01T04:50:14.267413,final,3
306,Hindi,75.35060721244471,100,75.35060721244471,2026-02-01T04:50:14.267413,final,3
307,Mathematics,77.60344878622728,100,77.60344878622728,2025-11-07T04:50:14.267413,midterm,1
307,Science,85.70173424652242,100,85.70173424652242,2025-11-07T04:50:14.267413,midterm,1
307,English,89.19719197517877,100,89.19719197517877,2025-11-07T04:50:14.267413,midterm,1
307,Social Studies,62.023610792250736,100,62.023610792250736,2025-11-07T04:50:14.267413,midterm,1
307,Hindi,83.6581928237377,100,83.6581928237377,2025-11-07T04:50:14.267413,midterm,1
307,Mathematics,85.32021709308705,100,85.32021709308705,2025-12-22T04:50:14.267413,midterm,2
307,Science,80.96388227669969,100,80.96388227669969,2025-12-22T04:50:14.267413,midterm,2
307,English,96.65206323001401,100,96.65206323001401,2025-12-22T04:50:14.267413,midterm,2
307,Social Studies,87.95712558236393,100,87.95712558236393,2025-12-22T04:50:14.267413,midterm,2
307,Hindi,96.84124392066418,100,96.84124392066418,2025-12-22T04:50:14.267413,midterm,2
307,Mathematics,81.57971963635289,100,81.57971963635289,2025-09-25T04:50:14.267413,final,3
307,Science,93.11409976492446,100,93.11409976492446,2025-09-25T04:50:14.267413,final,3
307,English,100.0,100,100.0,2025-09-25T04:50:14.267413,final,3
307,Social Studies,96.85625933258183,100,96.85625933258183,2025-09-25T04:50:14.267413,final,3
307,Hindi,72.81790890556789,100,72.81790890556789,2025-09-25T04:50:14.267413,final,3
308,Mathematics,46.31754209005968,100,46.31754209005968,2026-02-20T04:50:14.267413,midterm,1
308,Science,45.40265581098553,100,45.40265581098553,2026-02-20T04:50:14.267413,midterm,1
308,English,53.74684821624677,100,53.74684821624677,2026-02-20T04:50:14.267413,midterm,1
308,Social Studies,55.71783841562882,100,55.71783841562882,2026-02-20T04:50:14.267413,midterm,1
308,Hindi,40.46537612522613,100,40.46537612522613,2026-02-20T04:50:14.267413,midterm,1
308,Mathematics,49.53268800465287,100,49.53268800465287,2026-01-26T04:50:14.267413,midterm,2
308,Science,28.655029543922126,100,28.655029543922126,2026-01-26T04:50:14.267413,midterm,2
308,English,63.273752923502386,100,63.273752923502386,2026-01-26T04:50:14.267413,midterm,2
308,Social Studies,43.73056045871655,100,43.73056045871655,2026-01-26T04:50:14.267413,midterm,2
308,Hindi,49.41294226392846,100,49.41294226392846,2026-01-26T04:50:14.267413,midterm,2
308,Mathematics,45.75780572560288,100,45.75780572560288,2026-02-22T04:50:14.267413,final,3
308,Science,60.31457861561764,100,60.31457861561764,2026-02-22T04:50:14.267413,final,3
308,English,20.4792384515097,100,20.4792384515097,2026-02-22T04:50:14.267413,final,3
308,Social Studies,48.6881994422244,100,48.6881994422244,2026-02-22T04:50:14.267413,final,3
308,Hindi,47.79611529050651,100,47.79611529050651,2026-02-22T04:50:14.267413,final,3
309,Mathematics,53.69174127498578,100,53.69174127498578,2026-03-09T04:50:14.267413,midterm,1
309,Science,75.49037060725894,100,75.49037060725894,2026-03-09T04:50:14.267413,midterm,1
309,English,49.354810562344895,100,49.354810562344895,2026-03-09T04:50:14.267413,midterm,1
309,Social Studies,65.94606692325922,100,65.94606692325922,2026-03-09T04:50:14.267413,midterm,1
309,Hindi,61.790633037963445,100,61.790633037963445,2026-03-09T04:50:14.267413,midterm,1
309,Mathematics,70.84329767625776,100,70.84329767625776,2025-11-30T04:50:14.267413,midterm,2
309,Science,51.556214303127554,100,51.556214303127554,2025-11-30T04:50:14.267413,midterm,2
309,English,50.89841615966502,100,50.89841615966502,2025-11-30T04:50:14.267413,midterm,2
309,Social Studies,69.18880422567659,100,69.18880422567659,2025-11-30T04:50:14.267413,midterm,2
309,Hindi,62.48131823420371,100,62.48131823420371,2025-11-30T04:50:14.267413,midterm,2
309,Mathematics,42.778731684135025,100,42.778731684135025,2026-03-07T04:50:14.267413,final,3
309,Science,52.835055006269904,100,52.835055006269904,2026-03-07T04:50:14.267413,final,3
309,English,62.091931689383216,100,62.091931689383216,2026-03-07T04:50:14.267413,final,3
309,Social Studies,66.6057473663685,100,66.6057473663685,2026-03-07T04:50:14.267413,final,3
309,Hindi,51.43579861897305,100,51.43579861897305,2026-03-07T04:50:14.267413,final,3
310,Mathematics,44.962892312746206,100,44.962892312746206,2025-12-14T04:50:14.267413,midterm,1
310,Science,79.33768406828595,100,79.33768406828595,2025-12-14T04:50:14.267413,midterm,1
310,English,61.90224531147586,100,61.90224531147586,2025-12-14T04:50:14.267413,midterm,1
310,Social Studies,53.932064229691505,100,53.932064229691505,2025-12-14T04:50:14.267413,midterm,1
310,Hindi,45.78219296107421,100,45.78219296107421,2025-12-14T04:50:14.267413,midterm,1
310,Mathematics,82.24526081289302,100,82.24526081289302,2025-12-14T04:50:14.267413,midterm,2
310,Science,75.39162671496528,100,75.39162671496528,2025-12-14T04:50:14.267413,midterm,2
310,English,71.8488884037931,100,71.8488884037931,2025-12-14T04:50:14.267413,midterm,2
310,Social Studies,87.99569584054323,100,87.99569584054323,2025-12-14T04:50:14.267413,midterm,2
310,Hindi,80.47869904114634,100,80.47869904114634,2025-12-14T04:50:14.267413,midterm,2
310,Mathematics,90.26845263813479,100,90.26845263813479,2025-10-25T04:50:14.267413,final,3
310,Science,60.17809748924565,100,60.17809748924565,2025-10-25T04:50:14.267413,final,3
310,English,73.75994597137598,100,73.75994597137598,2025-10-25T04:50:14.267413,final,3
310,Social Studies,57.93831846143547,100,57.93831846143547,2025-10-25T04:50:14.267413,final,3
310,Hindi,71.81162889236094,100,71.81162889236094,2025-10-25T04:50:14.267413,final,3
311,Mathematics,65.8439344082388,100,65.8439344082388,2025-10-28T04:50:14.267413,midterm,1
311,Science,74.59622931853627,100,74.59622931853627,2025-10-28T04:50:14.267413,midterm,1
311,English,68.78573175732454,100,68.78573175732454,2025-10-28T04:50:14.267413,midterm,1
311,Social Studies,74.56416432870472,100,74.56416432870472,2025-10-28T04:50:14.267413,midterm,1
311,Hindi,75.36449427729451,100,75.36449427729451,2025-10-28T04:50:14.267413,midterm,1
311,Mathematics,89.87937971973699,100,89.87937971973699,2025-11-01T04:50:14.267413,midterm,2
311,Science,65.17712639304432,100,65.17712639304432,2025-11-01T04:50:14.267413,midterm,2
311,English,58.919865939241774,100,58.919865939241774,2025-11-01T04:50:14.267413,midterm,2
311,Social Studies,70.79092909906964,100,70.79092909906964,2025-11-01T04:50:14.267413,midterm,2
311,Hindi,60.30729267451013,100,60.30729267451013,2025-11-01T04:50:14.267413,midterm,2
311,Mathematics,83.14970063027093,100,83.14970063027093,2025-12-30T04:50:14.267413,final,3
311,Science,65.49791255645323,100,65.49791255645323,2025-12-30T04:50:14.267413,final,3
311,English,62.67432926716566,100,62.67432926716566,2025-12-30T04:50:14.267413,final,3
311,Social Studies,63.61693573439438,100,63.61693573439438,2025-12-30T04:50:14.267413,final,3
311,Hindi,75.51426718062197,100,75.51426718062197,2025-12-30T04:50:14.267413,final,3
312,Mathematics,88.42124371518779,100,88.42124371518779,2025-12-03T04:50:14.267413,midterm,1
312,Science,83.58204534619881,100,83.58204534619881,2025-12-03T04:50:14.267413,midterm,1
312,English,100.0,100,100.0,2025-12-03T04:50:14.267413,midterm,1
312,Social Studies,81.43701514088514,100,81.43701514088514,2025-12-03T04:50:14.267413,midterm,1
312,Hindi,90.35437428783257,100,90.35437428783257,2025-12-03T04:50:14.267413,midterm,1
312,Mathematics,96.52177506360493,100,96.52177506360493,2025-10-16T04:50:14.267413,midterm,2
312,Science,73.6853624433319,100,73.6853624433319,2025-10-16T04:50:14.267413,midterm,2
312,English,94.80131856156189,100,94.80131856156189,2025-10-16T04:50:14.267413,midterm,2
312,Social Studies,79.44763679269813,100,79.44763679269813,2025-10-16T04:50:14.267413,midterm,2
312,Hindi,98.22654135584266,100,98.22654135584266,2025-10-16T04:50:14.267413,midterm,2
312,Mathematics,80.37220342831287,100,80.37220342831287,2025-09-25T04:50:14.267413,final,3
312,Science,96.92640386599123,100,96.92640386599123,2025-09-25T04:50:14.267413,final,3
312,English,100.0,100,100.0,2025-09-25T04:50:14.267413,final,3
312,Social Studies,98.61307880383069,100,98.61307880383069,2025-09-25T04:50:14.267413,final,3
312,Hindi,92.51188002988366,100,92.51188002988366,2025-09-25T04:50:14.267413,final,3
313,Mathematics,79.35375744370673,100,79.35375744370673,2026-01-31T04:50:14.267413,midterm,1
313,Science,75.90257110965528,100,75.90257110965528,2026-01-31T04:50:14.267413,midterm,1
313,English,96.37711378117476,100,96.37711378117476,2026-01-31T04:50:14.267413,midterm,1
313,Social Studies,74.6718146713273,100,74.6718146713273,2026-01-31T04:50:14.267413,midterm,1
313,Hindi,71.29610613730377,100,71.29610613730377,2026-01-31T04:50:14.267413,midterm,1
313,Mathematics,88.32045622333203,100,88.32045622333203,2026-01-27T04:50:14.267413,midterm,2
313,Science,73.70539884113877,100,73.70539884113877,2026-01-27T04:50:14.267413,midterm,2
313,English,72.16613189834246,100,72.16613189834246,2026-01-27T04:50:14.267413,midterm,2
313,Social Studies,67.23072425130607,100,67.23072425130607,2026-01-27T04:50:14.267413,midterm,2
313,Hindi,76.83766847839854,100,76.83766847839854,2026-01-27T04:50:14.267413,midterm,2
313,Mathematics,80.83961663403879,100,80.83961663403879,2026-02-20T04:50:14.267413,final,3
313,Science,84.09768414961071,100,84.09768414961071,2026-02-20T04:50:14.267413,final,3
313,English,91.17982931599856,100,91.17982931599856,2026-02-20T04:50:14.267413,final,3
313,Social Studies,86.93574610966166,100,86.93574610966166,2026-02-20T04:50:14.267413,final,3
313,Hindi,79.75804467747193,100,79.75804467747193,2026-02-20T04:50:14.267413,final,3
314,Mathematics,62.712885095823,100,62.712885095823,2026-02-19T04:50:14.267413,midterm,1
314,Science,69.79641654877203,100,69.79641654877203,2026-02-19T04:50:14.267413,midterm,1
314,English,77.42054348890589,100,77.42054348890589,2026-02-19T04:50:14.267413,midterm,1
314,Social Studies,65.9579838544522,100,65.9579838544522,2026-02-19T04:50:14.267413,midterm,1
314,Hindi,60.00353331751611,100,60.00353331751611,2026-02-19T04:50:14.267413,midterm,1
314,Mathematics,54.766181848764745,100,54.766181848764745,2026-01-13T04:50:14.267413,midterm,2
314,Science,50.24278921549794,100,50.24278921549794,2026-01-13T04:50:14.267413,midterm,2
314,English,71.35753858005543,100,71.35753858005543,2026-01-13T04:50:14.267413,midterm,2
314,Social Studies,70.47462709601577,100,70.47462709601577,2026-01-13T04:50:14.267413,midterm,2
314,Hindi,70.46847711068682,100,70.46847711068682,2026-01-13T04:50:14.267413,midterm,2
314,Mathematics,63.40824739609964,100,63.40824739609964,2026-01-05T04:50:14.267413,final,3
314,Science,78.7641893185377,100,78.7641893185377,2026-01-05T04:50:14.267413,final,3
314,English,59.85365691377202,100,59.85365691377202,2026-01-05T04:50:14.267413,final,3
314,Social Studies,74.24753423169226,100,74.24753423169226,2026-01-05T04:50:14.267413,final,3
314,Hindi,64.30741290972476,100,64.30741290972476,2026-01-05T04:50:14.267413,final,3
315,Mathematics,28.065648364127934,100,28.065648364127934,2026-03-09T04:50:14.267413,midterm,1
315,Science,40.074459084098926,100,40.074459084098926,2026-03-09T04:50:14.267413,midterm,1
315,English,38.245517197761245,100,38.245517197761245,2026-03-09T04:50:14.267413,midterm,1
315,Social Studies,37.71888360359057,100,37.71888360359057,2026-03-09T04:50:14.267413,midterm,1
315,Hindi,34.9619402314833,100,34.9619402314833,2026-03-09T04:50:14.267413,midterm,1
315,Mathematics,33.770225193753,100,33.770225193753,2025-12-19T04:50:14.267413,midterm,2
315,Science,58.0328759396257,100,58.0328759396257,2025-12-19T04:50:14.267413,midterm,2
315,English,45.99172246288304,100,45.99172246288304,2025-12-19T04:50:14.267413,midterm,2
315,Social Studies,41.37742496077643,100,41.37742496077643,2025-12-19T04:50:14.267413,midterm,2
315,Hindi,35.26714759295519,100,35.26714759295519,2025-12-19T04:50:14.267413,midterm,2
315,Mathematics,44.220728016888,100,44.220728016888,2025-10-09T04:50:14.267413,final,3
315,Science,39.32910377483583,100,39.32910377483583,2025-10-09T04:50:14.267413,final,3
315,English,34.41120353866167,100,34.41120353866167,2025-10-09T04:50:14.267413,final,3
315,Social Studies,31.11351275826216,100,31.11351275826216,2025-10-09T04:50:14.267413,final,3
315,Hindi,33.33998263429443,100,33.33998263429443,2025-10-09T04:50:14.267413,final,3
316,Mathematics,30.1496238712415,100,30.1496238712415,2025-10-27T04:50:14.267413,midterm,1
316,Science,63.959889622998475,100,63.959889622998475,2025-10-27T04:50:14.267413,midterm,1
316,English,56.96912042891846,100,56.96912042891846,2025-10-27T04:50:14.267413,midterm,1
316,Social Studies,77.78058121285089,100,77.78058121285089,2025-10-27T04:50:14.267413,midterm,1
316,Hindi,62.047321938139596,100,62.047321938139596,2025-10-27T04:50:14.267413,midterm,1
316,Mathematics,49.96424703467244,100,49.96424703467244,2025-10-27T04:50:14.267413,midterm,2
316,Science,61.35507968874088,100,61.35507968874088,2025-10-27T04:50:14.267413,midterm,2
316,English,51.39267037939701,100,51.39267037939701,2025-10-27T04:50:14.267413,midterm,2
316,Social Studies,66.58795538714672,100,66.58795538714672,2025-10-27T04:50:14.267413,midterm,2
316,Hindi,64.7633548734169,100,64.7633548734169,2025-10-27T04:50:14.267413,midterm,2
316,Mathematics,71.43227754110472,100,71.43227754110472,2026-02-20T04:50:14.267413,final,3
316,Science,53.9450633130764,100,53.9450633130764,2026-02-20T04:50:14.267413,final,3
316,English,62.19396219230352,100,62.19396219230352,2026-02-20T04:50:14.267413,final,3
316,Social Studies,48.2036632757557,100,48.2036632757557,2026-02-20T04:50:14.267413,final,3
316,Hindi,68.8688290492692,100,68.8688290492692,2026-02-20T04:50:14.267413,final,3
317,Mathematics,46.31934012348509,100,46.31934012348509,2025-09-30T04:50:14.267413,midterm,1
317,Science,46.088678529359576,100,46.088678529359576,2025-09-30T04:50:14.267413,midterm,1
317,English,41.14681863265328,100,41.14681863265328,2025-09-30T04:50:14.267413,midterm,1
317,Social Studies,45.27835722697178,100,45.27835722697178,2025-09-30T04:50:14.267413,midterm,1
317,Hindi,57.17401940216983,100,57.17401940216983,2025-09-30T04:50:14.267413,midterm,1
317,Mathematics,38.27968574866373,100,38.27968574866373,2025-11-26T04:50:14.268411,midterm,2
317,Science,42.51708015618471,100,42.51708015618471,2025-11-26T04:50:14.268411,midterm,2
317,English,30.26936532726977,100,30.26936532726977,2025-11-26T04:50:14.268411,midterm,2
317,Social Studies,32.448018703100544,100,32.448018703100544,2025-11-26T04:50:14.268411,midterm,2
317,Hindi,42.10876125001694,100,42.10876125001694,2025-11-26T04:50:14.268411,midterm,2
317,Mathematics,52.16996378610294,100,52.16996378610294,2026-01-23T04:50:14.268411,final,3
317,Science,38.56782007656815,100,38.56782007656815,2026-01-23T04:50:14.268411,final,3
317,English,38.77146302596263,100,38.77146302596263,2026-01-23T04:50:14.268411,final,3
317,Social Studies,37.06177587404012,100,37.06177587404012,2026-01-23T04:50:14.268411,final,3
317,Hindi,35.78306161064064,100,35.78306161064064,2026-01-23T04:50:14.268411,final,3
318,Mathematics,97.7947782100026,100,97.7947782100026,2025-12-26T04:50:14.268411,midterm,1
318,Science,79.87248720112794,100,79.87248720112794,2025-12-26T04:50:14.268411,midterm,1
318,English,100.0,100,100.0,2025-12-26T04:50:14.268411,midterm,1
318,Social Studies,88.19084067161978,100,88.19084067161978,2025-12-26T04:50:14.268411,midterm,1
318,Hindi,100.0,100,100.0,2025-12-26T04:50:14.268411,midterm,1
318,Mathematics,82.14507767897564,100,82.14507767897564,2025-12-09T04:50:14.268411,midterm,2
318,Science,100.0,100,100.0,2025-12-09T04:50:14.268411,midterm,2
318,English,100.0,100,100.0,2025-12-09T04:50:14.268411,midterm,2
318,Social Studies,98.68708437297336,100,98.68708437297336,2025-12-09T04:50:14.268411,midterm,2
318,Hindi,84.90077843491648,100,84.90077843491648,2025-12-09T04:50:14.268411,midterm,2
318,Mathematics,97.34054554889516,100,97.34054554889516,2026-02-06T04:50:14.268411,final,3
318,Science,83.0145018055705,100,83.0145018055705,2026-02-06T04:50:14.268411,final,3
318,English,92.31743110195254,100,92.31743110195254,2026-02-06T04:50:14.268411,final,3
318,Social Studies,100.0,100,100.0,2026-02-06T04:50:14.268411,final,3
318,Hindi,100.0,100,100.0,2026-02-06T04:50:14.268411,final,3
319,Mathematics,88.21806851593854,100,88.21806851593854,2025-11-20T04:50:14.268411,midterm,1
319,Science,78.31817333130579,100,78.31817333130579,2025-11-20T04:50:14.268411,midterm,1
319,English,94.52211621227615,100,94.52211621227615,2025-11-20T04:50:14.268411,midterm,1
319,Social Studies,88.26005146751446,100,88.26005146751446,2025-11-20T04:50:14.268411,midterm,1
319,Hindi,64.86308310822997,100,64.86308310822997,2025-11-20T04:50:14.268411,midterm,1
319,Mathematics,95.8925373536994,100,95.8925373536994,2026-02-22T04:50:14.268411,midterm,2
319,Science,87.82391075183729,100,87.82391075183729,2026-02-22T04:50:14.268411,midterm,2
319,English,100.0,100,100.0,2026-02-22T04:50:14.268411,midterm,2
319,Social Studies,77.11353390210617,100,77.11353390210617,2026-02-22T04:50:14.268411,midterm,2
319,Hindi,56.299200958574204,100,56.299200958574204,2026-02-22T04:50:14.268411,midterm,2
319,Mathematics,90.85707767398607,100,90.85707767398607,2026-03-07T04:50:14.268411,final,3
319,Science,90.98187585735394,100,90.98187585735394,2026-03-07T04:50:14.268411,final,3
319,English,71.1595228144697,100,71.1595228144697,2026-03-07T04:50:14.268411,final,3
319,Social Studies,78.28124363186815,100,78.28124363186815,2026-03-07T04:50:14.268411,final,3
319,Hindi,100.0,100,100.0,2026-03-07T04:50:14.268411,final,3
320,Mathematics,52.594360853374006,100,52.594360853374006,2025-12-17T04:50:14.268411,midterm,1
320,Science,62.9600567586742,100,62.9600567586742,2025-12-17T04:50:14.268411,midterm,1
320,English,49.1438687212282,100,49.1438687212282,2025-12-17T04:50:14.268411,midterm,1
320,Social Studies,34.74743800638047,100,34.74743800638047,2025-12-17T04:50:14.268411,midterm,1
320,Hindi,53.94788452695298,100,53.94788452695298,2025-12-17T04:50:14.268411,midterm,1
320,Mathematics,52.99442139205099,100,52.99442139205099,2026-03-04T04:50:14.268411,midterm,2
320,Science,51.65168460822832,100,51.65168460822832,2026-03-04T04:50:14.268411,midterm,2
320,English,54.50405863984811,100,54.50405863984811,2026-03-04T04:50:14.268411,midterm,2
320,Social Studies,58.2931497113684,100,58.2931497113684,2026-03-04T04:50:14.268411,midterm,2
320,Hindi,54.149297482373974,100,54.149297482373974,2026-03-04T04:50:14.268411,midterm,2
320,Mathematics,43.0104053154384,100,43.0104053154384,2025-10-30T04:50:14.268411,final,3
320,Science,60.51231491053143,100,60.51231491053143,2025-10-30T04:50:14.268411,final,3
320,English,36.15674944168781,100,36.15674944168781,2025-10-30T04:50:14.268411,final,3
320,Social Studies,35.14689242207004,100,35.14689242207004,2025-10-30T04:50:14.268411,final,3
320,Hindi,63.042271941927716,100,63.042271941927716,2025-10-30T04:50:14.268411,final,3
321,Mathematics,67.1161273375082,100,67.1161273375082,2025-10-29T04:50:14.268411,midterm,1
321,Science,61.47197096541428,100,61.47197096541428,2025-10-29T04:50:14.268411,midterm,1
321,English,48.09143956860392,100,48.09143956860392,2025-10-29T04:50:14.268411,midterm,1
321,Social Studies,54.96681520941388,100,54.96681520941388,2025-10-29T04:50:14.268411,midterm,1
321,Hindi,59.41845713928959,100,59.41845713928959,2025-10-29T04:50:14.268411,midterm,1
321,Mathematics,46.0869849304135,100,46.0869849304135,2026-02-25T04:50:14.268411,midterm,2
321,Science,54.65563803592231,100,54.65563803592231,2026-02-25T04:50:14.268411,midterm,2
321,English,68.56922799792143,100,68.56922799792143,2026-02-25T04:50:14.268411,midterm,2
321,Social Studies,76.3189782590468,100,76.3189782590468,2026-02-25T04:50:14.268411,midterm,2
321,Hindi,57.85157708956913,100,57.85157708956913,2026-02-25T04:50:14.268411,midterm,2
321,Mathematics,69.61080815931562,100,69.61080815931562,2026-03-11T04:50:14.268411,final,3
321,Science,42.90532391027996,100,42.90532391027996,2026-03-11T04:50:14.268411,final,3
321,English,68.64043702729074,100,68.64043702729074,2026-03-11T04:50:14.268411,final,3
321,Social Studies,54.00644046887982,100,54.00644046887982,2026-03-11T04:50:14.268411,final,3
321,Hindi,65.11938078323433,100,65.11938078323433,2026-03-11T04:50:14.268411,final,3
322,Mathematics,64.02032123693961,100,64.02032123693961,2026-01-17T04:50:14.268411,midterm,1
322,Science,79.70198551717505,100,79.70198551717505,2026-01-17T04:50:14.268411,midterm,1
322,English,57.75348893593752,100,57.75348893593752,2026-01-17T04:50:14.268411,midterm,1
322,Social Studies,72.77390839495501,100,72.77390839495501,2026-01-17T04:50:14.268411,midterm,1
322,Hindi,63.70277078637136,100,63.70277078637136,2026-01-17T04:50:14.268411,midterm,1
322,Mathematics,64.91479063924007,100,64.91479063924007,2025-10-11T04:50:14.268411,midterm,2
322,Science,64.6593064877446,100,64.6593064877446,2025-10-11T04:50:14.268411,midterm,2
322,English,58.04111437439557,100,58.04111437439557,2025-10-11T04:50:14.268411,midterm,2
322,Social Studies,66.35685576026998,100,66.35685576026998,2025-10-11T04:50:14.268411,midterm,2
322,Hindi,65.87136319811849,100,65.87136319811849,2025-10-11T04:50:14.268411,midterm,2
322,Mathematics,68.91024790340398,100,68.91024790340398,2025-10-03T04:50:14.268411,final,3
322,Science,67.34289687626533,100,67.34289687626533,2025-10-03T04:50:14.268411,final,3
322,English,74.47779091545907,100,74.47779091545907,2025-10-03T04:50:14.268411,final,3
322,Social Studies,75.73293157981038,100,75.73293157981038,2025-10-03T04:50:14.268411,final,3
322,Hindi,55.991612201058686,100,55.991612201058686,2025-10-03T04:50:14.268411,final,3
323,Mathematics,51.304938318146576,100,51.304938318146576,2025-12-26T04:50:14.268411,midterm,1
323,Science,30.753849041140324,100,30.753849041140324,2025-12-26T04:50:14.268411,midterm,1
323,English,48.49577219361622,100,48.49577219361622,2025-12-26T04:50:14.268411,midterm,1
323,Social Studies,48.81460115926755,100,48.81460115926755,2025-12-26T04:50:14.268411,midterm,1
323,Hindi,23.504044395613825,100,23.504044395613825,2025-12-26T04:50:14.268411,midterm,1
323,Mathematics,43.547005777532966,100,43.547005777532966,2025-09-23T04:50:14.268411,midterm,2
323,Science,37.93225217863571,100,37.93225217863571,2025-09-23T04:50:14.268411,midterm,2
323,English,35.029560732885116,100,35.029560732885116,2025-09-23T04:50:14.268411,midterm,2
323,Social Studies,56.125736619228924,100,56.125736619228924,2025-09-23T04:50:14.268411,midterm,2
323,Hindi,36.080421905864675,100,36.080421905864675,2025-09-23T04:50:14.268411,midterm,2
323,Mathematics,34.55344402105837,100,34.55344402105837,2025-12-26T04:50:14.268411,final,3
323,Science,43.3741627122898,100,43.3741627122898,2025-12-26T04:50:14.268411,final,3
323,English,49.473110775223034,100,49.473110775223034,2025-12-26T04:50:14.268411,final,3
323,Social Studies,41.2007274521376,100,41.2007274521376,2025-12-26T04:50:14.268411,final,3
323,Hindi,54.280918768931386,100,54.280918768931386,2025-12-26T04:50:14.268411,final,3
324,Mathematics,80.16041387462867,100,80.16041387462867,2026-01-23T04:50:14.268411,midterm,1
324,Science,53.06854405767346,100,53.06854405767346,2026-01-23T04:50:14.268411,midterm,1
324,English,69.55598761991769,100,69.55598761991769,2026-01-23T04:50:14.268411,midterm,1
324,Social Studies,69.23223626147077,100,69.23223626147077,2026-01-23T04:50:14.268411,midterm,1
324,Hindi,79.64426678928199,100,79.64426678928199,2026-01-23T04:50:14.268411,midterm,1
324,Mathematics,48.602486691246646,100,48.602486691246646,2025-10-09T04:50:14.268411,midterm,2
324,Science,100.0,100,100.0,2025-10-09T04:50:14.268411,midterm,2
324,English,80.16091820392987,100,80.16091820392987,2025-10-09T04:50:14.268411,midterm,2
324,Social Studies,76.33942529416467,100,76.33942529416467,2025-10-09T04:50:14.268411,midterm,2
324,Hindi,86.66633441917924,100,86.66633441917924,2025-10-09T04:50:14.268411,midterm,2
324,Mathematics,98.28719778311401,100,98.28719778311401,2025-10-15T04:50:14.268411,final,3
324,Science,83.5581237008718,100,83.5581237008718,2025-10-15T04:50:14.268411,final,3
324,English,84.33878821970397,100,84.33878821970397,2025-10-15T04:50:14.268411,final,3
324,Social Studies,76.1575574996316,100,76.1575574996316,2025-10-15T04:50:14.268411,final,3
324,Hindi,73.43539972131828,100,73.43539972131828,2025-10-15T04:50:14.268411,final,3
325,Mathematics,65.48210080671377,100,65.48210080671377,2026-01-20T04:50:14.268411,midterm,1
325,Science,61.97893532961736,100,61.97893532961736,2026-01-20T04:50:14.268411,midterm,1
325,English,63.3699142497678,100,63.3699142497678,2026-01-20T04:50:14.268411,midterm,1
325,Social Studies,56.734495603332945,100,56.734495603332945,2026-01-20T04:50:14.268411,midterm,1
325,Hindi,69.48134073991254,100,69.48134073991254,2026-01-20T04:50:14.268411,midterm,1
325,Mathematics,53.393379474498914,100,53.393379474498914,2026-01-19T04:50:14.268411,midterm,2
325,Science,72.14922048819989,100,72.14922048819989,2026-01-19T04:50:14.268411,midterm,2
325,English,69.87674916633937,100,69.87674916633937,2026-01-19T04:50:14.268411,midterm,2
325,Social Studies,71.70940823062966,100,71.70940823062966,2026-01-19T04:50:14.268411,midterm,2
325,Hindi,65.01873954656286,100,65.01873954656286,2026-01-19T04:50:14.268411,midterm,2
325,Mathematics,100.0,100,100.0,2025-12-17T04:50:14.268411,final,3
325,Science,83.8412142485659,100,83.8412142485659,2025-12-17T04:50:14.268411,final,3
325,English,57.79463024591555,100,57.79463024591555,2025-12-17T04:50:14.268411,final,3
325,Social Studies,72.56873612103176,100,72.56873612103176,2025-12-17T04:50:14.268411,final,3
325,Hindi,64.15999381738955,100,64.15999381738955,2025-12-17T04:50:14.268411,final,3
326,Mathematics,32.79576212035304,100,32.79576212035304,2026-01-03T04:50:14.268411,midterm,1
326,Science,29.53983867618783,100,29.53983867618783,2026-01-03T04:50:14.268411,midterm,1
326,English,47.26272629501972,100,47.26272629501972,2026-01-03T04:50:14.268411,midterm,1
326,Social Studies,36.12675703673144,100,36.12675703673144,2026-01-03T04:50:14.268411,midterm,1
326,Hindi,52.618819627679216,100,52.618819627679216,2026-01-03T04:50:14.268411,midterm,1
326,Mathematics,52.87838153273157,100,52.87838153273157,2026-01-10T04:50:14.268411,midterm,2
326,Science,56.679703239541674,100,56.679703239541674,2026-01-10T04:50:14.268411,midterm,2
326,English,34.41669172668614,100,34.41669172668614,2026-01-10T04:50:14.268411,midterm,2
326,Social Studies,47.69421549434728,100,47.69421549434728,2026-01-10T04:50:14.268411,midterm,2
326,Hindi,49.26510155385019,100,49.26510155385019,2026-01-10T04:50:14.268411,midterm,2
326,Mathematics,38.19877763638753,100,38.19877763638753,2025-10-29T04:50:14.268411,final,3
326,Science,35.222839813498425,100,35.222839813498425,2025-10-29T04:50:14.268411,final,3
326,English,59.035766045186904,100,59.035766045186904,2025-10-29T04:50:14.268411,final,3
326,Social Studies,45.21551814474772,100,45.21551814474772,2025-10-29T04:50:14.268411,final,3
326,Hindi,49.30023689454456,100,49.30023689454456,2025-10-29T04:50:14.268411,final,3
327,Mathematics,76.48781956265549,100,76.48781956265549,2026-02-17T04:50:14.268411,midterm,1
327,Science,72.51573501571282,100,72.51573501571282,2026-02-17T04:50:14.268411,midterm,1
327,English,79.01408193601365,100,79.01408193601365,2026-02-17T04:50:14.268411,midterm,1
327,Social Studies,83.46836580703479,100,83.46836580703479,2026-02-17T04:50:14.268411,midterm,1
327,Hindi,74.06637961276127,100,74.06637961276127,2026-02-17T04:50:14.268411,midterm,1
327,Mathematics,84.61013159443092,100,84.61013159443092,2026-03-02T04:50:14.268411,midterm,2
327,Science,67.82352780024976,100,67.82352780024976,2026-03-02T04:50:14.268411,midterm,2
327,English,73.50810545623604,100,73.50810545623604,2026-03-02T04:50:14.268411,midterm,2
327,Social Studies,91.4176921637035,100,91.4176921637035,2026-03-02T04:50:14.268411,midterm,2
327,Hindi,90.7464848837137,100,90.7464848837137,2026-03-02T04:50:14.268411,midterm,2
327,Mathematics,80.78981202706609,100,80.78981202706609,2026-01-09T04:50:14.268411,final,3
327,Science,74.53093659016523,100,74.53093659016523,2026-01-09T04:50:14.268411,final,3
327,English,74.43454416567465,100,74.43454416567465,2026-01-09T04:50:14.268411,final,3
327,Social Studies,80.97589722152162,100,80.97589722152162,2026-01-09T04:50:14.268411,final,3
327,Hindi,91.15376459738768,100,91.15376459738768,2026-01-09T04:50:14.268411,final,3
328,Mathematics,49.85584814676039,100,49.85584814676039,2026-01-24T04:50:14.268411,midterm,1
328,Science,35.60807387849745,100,35.60807387849745,2026-01-24T04:50:14.268411,midterm,1
328,English,29.0384669734693,100,29.0384669734693,2026-01-24T04:50:14.268411,midterm,1
328,Social Studies,43.251827611980474,100,43.251827611980474,2026-01-24T04:50:14.268411,midterm,1
328,Hindi,32.33804152705864,100,32.33804152705864,2026-01-24T04:50:14.268411,midterm,1
328,Mathematics,35.39086484470511,100,35.39086484470511,2025-12-18T04:50:14.268411,midterm,2
328,Science,53.826152137687515,100,53.826152137687515,2025-12-18T04:50:14.268411,midterm,2
328,English,48.84454551897482,100,48.84454551897482,2025-12-18T04:50:14.268411,midterm,2
328,Social Studies,42.153134355831654,100,42.153134355831654,2025-12-18T04:50:14.268411,midterm,2
328,Hindi,27.85420122218991,100,27.85420122218991,2025-12-18T04:50:14.268411,midterm,2
328,Mathematics,42.68735690802373,100,42.68735690802373,2025-11-27T04:50:14.268411,final,3
328,Science,51.1999641411924,100,51.1999641411924,2025-11-27T04:50:14.268411,final,3
328,English,36.817054575661786,100,36.817054575661786,2025-11-27T04:50:14.268411,final,3
328,Social Studies,54.08453213318429,100,54.08453213318429,2025-11-27T04:50:14.268411,final,3
328,Hindi,53.50084412849921,100,53.50084412849921,2025-11-27T04:50:14.268411,final,3
329,Mathematics,95.67431980005482,100,95.67431980005482,2025-10-30T04:50:14.268411,midterm,1
329,Science,82.08942274393361,100,82.08942274393361,2025-10-30T04:50:14.268411,midterm,1
329,English,84.9109084766802,100,84.9109084766802,2025-10-30T04:50:14.268411,midterm,1
329,Social Studies,93.17886436193098,100,93.17886436193098,2025-10-30T04:50:14.268411,midterm,1
329,Hindi,83.51093084930983,100,83.51093084930983,2025-10-30T04:50:14.268411,midterm,1
329,Mathematics,74.02465040071796,100,74.02465040071796,2026-01-18T04:50:14.268411,midterm,2
329,Science,74.55156311334147,100,74.55156311334147,2026-01-18T04:50:14.268411,midterm,2
329,English,81.42254101635747,100,81.42254101635747,2026-01-18T04:50:14.268411,midterm,2
329,Social Studies,66.13137725915789,100,66.13137725915789,2026-01-18T04:50:14.268411,midterm,2
329,Hindi,77.60440232497815,100,77.60440232497815,2026-01-18T04:50:14.268411,midterm,2
329,Mathematics,90.00246266092262,100,90.00246266092262,2025-11-29T04:50:14.268411,final,3
329,Science,57.12445296696727,100,57.12445296696727,2025-11-29T04:50:14.268411,final,3
329,English,94.38181249656523,100,94.38181249656523,2025-11-29T04:50:14.268411,final,3
329,Social Studies,90.26073366565167,100,90.26073366565167,2025-11-29T04:50:14.268411,final,3
329,Hindi,74.43934532031531,100,74.43934532031531,2025-11-29T04:50:14.268411,final,3
330,Mathematics,69.93486185626648,100,69.93486185626648,2026-01-15T04:50:14.268411,midterm,1
330,Science,64.53243084661165,100,64.53243084661165,2026-01-15T04:50:14.268411,midterm,1
330,English,76.80085726193522,100,76.80085726193522,2026-01-15T04:50:14.268411,midterm,1
330,Social Studies,74.3277850052478,100,74.3277850052478,2026-01-15T04:50:14.268411,midterm,1
330,Hindi,50.500246345718296,100,50.500246345718296,2026-01-15T04:50:14.268411,midterm,1
330,Mathematics,70.37357771219015,100,70.37357771219015,2025-11-09T04:50:14.268411,midterm,2
330,Science,62.44467504111591,100,62.44467504111591,2025-11-09T04:50:14.268411,midterm,2
330,English,65.32927928272939,100,65.32927928272939,2025-11-09T04:50:14.268411,midterm,2
330,Social Studies,57.21923456785023,100,57.21923456785023,2025-11-09T04:50:14.268411,midterm,2
330,Hindi,81.98232426875674,100,81.98232426875674,2025-11-09T04:50:14.268411,midterm,2
330,Mathematics,74.90157177657414,100,74.90157177657414,2026-02-21T04:50:14.268411,final,3
330,Science,57.103241937818716,100,57.103241937818716,2026-02-21T04:50:14.268411,final,3
330,English,51.15484750844606,100,51.15484750844606,2026-02-21T04:50:14.268411,final,3
330,Social Studies,60.64422726776991,100,60.64422726776991,2026-02-21T04:50:14.268411,final,3
330,Hindi,68.84598003846145,100,68.84598003846145,2026-02-21T04:50:14.268411,final,3
331,Mathematics,77.19350955726762,100,77.19350955726762,2025-12-28T04:50:14.268411,midterm,1
331,Science,87.32277936548783,100,87.32277936548783,2025-12-28T04:50:14.268411,midterm,1
331,English,82.69064833961392,100,82.69064833961392,2025-12-28T04:50:14.268411,midterm,1
331,Social Studies,84.48714137533446,100,84.48714137533446,2025-12-28T04:50:14.268411,midterm,1
331,Hindi,78.06000512390976,100,78.06000512390976,2025-12-28T04:50:14.268411,midterm,1
331,Mathematics,60.89846381569549,100,60.89846381569549,2026-03-02T04:50:14.268411,midterm,2
331,Science,72.83446580633638,100,72.83446580633638,2026-03-02T04:50:14.268411,midterm,2
331,English,85.39234851689204,100,85.39234851689204,2026-03-02T04:50:14.268411,midterm,2
331,Social Studies,74.27622183255893,100,74.27622183255893,2026-03-02T04:50:14.268411,midterm,2
331,Hindi,79.82235480404286,100,79.82235480404286,2026-03-02T04:50:14.268411,midterm,2
331,Mathematics,71.60396796534407,100,71.60396796534407,2025-12-01T04:50:14.268411,final,3
331,Science,64.49333263238694,100,64.49333263238694,2025-12-01T04:50:14.268411,final,3
331,English,73.55801047734428,100,73.55801047734428,2025-12-01T04:50:14.268411,final,3
331,Social Studies,77.88192554813193,100,77.88192554813193,2025-12-01T04:50:14.268411,final,3
331,Hindi,68.23457392319096,100,68.23457392319096,2025-12-01T04:50:14.268411,final,3
332,Mathematics,70.22509289770207,100,70.22509289770207,2026-02-07T04:50:14.268411,midterm,1
332,Science,63.187572926408926,100,63.187572926408926,2026-02-07T04:50:14.268411,midterm,1
332,English,83.77465452190971,100,83.77465452190971,2026-02-07T04:50:14.268411,midterm,1
332,Social Studies,69.63764777038841,100,69.63764777038841,2026-02-07T04:50:14.268411,midterm,1
332,Hindi,87.10976079753058,100,87.10976079753058,2026-02-07T04:50:14.268411,midterm,1
332,Mathematics,87.86968385167783,100,87.86968385167783,2025-10-15T04:50:14.268411,midterm,2
332,Science,71.77174569905131,100,71.77174569905131,2025-10-15T04:50:14.268411,midterm,2
332,English,62.497718020795254,100,62.497718020795254,2025-10-15T04:50:14.268411,midterm,2
332,Social Studies,51.723226568935374,100,51.723226568935374,2025-10-15T04:50:14.268411,midterm,2
332,Hindi,57.861834616000834,100,57.861834616000834,2025-10-15T04:50:14.268411,midterm,2
332,Mathematics,58.843857097282154,100,58.843857097282154,2026-01-06T04:50:14.268411,final,3
332,Science,86.3669016208838,100,86.3669016208838,2026-01-06T04:50:14.268411,final,3
332,English,73.74045121853821,100,73.74045121853821,2026-01-06T04:50:14.268411,final,3
332,Social Studies,76.47825058718863,100,76.47825058718863,2026-01-06T04:50:14.268411,final,3
332,Hindi,50.37799525691749,100,50.37799525691749,2026-01-06T04:50:14.268411,final,3
333,Mathematics,68.57751029893737,100,68.57751029893737,2026-02-10T04:50:14.268411,midterm,1
333,Science,89.42797235557285,100,89.42797235557285,2026-02-10T04:50:14.268411,midterm,1
333,English,83.42491571493585,100,83.42491571493585,2026-02-10T04:50:14.268411,midterm,1
333,Social Studies,79.08512180425402,100,79.08512180425402,2026-02-10T04:50:14.268411,midterm,1
333,Hindi,86.20559817711121,100,86.20559817711121,2026-02-10T04:50:14.268411,midterm,1
333,Mathematics,96.91515265246814,100,96.91515265246814,2026-03-11T04:50:14.268411,midterm,2
333,Science,78.34674995573948,100,78.34674995573948,2026-03-11T04:50:14.268411,midterm,2
333,English,81.25087261769067,100,81.25087261769067,2026-03-11T04:50:14.268411,midterm,2
333,Social Studies,82.48314377842304,100,82.48314377842304,2026-03-11T04:50:14.268411,midterm,2
333,Hindi,100.0,100,100.0,2026-03-11T04:50:14.268411,midterm,2
333,Mathematics,59.56361194691973,100,59.56361194691973,2025-12-11T04:50:14.268411,final,3
333,Science,87.38940473899807,100,87.38940473899807,2025-12-11T04:50:14.268411,final,3
333,English,79.40915210351935,100,79.40915210351935,2025-12-11T04:50:14.268411,final,3
333,Social Studies,86.22489185295179,100,86.22489185295179,2025-12-11T04:50:14.268411,final,3
333,Hindi,73.98344905116274,100,73.98344905116274,2025-12-11T04:50:14.268411,final,3
334,Mathematics,51.543361284400994,100,51.543361284400994,2026-02-14T04:50:14.268411,midterm,1
334,Science,59.14711738764045,100,59.14711738764045,2026-02-14T04:50:14.268411,midterm,1
334,English,83.1621136034239,100,83.1621136034239,2026-02-14T04:50:14.268411,midterm,1
334,Social Studies,60.113373487006214,100,60.113373487006214,2026-02-14T04:50:14.268411,midterm,1
334,Hindi,43.55235561268041,100,43.55235561268041,2026-02-14T04:50:14.268411,midterm,1
334,Mathematics,47.79541477275846,100,47.79541477275846,2025-11-12T04:50:14.268411,midterm,2
334,Science,47.498870509146954,100,47.498870509146954,2025-11-12T04:50:14.268411,midterm,2
334,English,34.07657986668535,100,34.07657986668535,2025-11-12T04:50:14.268411,midterm,2
334,Social Studies,48.732109675971124,100,48.732109675971124,2025-11-12T04:50:14.268411,midterm,2
334,Hindi,59.36130241120294,100,59.36130241120294,2025-11-12T04:50:14.268411,midterm,2
334,Mathematics,39.29069040221754,100,39.29069040221754,2025-11-08T04:50:14.268411,final,3
334,Science,62.51783810349142,100,62.51783810349142,2025-11-08T04:50:14.268411,final,3
334,English,56.910759803828874,100,56.910759803828874,2025-11-08T04:50:14.268411,final,3
334,Social Studies,44.69067837327512,100,44.69067837327512,2025-11-08T04:50:14.268411,final,3
334,Hindi,50.61771521960702,100,50.61771521960702,2025-11-08T04:50:14.268411,final,3
335,Mathematics,97.80663332620969,100,97.80663332620969,2025-12-17T04:50:14.268411,midterm,1
335,Science,89.15889338485802,100,89.15889338485802,2025-12-17T04:50:14.268411,midterm,1
335,English,81.91125179878082,100,81.91125179878082,2025-12-17T04:50:14.268411,midterm,1
335,Social Studies,79.44658208018951,100,79.44658208018951,2025-12-17T04:50:14.268411,midterm,1
335,Hindi,82.58950595431595,100,82.58950595431595,2025-12-17T04:50:14.268411,midterm,1
335,Mathematics,76.70577967037632,100,76.70577967037632,2025-11-06T04:50:14.268411,midterm,2
335,Science,60.775920192609206,100,60.775920192609206,2025-11-06T04:50:14.268411,midterm,2
335,English,100.0,100,100.0,2025-11-06T04:50:14.268411,midterm,2
335,Social Studies,83.37666524179336,100,83.37666524179336,2025-11-06T04:50:14.268411,midterm,2
335,Hindi,85.80488790102473,100,85.80488790102473,2025-11-06T04:50:14.268411,midterm,2
335,Mathematics,81.24433775103027,100,81.24433775103027,2025-12-16T04:50:14.268411,final,3
335,Science,74.47224724255348,100,74.47224724255348,2025-12-16T04:50:14.268411,final,3
335,English,79.96417044031165,100,79.96417044031165,2025-12-16T04:50:14.268411,final,3
335,Social Studies,65.82946762785625,100,65.82946762785625,2025-12-16T04:50:14.268411,final,3
335,Hindi,100.0,100,100.0,2025-12-16T04:50:14.268411,final,3
336,Mathematics,26.91641268447587,100,26.91641268447587,2025-12-11T04:50:14.268411,midterm,1
336,Science,28.941869830228036,100,28.941869830228036,2025-12-11T04:50:14.268411,midterm,1
336,English,34.858940624835824,100,34.858940624835824,2025-12-11T04:50:14.268411,midterm,1
336,Social Studies,52.14228991722361,100,52.14228991722361,2025-12-11T04:50:14.268411,midterm,1
336,Hindi,39.40662266132637,100,39.40662266132637,2025-12-11T04:50:14.268411,midterm,1
336,Mathematics,26.900174708395205,100,26.900174708395205,2026-02-11T04:50:14.268411,midterm,2
336,Science,51.804916276273225,100,51.804916276273225,2026-02-11T04:50:14.268411,midterm,2
336,English,46.571538936554646,100,46.571538936554646,2026-02-11T04:50:14.268411,midterm,2
336,Social Studies,44.64588224086435,100,44.64588224086435,2026-02-11T04:50:14.268411,midterm,2
336,Hindi,46.418875080408235,100,46.418875080408235,2026-02-11T04:50:14.268411,midterm,2
336,Mathematics,63.20515167452434,100,63.20515167452434,2025-12-17T04:50:14.268411,final,3
336,Science,61.11248161906095,100,61.11248161906095,2025-12-17T04:50:14.268411,final,3
336,English,32.39437923866687,100,32.39437923866687,2025-12-17T04:50:14.268411,final,3
336,Social Studies,55.50038259681135,100,55.50038259681135,2025-12-17T04:50:14.268411,final,3
336,Hindi,43.09321456628883,100,43.09321456628883,2025-12-17T04:50:14.268411,final,3
337,Mathematics,63.26143428046318,100,63.26143428046318,2025-10-02T04:50:14.268411,midterm,1
337,Science,41.3477678026524,100,41.3477678026524,2025-10-02T04:50:14.268411,midterm,1
337,English,56.566618465203724,100,56.566618465203724,2025-10-02T04:50:14.268411,midterm,1
337,Social Studies,50.14224021572004,100,50.14224021572004,2025-10-02T04:50:14.268411,midterm,1
337,Hindi,66.55106426801878,100,66.55106426801878,2025-10-02T04:50:14.268411,midterm,1
337,Mathematics,68.98128112311373,100,68.98128112311373,2025-11-22T04:50:14.269412,midterm,2
337,Science,37.52561260892257,100,37.52561260892257,2025-11-22T04:50:14.269412,midterm,2
337,English,58.050127479042985,100,58.050127479042985,2025-11-22T04:50:14.269412,midterm,2
337,Social Studies,69.4890911670282,100,69.4890911670282,2025-11-22T04:50:14.269412,midterm,2
337,Hindi,56.403686495951234,100,56.403686495951234,2025-11-22T04:50:14.269412,midterm,2
337,Mathematics,65.56111256910933,100,65.56111256910933,2026-02-23T04:50:14.269412,final,3
337,Science,61.78213079535653,100,61.78213079535653,2026-02-23T04:50:14.269412,final,3
337,English,61.68707843861195,100,61.68707843861195,2026-02-23T04:50:14.269412,final,3
337,Social Studies,55.55732633840271,100,55.55732633840271,2026-02-23T04:50:14.269412,final,3
337,Hindi,46.10466807772859,100,46.10466807772859,2026-02-23T04:50:14.269412,final,3
338,Mathematics,52.8999463997522,100,52.8999463997522,2026-01-31T04:50:14.269412,midterm,1
338,Science,71.20877301855565,100,71.20877301855565,2026-01-31T04:50:14.269412,midterm,1
338,English,64.30983042919131,100,64.30983042919131,2026-01-31T04:50:14.269412,midterm,1
338,Social Studies,62.73012542793023,100,62.73012542793023,2026-01-31T04:50:14.269412,midterm,1
338,Hindi,59.87634745077895,100,59.87634745077895,2026-01-31T04:50:14.269412,midterm,1
338,Mathematics,61.06335941919496,100,61.06335941919496,2026-01-28T04:50:14.269412,midterm,2
338,Science,74.58436581888387,100,74.58436581888387,2026-01-28T04:50:14.269412,midterm,2
338,English,60.76280705532221,100,60.76280705532221,2026-01-28T04:50:14.269412,midterm,2
338,Social Studies,50.70460074098679,100,50.70460074098679,2026-01-28T04:50:14.269412,midterm,2
338,Hindi,71.55176562940422,100,71.55176562940422,2026-01-28T04:50:14.269412,midterm,2
338,Mathematics,62.066481235355305,100,62.066481235355305,2025-10-24T04:50:14.269412,final,3
338,Science,64.42920652933024,100,64.42920652933024,2025-10-24T04:50:14.269412,final,3
338,English,80.19103093799758,100,80.19103093799758,2025-10-24T04:50:14.269412,final,3
338,Social Studies,63.9096423004974,100,63.9096423004974,2025-10-24T04:50:14.269412,final,3
338,Hindi,67.00708460518973,100,67.00708460518973,2025-10-24T04:50:14.269412,final,3
339,Mathematics,24.80134200786398,100,24.80134200786398,2025-11-07T04:50:14.269412,midterm,1
339,Science,34.393882397337634,100,34.393882397337634,2025-11-07T04:50:14.269412,midterm,1
339,English,42.68583737293324,100,42.68583737293324,2025-11-07T04:50:14.269412,midterm,1
339,Social Studies,21.03683958243481,100,21.03683958243481,2025-11-07T04:50:14.269412,midterm,1
339,Hindi,38.599027852004326,100,38.599027852004326,2025-11-07T04:50:14.269412,midterm,1
339,Mathematics,37.59848764729529,100,37.59848764729529,2026-01-14T04:50:14.269412,midterm,2
339,Science,37.00345147672163,100,37.00345147672163,2026-01-14T04:50:14.269412,midterm,2
339,English,46.962165907429664,100,46.962165907429664,2026-01-14T04:50:14.269412,midterm,2
339,Social Studies,39.93496206933245,100,39.93496206933245,2026-01-14T04:50:14.269412,midterm,2
339,Hindi,51.371295904411674,100,51.371295904411674,2026-01-14T04:50:14.269412,midterm,2
339,Mathematics,26.654681764906872,100,26.654681764906872,2026-01-22T04:50:14.269412,final,3
339,Science,37.94982259303071,100,37.94982259303071,2026-01-22T04:50:14.269412,final,3
339,English,37.43524478474671,100,37.43524478474671,2026-01-22T04:50:14.269412,final,3
339,Social Studies,25.898031983296434,100,25.898031983296434,2026-01-22T04:50:14.269412,final,3
339,Hindi,46.153526941760695,100,46.153526941760695,2026-01-22T04:50:14.269412,final,3
340,Mathematics,81.08082482117103,100,81.08082482117103,2026-01-22T04:50:14.269412,midterm,1
340,Science,57.66403101780454,100,57.66403101780454,2026-01-22T04:50:14.269412,midterm,1
340,English,62.884302645380515,100,62.884302645380515,2026-01-22T04:50:14.269412,midterm,1
340,Social Studies,58.67927652079612,100,58.67927652079612,2026-01-22T04:50:14.269412,midterm,1
340,Hindi,50.69824506357109,100,50.69824506357109,2026-01-22T04:50:14.269412,midterm,1
340,Mathematics,39.62648898462268,100,39.62648898462268,2026-01-12T04:50:14.269412,midterm,2
340,Science,50.7763569316892,100,50.7763569316892,2026-01-12T04:50:14.269412,midterm,2
340,English,43.914507953125536,100,43.914507953125536,2026-01-12T04:50:14.269412,midterm,2
340,Social Studies,74.87511254323402,100,74.87511254323402,2026-01-12T04:50:14.269412,midterm,2
340,Hindi,56.68299482341046,100,56.68299482341046,2026-01-12T04:50:14.269412,midterm,2
340,Mathematics,54.37489847217114,100,54.37489847217114,2026-01-22T04:50:14.269412,final,3
340,Science,66.72563001052092,100,66.72563001052092,2026-01-22T04:50:14.269412,final,3
340,English,46.61658073408397,100,46.61658073408397,2026-01-22T04:50:14.269412,final,3
340,Social Studies,50.165451382597325,100,50.165451382597325,2026-01-22T04:50:14.269412,final,3
340,Hindi,58.51481445512906,100,58.51481445512906,2026-01-22T04:50:14.269412,final,3
341,Mathematics,79.23359220177407,100,79.23359220177407,2026-02-05T04:50:14.269412,midterm,1
341,Science,73.96275273922716,100,73.96275273922716,2026-02-05T04:50:14.269412,midterm,1
341,English,71.4291537126981,100,71.4291537126981,2026-02-05T04:50:14.269412,midterm,1
341,Social Studies,69.72707963989943,100,69.72707963989943,2026-02-05T04:50:14.269412,midterm,1
341,Hindi,72.94826084280702,100,72.94826084280702,2026-02-05T04:50:14.269412,midterm,1
341,Mathematics,70.96243133883182,100,70.96243133883182,2026-01-25T04:50:14.269412,midterm,2
341,Science,58.64617953976991,100,58.64617953976991,2026-01-25T04:50:14.269412,midterm,2
341,English,69.40669450387078,100,69.40669450387078,2026-01-25T04:50:14.269412,midterm,2
341,Social Studies,58.20901569836174,100,58.20901569836174,2026-01-25T04:50:14.269412,midterm,2
341,Hindi,69.7567277165475,100,69.7567277165475,2026-01-25T04:50:14.269412,midterm,2
341,Mathematics,64.13942287265685,100,64.13942287265685,2026-01-26T04:50:14.269412,final,3
341,Science,94.33971851536788,100,94.33971851536788,2026-01-26T04:50:14.269412,final,3
341,English,68.54695845002215,100,68.54695845002215,2026-01-26T04:50:14.269412,final,3
341,Social Studies,54.90350662492338,100,54.90350662492338,2026-01-26T04:50:14.269412,final,3
341,Hindi,67.60410018077002,100,67.60410018077002,2026-01-26T04:50:14.269412,final,3
342,Mathematics,54.85462232243462,100,54.85462232243462,2026-01-30T04:50:14.269412,midterm,1
342,Science,66.39467432758099,100,66.39467432758099,2026-01-30T04:50:14.269412,midterm,1
342,English,43.76651086666856,100,43.76651086666856,2026-01-30T04:50:14.269412,midterm,1
342,Social Studies,33.836755125819344,100,33.836755125819344,2026-01-30T04:50:14.269412,midterm,1
342,Hindi,57.82940498036555,100,57.82940498036555,2026-01-30T04:50:14.269412,midterm,1
342,Mathematics,35.855047807059236,100,35.855047807059236,2025-11-10T04:50:14.269412,midterm,2
342,Science,45.299480450980894,100,45.299480450980894,2025-11-10T04:50:14.269412,midterm,2
342,English,47.0848300109458,100,47.0848300109458,2025-11-10T04:50:14.269412,midterm,2
342,Social Studies,48.964700333054665,100,48.964700333054665,2025-11-10T04:50:14.269412,midterm,2
342,Hindi,56.552679436799096,100,56.552679436799096,2025-11-10T04:50:14.269412,midterm,2
342,Mathematics,42.82469204319187,100,42.82469204319187,2026-02-09T04:50:14.269412,final,3
342,Science,46.92374234438814,100,46.92374234438814,2026-02-09T04:50:14.269412,final,3
342,English,49.51833133656186,100,49.51833133656186,2026-02-09T04:50:14.269412,final,3
342,Social Studies,51.157014441243625,100,51.157014441243625,2026-02-09T04:50:14.269412,final,3
342,Hindi,50.63930661313497,100,50.63930661313497,2026-02-09T04:50:14.269412,final,3
343,Mathematics,83.31831966207741,100,83.31831966207741,2026-02-09T04:50:14.269412,midterm,1
343,Science,87.39665700626898,100,87.39665700626898,2026-02-09T04:50:14.269412,midterm,1
343,English,82.8846030663613,100,82.8846030663613,2026-02-09T04:50:14.269412,midterm,1
343,Social Studies,83.4941171449438,100,83.4941171449438,2026-02-09T04:50:14.269412,midterm,1
343,Hindi,63.13603024238684,100,63.13603024238684,2026-02-09T04:50:14.269412,midterm,1
343,Mathematics,79.46053890150841,100,79.46053890150841,2026-02-13T04:50:14.269412,midterm,2
343,Science,83.7533373898677,100,83.7533373898677,2026-02-13T04:50:14.269412,midterm,2
343,English,86.24767385555612,100,86.24767385555612,2026-02-13T04:50:14.269412,midterm,2
343,Social Studies,72.03475416751367,100,72.03475416751367,2026-02-13T04:50:14.269412,midterm,2
343,Hindi,72.36786916096517,100,72.36786916096517,2026-02-13T04:50:14.269412,midterm,2
343,Mathematics,73.21725515701563,100,73.21725515701563,2026-03-11T04:50:14.269412,final,3
343,Science,84.32240090876505,100,84.32240090876505,2026-03-11T04:50:14.269412,final,3
343,English,89.2970724590937,100,89.2970724590937,2026-03-11T04:50:14.269412,final,3
343,Social Studies,74.8836608369356,100,74.8836608369356,2026-03-11T04:50:14.269412,final,3
343,Hindi,88.0378850461221,100,88.0378850461221,2026-03-11T04:50:14.269412,final,3
344,Mathematics,34.91860244915042,100,34.91860244915042,2025-09-29T04:50:14.269412,midterm,1
344,Science,32.44094658588011,100,32.44094658588011,2025-09-29T04:50:14.269412,midterm,1
344,English,31.569962059324787,100,31.569962059324787,2025-09-29T04:50:14.269412,midterm,1
344,Social Studies,41.14991800352605,100,41.14991800352605,2025-09-29T04:50:14.269412,midterm,1
344,Hindi,36.93958252537518,100,36.93958252537518,2025-09-29T04:50:14.269412,midterm,1
344,Mathematics,56.44205863398085,100,56.44205863398085,2025-11-11T04:50:14.269412,midterm,2
344,Science,25.161557927531234,100,25.161557927531234,2025-11-11T04:50:14.269412,midterm,2
344,English,38.86482137780423,100,38.86482137780423,2025-11-11T04:50:14.269412,midterm,2
344,Social Studies,28.39179425938935,100,28.39179425938935,2025-11-11T04:50:14.269412,midterm,2
344,Hindi,24.99093448761804,100,24.99093448761804,2025-11-11T04:50:14.269412,midterm,2
344,Mathematics,33.57513298715476,100,33.57513298715476,2026-02-14T04:50:14.269412,final,3
344,Science,35.05732915157484,100,35.05732915157484,2026-02-14T04:50:14.269412,final,3
344,English,62.865539908105404,100,62.865539908105404,2026-02-14T04:50:14.269412,final,3
344,Social Studies,31.842346200672456,100,31.842346200672456,2026-02-14T04:50:14.269412,final,3
344,Hindi,22.382017062657646,100,22.382017062657646,2026-02-14T04:50:14.269412,final,3
345,Mathematics,77.43040665532769,100,77.43040665532769,2025-10-12T04:50:14.269412,midterm,1
345,Science,53.953899104920154,100,53.953899104920154,2025-10-12T04:50:14.269412,midterm,1
345,English,73.78073165434118,100,73.78073165434118,2025-10-12T04:50:14.269412,midterm,1
345,Social Studies,74.86055230333544,100,74.86055230333544,2025-10-12T04:50:14.269412,midterm,1
345,Hindi,82.64630330983594,100,82.64630330983594,2025-10-12T04:50:14.269412,midterm,1
345,Mathematics,84.4365219746623,100,84.4365219746623,2026-02-17T04:50:14.269412,midterm,2
345,Science,69.66460329130666,100,69.66460329130666,2026-02-17T04:50:14.269412,midterm,2
345,English,73.1941593340845,100,73.1941593340845,2026-02-17T04:50:14.269412,midterm,2
345,Social Studies,67.03909117427712,100,67.03909117427712,2026-02-17T04:50:14.269412,midterm,2
345,Hindi,63.41967393230689,100,63.41967393230689,2026-02-17T04:50:14.269412,midterm,2
345,Mathematics,77.79924727419018,100,77.79924727419018,2025-11-14T04:50:14.269412,final,3
345,Science,61.96444399441784,100,61.96444399441784,2025-11-14T04:50:14.269412,final,3
345,English,70.5540304746652,100,70.5540304746652,2025-11-14T04:50:14.269412,final,3
345,Social Studies,64.74855988139146,100,64.74855988139146,2025-11-14T04:50:14.269412,final,3
345,Hindi,80.19713134328643,100,80.19713134328643,2025-11-14T04:50:14.269412,final,3
346,Mathematics,49.57036010143632,100,49.57036010143632,2025-11-08T04:50:14.269412,midterm,1
346,Science,18.540179280738126,100,18.540179280738126,2025-11-08T04:50:14.269412,midterm,1
346,English,13.025874279795747,100,13.025874279795747,2025-11-08T04:50:14.269412,midterm,1
346,Social Studies,30.307190255270765,100,30.307190255270765,2025-11-08T04:50:14.269412,midterm,1
346,Hindi,31.713037068349024,100,31.713037068349024,2025-11-08T04:50:14.269412,midterm,1
346,Mathematics,33.742652176344414,100,33.742652176344414,2025-10-05T04:50:14.269412,midterm,2
346,Science,27.09285395642799,100,27.09285395642799,2025-10-05T04:50:14.269412,midterm,2
346,English,29.54966612051712,100,29.54966612051712,2025-10-05T04:50:14.269412,midterm,2
346,Social Studies,35.231163214177464,100,35.231163214177464,2025-10-05T04:50:14.269412,midterm,2
346,Hindi,41.96036803521983,100,41.96036803521983,2025-10-05T04:50:14.269412,midterm,2
346,Mathematics,12.005571405588611,100,12.005571405588611,2025-12-06T04:50:14.269412,final,3
346,Science,27.866664718456818,100,27.866664718456818,2025-12-06T04:50:14.269412,final,3
346,English,33.694147048182074,100,33.694147048182074,2025-12-06T04:50:14.269412,final,3
346,Social Studies,22.37629806266408,100,22.37629806266408,2025-12-06T04:50:14.269412,final,3
346,Hindi,48.86775542644443,100,48.86775542644443,2025-12-06T04:50:14.269412,final,3
347,Mathematics,72.37074192660687,100,72.37074192660687,2025-09-29T04:50:14.269412,midterm,1
347,Science,78.31191385882141,100,78.31191385882141,2025-09-29T04:50:14.269412,midterm,1
347,English,84.28506169731715,100,84.28506169731715,2025-09-29T04:50:14.269412,midterm,1
347,Social Studies,72.81199284087529,100,72.81199284087529,2025-09-29T04:50:14.269412,midterm,1
347,Hindi,60.259110250850064,100,60.259110250850064,2025-09-29T04:50:14.269412,midterm,1
347,Mathematics,74.4382954597289,100,74.4382954597289,2026-01-12T04:50:14.269412,midterm,2
347,Science,89.01924628816464,100,89.01924628816464,2026-01-12T04:50:14.269412,midterm,2
347,English,75.35588946104285,100,75.35588946104285,2026-01-12T04:50:14.269412,midterm,2
347,Social Studies,70.26049771430445,100,70.26049771430445,2026-01-12T04:50:14.269412,midterm,2
347,Hindi,87.98156282392145,100,87.98156282392145,2026-01-12T04:50:14.269412,midterm,2
347,Mathematics,75.41709176866371,100,75.41709176866371,2025-11-22T04:50:14.269412,final,3
347,Science,73.62323259239206,100,73.62323259239206,2025-11-22T04:50:14.269412,final,3
347,English,80.21940162552733,100,80.21940162552733,2025-11-22T04:50:14.269412,final,3
347,Social Studies,86.43234282508212,100,86.43234282508212,2025-11-22T04:50:14.269412,final,3
347,Hindi,100.0,100,100.0,2025-11-22T04:50:14.269412,final,3
348,Mathematics,74.6956527806121,100,74.6956527806121,2026-03-06T04:50:14.269412,midterm,1
348,Science,78.0216913679213,100,78.0216913679213,2026-03-06T04:50:14.269412,midterm,1
348,English,61.36362971415931,100,61.36362971415931,2026-03-06T04:50:14.269412,midterm,1
348,Social Studies,56.1646106443431,100,56.1646106443431,2026-03-06T04:50:14.269412,midterm,1
348,Hindi,67.0466052002291,100,67.0466052002291,2026-03-06T04:50:14.269412,midterm,1
348,Mathematics,67.49499085663383,100,67.49499085663383,2026-02-06T04:50:14.269412,midterm,2
348,Science,55.63816429039189,100,55.63816429039189,2026-02-06T04:50:14.269412,midterm,2
348,English,64.67034640499773,100,64.67034640499773,2026-02-06T04:50:14.269412,midterm,2
348,Social Studies,70.41646772122917,100,70.41646772122917,2026-02-06T04:50:14.269412,midterm,2
348,Hindi,70.02722565421867,100,70.02722565421867,2026-02-06T04:50:14.269412,midterm,2
348,Mathematics,71.46617023788059,100,71.46617023788059,2025-10-28T04:50:14.269412,final,3
348,Science,69.3329390054123,100,69.3329390054123,2025-10-28T04:50:14.269412,final,3
348,English,61.35320511133731,100,61.35320511133731,2025-10-28T04:50:14.269412,final,3
348,Social Studies,61.284285437549435,100,61.284285437549435,2025-10-28T04:50:14.269412,final,3
348,Hindi,54.4337777240991,100,54.4337777240991,2025-10-28T04:50:14.269412,final,3
349,Mathematics,95.07209850162184,100,95.07209850162184,2025-10-12T04:50:14.269412,midterm,1
349,Science,77.35885175596381,100,77.35885175596381,2025-10-12T04:50:14.269412,midterm,1
349,English,74.97581755182237,100,74.97581755182237,2025-10-12T04:50:14.269412,midterm,1
349,Social Studies,67.9364272952463,100,67.9364272952463,2025-10-12T04:50:14.269412,midterm,1
349,Hindi,100.0,100,100.0,2025-10-12T04:50:14.269412,midterm,1
349,Mathematics,66.49106778754194,100,66.49106778754194,2025-11-07T04:50:14.269412,midterm,2
349,Science,72.93586885371015,100,72.93586885371015,2025-11-07T04:50:14.269412,midterm,2
349,English,81.38271647263149,100,81.38271647263149,2025-11-07T04:50:14.269412,midterm,2
349,Social Studies,83.22647776721367,100,83.22647776721367,2025-11-07T04:50:14.269412,midterm,2
349,Hindi,86.80366866192773,100,86.80366866192773,2025-11-07T04:50:14.269412,midterm,2
349,Mathematics,95.30043318746351,100,95.30043318746351,2025-11-13T04:50:14.269412,final,3
349,Science,82.28592466437802,100,82.28592466437802,2025-11-13T04:50:14.269412,final,3
349,English,66.66404011010421,100,66.66404011010421,2025-11-13T04:50:14.269412,final,3
349,Social Studies,74.65489685855307,100,74.65489685855307,2025-11-13T04:50:14.269412,final,3
349,Hindi,80.30267183490973,100,80.30267183490973,2025-11-13T04:50:14.269412,final,3
350,Mathematics,82.12334716384359,100,82.12334716384359,2025-11-08T04:50:14.269412,midterm,1
350,Science,47.46303196454238,100,47.46303196454238,2025-11-08T04:50:14.269412,midterm,1
350,English,73.46685180103762,100,73.46685180103762,2025-11-08T04:50:14.269412,midterm,1
350,Social Studies,63.24023044424952,100,63.24023044424952,2025-11-08T04:50:14.269412,midterm,1
350,Hindi,69.81939210108015,100,69.81939210108015,2025-11-08T04:50:14.269412,midterm,1
350,Mathematics,60.42113958242603,100,60.42113958242603,2025-09-29T04:50:14.269412,midterm,2
350,Science,53.01676044752209,100,53.01676044752209,2025-09-29T04:50:14.269412,midterm,2
350,English,68.94981454279868,100,68.94981454279868,2025-09-29T04:50:14.269412,midterm,2
350,Social Studies,67.98539701984157,100,67.98539701984157,2025-09-29T04:50:14.269412,midterm,2
350,Hindi,71.16165640618257,100,71.16165640618257,2025-09-29T04:50:14.269412,midterm,2
350,Mathematics,61.308040394999,100,61.308040394999,2025-11-28T04:50:14.269412,final,3
350,Science,55.44286651558686,100,55.44286651558686,2025-11-28T04:50:14.269412,final,3
350,English,45.85321679854694,100,45.85321679854694,2025-11-28T04:50:14.269412,final,3
350,Social Studies,69.63481943017942,100,69.63481943017942,2025-11-28T04:50:14.269412,final,3
350,Hindi,65.6799815732252,100,65.6799815732252,2025-11-28T04:50:14.269412,final,3
351,Mathematics,50.90447661529671,100,50.90447661529671,2026-02-27T04:50:14.269412,midterm,1
351,Science,55.17656621097006,100,55.17656621097006,2026-02-27T04:50:14.269412,midterm,1
351,English,55.8947148244219,100,55.8947148244219,2026-02-27T04:50:14.269412,midterm,1
351,Social Studies,45.73245862411212,100,45.73245862411212,2026-02-27T04:50:14.269412,midterm,1
351,Hindi,52.385478977884965,100,52.385478977884965,2026-02-27T04:50:14.269412,midterm,1
351,Mathematics,49.223999375872765,100,49.223999375872765,2025-12-17T04:50:14.269412,midterm,2
351,Science,56.437512825056935,100,56.437512825056935,2025-12-17T04:50:14.269412,midterm,2
351,English,53.17532796064067,100,53.17532796064067,2025-12-17T04:50:14.269412,midterm,2
351,Social Studies,44.292253735268815,100,44.292253735268815,2025-12-17T04:50:14.269412,midterm,2
351,Hindi,80.78820524963112,100,80.78820524963112,2025-12-17T04:50:14.269412,midterm,2
351,Mathematics,73.08771025422861,100,73.08771025422861,2025-11-22T04:50:14.269412,final,3
351,Science,52.77210872873645,100,52.77210872873645,2025-11-22T04:50:14.269412,final,3
351,English,63.2865169104724,100,63.2865169104724,2025-11-22T04:50:14.269412,final,3
351,Social Studies,64.73695384214925,100,64.73695384214925,2025-11-22T04:50:14.269412,final,3
351,Hindi,72.47316149167108,100,72.47316149167108,2025-11-22T04:50:14.269412,final,3
352,Mathematics,83.12884350085285,100,83.12884350085285,2025-11-05T04:50:14.269412,midterm,1
352,Science,100.0,100,100.0,2025-11-05T04:50:14.269412,midterm,1
352,English,85.83584072538429,100,85.83584072538429,2025-11-05T04:50:14.269412,midterm,1
352,Social Studies,77.9562697257675,100,77.9562697257675,2025-11-05T04:50:14.269412,midterm,1
352,Hindi,98.55625936059862,100,98.55625936059862,2025-11-05T04:50:14.269412,midterm,1
352,Mathematics,100.0,100,100.0,2025-12-19T04:50:14.269412,midterm,2
352,Science,100.0,100,100.0,2025-12-19T04:50:14.269412,midterm,2
352,English,79.3176411165515,100,79.3176411165515,2025-12-19T04:50:14.269412,midterm,2
352,Social Studies,98.30409061826153,100,98.30409061826153,2025-12-19T04:50:14.269412,midterm,2
352,Hindi,87.21688132951832,100,87.21688132951832,2025-12-19T04:50:14.269412,midterm,2
352,Mathematics,99.14848087269395,100,99.14848087269395,2026-01-11T04:50:14.269412,final,3
352,Science,76.60999825514114,100,76.60999825514114,2026-01-11T04:50:14.269412,final,3
352,English,78.687196010468,100,78.687196010468,2026-01-11T04:50:14.269412,final,3
352,Social Studies,83.5561455357888,100,83.5561455357888,2026-01-11T04:50:14.269412,final,3
352,Hindi,92.10453422413448,100,92.10453422413448,2026-01-11T04:50:14.269412,final,3
353,Mathematics,65.09271900275138,100,65.09271900275138,2025-12-07T04:50:14.269412,midterm,1
353,Science,78.09407510726913,100,78.09407510726913,2025-12-07T04:50:14.269412,midterm,1
353,English,81.77247785071408,100,81.77247785071408,2025-12-07T04:50:14.269412,midterm,1
353,Social Studies,77.4993070805885,100,77.4993070805885,2025-12-07T04:50:14.269412,midterm,1
353,Hindi,87.69140806474363,100,87.69140806474363,2025-12-07T04:50:14.269412,midterm,1
353,Mathematics,75.66179796268837,100,75.66179796268837,2026-02-06T04:50:14.269412,midterm,2
353,Science,59.33456456473327,100,59.33456456473327,2026-02-06T04:50:14.269412,midterm,2
353,English,85.13729680351834,100,85.13729680351834,2026-02-06T04:50:14.269412,midterm,2
353,Social Studies,65.45196931207497,100,65.45196931207497,2026-02-06T04:50:14.269412,midterm,2
353,Hindi,80.60771666499065,100,80.60771666499065,2026-02-06T04:50:14.269412,midterm,2
353,Mathematics,87.24087383368601,100,87.24087383368601,2025-11-06T04:50:14.269412,final,3
353,Science,76.07041177543893,100,76.07041177543893,2025-11-06T04:50:14.269412,final,3
353,English,56.541943536488446,100,56.541943536488446,2025-11-06T04:50:14.269412,final,3
353,Social Studies,62.32141000303702,100,62.32141000303702,2025-11-06T04:50:14.269412,final,3
353,Hindi,84.73097633698629,100,84.73097633698629,2025-11-06T04:50:14.269412,final,3
354,Mathematics,47.11463817087044,100,47.11463817087044,2026-03-11T04:50:14.269412,midterm,1
354,Science,49.60160037672027,100,49.60160037672027,2026-03-11T04:50:14.269412,midterm,1
354,English,56.3941091889347,100,56.3941091889347,2026-03-11T04:50:14.269412,midterm,1
354,Social Studies,55.769093648101844,100,55.769093648101844,2026-03-11T04:50:14.269412,midterm,1
354,Hindi,51.593863151153215,100,51.593863151153215,2026-03-11T04:50:14.269412,midterm,1
354,Mathematics,46.71918131509395,100,46.71918131509395,2026-01-21T04:50:14.269412,midterm,2
354,Science,45.67918056997504,100,45.67918056997504,2026-01-21T04:50:14.269412,midterm,2
354,English,57.38485328021204,100,57.38485328021204,2026-01-21T04:50:14.269412,midterm,2
354,Social Studies,54.34156033797654,100,54.34156033797654,2026-01-21T04:50:14.269412,midterm,2
354,Hindi,46.23286502112071,100,46.23286502112071,2026-01-21T04:50:14.269412,midterm,2
354,Mathematics,59.626988157230016,100,59.626988157230016,2025-12-03T04:50:14.269412,final,3
354,Science,47.51552387600077,100,47.51552387600077,2025-12-03T04:50:14.269412,final,3
354,English,40.289243283954676,100,40.289243283954676,2025-12-03T04:50:14.269412,final,3
354,Social Studies,41.216158038265164,100,41.216158038265164,2025-12-03T04:50:14.269412,final,3
354,Hindi,39.01845666420095,100,39.01845666420095,2025-12-03T04:50:14.269412,final,3
355,Mathematics,41.15796462453318,100,41.15796462453318,2025-12-14T04:50:14.269412,midterm,1
355,Science,56.21930757393198,100,56.21930757393198,2025-12-14T04:50:14.269412,midterm,1
355,English,35.83111298026496,100,35.83111298026496,2025-12-14T04:50:14.269412,midterm,1
355,Social Studies,45.766822400751074,100,45.766822400751074,2025-12-14T04:50:14.269412,midterm,1
355,Hindi,37.31517133429592,100,37.31517133429592,2025-12-14T04:50:14.269412,midterm,1
355,Mathematics,41.278974377855675,100,41.278974377855675,2026-01-20T04:50:14.269412,midterm,2
355,Science,28.781652670717527,100,28.781652670717527,2026-01-20T04:50:14.269412,midterm,2
355,English,41.67668249900468,100,41.67668249900468,2026-01-20T04:50:14.269412,midterm,2
355,Social Studies,41.94501099252043,100,41.94501099252043,2026-01-20T04:50:14.269412,midterm,2
355,Hindi,49.284944230927,100,49.284944230927,2026-01-20T04:50:14.269412,midterm,2
355,Mathematics,46.11487392312375,100,46.11487392312375,2026-01-24T04:50:14.269412,final,3
355,Science,31.898143541049595,100,31.898143541049595,2026-01-24T04:50:14.269412,final,3
355,English,54.72404723100547,100,54.72404723100547,2026-01-24T04:50:14.269412,final,3
355,Social Studies,45.98509519279,100,45.98509519279,2026-01-24T04:50:14.269412,final,3
355,Hindi,45.865999962344915,100,45.865999962344915,2026-01-24T04:50:14.269412,final,3
356,Mathematics,49.159005486273436,100,49.159005486273436,2025-10-19T04:50:14.269412,midterm,1
356,Science,44.07325454790263,100,44.07325454790263,2025-10-19T04:50:14.269412,midterm,1
356,English,51.428852417612084,100,51.428852417612084,2025-10-19T04:50:14.269412,midterm,1
356,Social Studies,54.00671337941065,100,54.00671337941065,2025-10-19T04:50:14.269412,midterm,1
356,Hindi,31.781872106669276,100,31.781872106669276,2025-10-19T04:50:14.269412,midterm,1
356,Mathematics,43.86322064666387,100,43.86322064666387,2026-01-04T04:50:14.270413,midterm,2
356,Science,46.70135931608893,100,46.70135931608893,2026-01-04T04:50:14.270413,midterm,2
356,English,51.81253507706761,100,51.81253507706761,2026-01-04T04:50:14.270413,midterm,2
356,Social Studies,61.18393907939608,100,61.18393907939608,2026-01-04T04:50:14.270413,midterm,2
356,Hindi,41.533420874157,100,41.533420874157,2026-01-04T04:50:14.270413,midterm,2
356,Mathematics,44.2712105519464,100,44.2712105519464,2025-12-20T04:50:14.270413,final,3
356,Science,44.12548791365933,100,44.12548791365933,2025-12-20T04:50:14.270413,final,3
356,English,41.23555311907941,100,41.23555311907941,2025-12-20T04:50:14.270413,final,3
356,Social Studies,45.7789640690022,100,45.7789640690022,2025-12-20T04:50:14.270413,final,3
356,Hindi,56.95885122000454,100,56.95885122000454,2025-12-20T04:50:14.270413,final,3
357,Mathematics,49.226989923888276,100,49.226989923888276,2026-02-15T04:50:14.270413,midterm,1
357,Science,64.04348882906076,100,64.04348882906076,2026-02-15T04:50:14.270413,midterm,1
357,English,42.74632257734838,100,42.74632257734838,2026-02-15T04:50:14.270413,midterm,1
357,Social Studies,54.15196491310967,100,54.15196491310967,2026-02-15T04:50:14.270413,midterm,1
357,Hindi,56.47045187535187,100,56.47045187535187,2026-02-15T04:50:14.270413,midterm,1
357,Mathematics,76.51394160667238,100,76.51394160667238,2025-12-03T04:50:14.270413,midterm,2
357,Science,57.01732183000485,100,57.01732183000485,2025-12-03T04:50:14.270413,midterm,2
357,English,37.75291014302255,100,37.75291014302255,2025-12-03T04:50:14.270413,midterm,2
357,Social Studies,39.77645580891924,100,39.77645580891924,2025-12-03T04:50:14.270413,midterm,2
357,Hindi,60.10564074099854,100,60.10564074099854,2025-12-03T04:50:14.270413,midterm,2
357,Mathematics,65.90305343543082,100,65.90305343543082,2026-01-22T04:50:14.270413,final,3
357,Science,63.51990345380426,100,63.51990345380426,2026-01-22T04:50:14.270413,final,3
357,English,61.44104593554164,100,61.44104593554164,2026-01-22T04:50:14.270413,final,3
357,Social Studies,71.3879408525884,100,71.3879408525884,2026-01-22T04:50:14.270413,final,3
357,Hindi,54.369432670160414,100,54.369432670160414,2026-01-22T04:50:14.270413,final,3
358,Mathematics,69.58283478881891,100,69.58283478881891,2026-02-25T04:50:14.270413,midterm,1
358,Science,44.31358037828649,100,44.31358037828649,2026-02-25T04:50:14.270413,midterm,1
358,English,51.58425089917,100,51.58425089917,2026-02-25T04:50:14.270413,midterm,1
358,Social Studies,42.5633152792325,100,42.5633152792325,2026-02-25T04:50:14.270413,midterm,1
358,Hindi,57.88527622185274,100,57.88527622185274,2026-02-25T04:50:14.270413,midterm,1
358,Mathematics,60.17111705588724,100,60.17111705588724,2025-09-27T04:50:14.270413,midterm,2
358,Science,61.77474415081586,100,61.77474415081586,2025-09-27T04:50:14.270413,midterm,2
358,English,61.25256275742201,100,61.25256275742201,2025-09-27T04:50:14.270413,midterm,2
358,Social Studies,51.35819592043338,100,51.35819592043338,2025-09-27T04:50:14.270413,midterm,2
358,Hindi,58.73132078441851,100,58.73132078441851,2025-09-27T04:50:14.270413,midterm,2
358,Mathematics,45.65926254249318,100,45.65926254249318,2026-01-08T04:50:14.270413,final,3
358,Science,74.26601897987317,100,74.26601897987317,2026-01-08T04:50:14.270413,final,3
358,English,57.59746849957065,100,57.59746849957065,2026-01-08T04:50:14.270413,final,3
358,Social Studies,55.74486803811375,100,55.74486803811375,2026-01-08T04:50:14.270413,final,3
358,Hindi,76.5231325129915,100,76.5231325129915,2026-01-08T04:50:14.270413,final,3
359,Mathematics,54.91045507988099,100,54.91045507988099,2025-12-12T04:50:14.270413,midterm,1
359,Science,56.07704927505359,100,56.07704927505359,2025-12-12T04:50:14.270413,midterm,1
359,English,56.370717166687626,100,56.370717166687626,2025-12-12T04:50:14.270413,midterm,1
359,Social Studies,66.65420659837847,100,66.65420659837847,2025-12-12T04:50:14.270413,midterm,1
359,Hindi,71.64923671174925,100,71.64923671174925,2025-12-12T04:50:14.270413,midterm,1
359,Mathematics,74.72967509655162,100,74.72967509655162,2026-01-06T04:50:14.270413,midterm,2
359,Science,93.05287359032297,100,93.05287359032297,2026-01-06T04:50:14.270413,midterm,2
359,English,44.83859587336564,100,44.83859587336564,2026-01-06T04:50:14.270413,midterm,2
359,Social Studies,73.42027630661745,100,73.42027630661745,2026-01-06T04:50:14.270413,midterm,2
359,Hindi,61.76161468965097,100,61.76161468965097,2026-01-06T04:50:14.270413,midterm,2
359,Mathematics,61.468768926485545,100,61.468768926485545,2025-11-03T04:50:14.270413,final,3
359,Science,61.1351991328345,100,61.1351991328345,2025-11-03T04:50:14.270413,final,3
359,English,58.24522370729355,100,58.24522370729355,2025-11-03T04:50:14.270413,final,3
359,Social Studies,84.17816876140779,100,84.17816876140779,2025-11-03T04:50:14.270413,final,3
359,Hindi,75.7558936855123,100,75.7558936855123,2025-11-03T04:50:14.270413,final,3
360,Mathematics,43.09407549460011,100,43.09407549460011,2026-01-25T04:50:14.270413,midterm,1
360,Science,56.372273233896365,100,56.372273233896365,2026-01-25T04:50:14.270413,midterm,1
360,English,27.736826056037607,100,27.736826056037607,2026-01-25T04:50:14.270413,midterm,1
360,Social Studies,29.5550643957171,100,29.5550643957171,2026-01-25T04:50:14.270413,midterm,1
360,Hindi,21.082438387079485,100,21.082438387079485,2026-01-25T04:50:14.270413,midterm,1
360,Mathematics,35.867970307793485,100,35.867970307793485,2025-09-30T04:50:14.270413,midterm,2
360,Science,44.479100976073894,100,44.479100976073894,2025-09-30T04:50:14.270413,midterm,2
360,English,43.890701488349706,100,43.890701488349706,2025-09-30T04:50:14.270413,midterm,2
360,Social Studies,44.35553481962517,100,44.35553481962517,2025-09-30T04:50:14.270413,midterm,2
360,Hindi,28.751547398365545,100,28.751547398365545,2025-09-30T04:50:14.270413,midterm,2
360,Mathematics,50.893663135166584,100,50.893663135166584,2025-12-22T04:50:14.270413,final,3
360,Science,45.25839089141634,100,45.25839089141634,2025-12-22T04:50:14.270413,final,3
360,English,50.19265852368635,100,50.19265852368635,2025-12-22T04:50:14.270413,final,3
360,Social Studies,23.934493933125843,100,23.934493933125843,2025-12-22T04:50:14.270413,final,3
360,Hindi,45.97702429700426,100,45.97702429700426,2025-12-22T04:50:14.270413,final,3
361,Mathematics,55.197863759408115,100,55.197863759408115,2026-02-01T04:50:14.270413,midterm,1
361,Science,63.10228363306977,100,63.10228363306977,2026-02-01T04:50:14.270413,midterm,1
361,English,72.41916514494721,100,72.41916514494721,2026-02-01T04:50:14.270413,midterm,1
361,Social Studies,67.98645222114251,100,67.98645222114251,2026-02-01T04:50:14.270413,midterm,1
361,Hindi,58.5601163607902,100,58.5601163607902,2026-02-01T04:50:14.270413,midterm,1
361,Mathematics,67.13824772042757,100,67.13824772042757,2026-01-18T04:50:14.270413,midterm,2
361,Science,51.76016300614695,100,51.76016300614695,2026-01-18T04:50:14.270413,midterm,2
361,English,78.57819011756635,100,78.57819011756635,2026-01-18T04:50:14.270413,midterm,2
361,Social Studies,65.02267596362087,100,65.02267596362087,2026-01-18T04:50:14.270413,midterm,2
361,Hindi,78.26101560113665,100,78.26101560113665,2026-01-18T04:50:14.270413,midterm,2
361,Mathematics,61.81019928762295,100,61.81019928762295,2025-11-23T04:50:14.270413,final,3
361,Science,61.839756274517555,100,61.839756274517555,2025-11-23T04:50:14.270413,final,3
361,English,59.43364829220492,100,59.43364829220492,2025-11-23T04:50:14.270413,final,3
361,Social Studies,75.83725547551414,100,75.83725547551414,2025-11-23T04:50:14.270413,final,3
361,Hindi,59.98120458529863,100,59.98120458529863,2025-11-23T04:50:14.270413,final,3
362,Mathematics,65.51446699678895,100,65.51446699678895,2026-03-09T04:50:14.270413,midterm,1
362,Science,55.24398869594429,100,55.24398869594429,2026-03-09T04:50:14.270413,midterm,1
362,English,39.308879673720995,100,39.308879673720995,2026-03-09T04:50:14.270413,midterm,1
362,Social Studies,53.36537199477253,100,53.36537199477253,2026-03-09T04:50:14.270413,midterm,1
362,Hindi,47.27743052900871,100,47.27743052900871,2026-03-09T04:50:14.270413,midterm,1
362,Mathematics,59.40753990946057,100,59.40753990946057,2025-10-26T04:50:14.270413,midterm,2
362,Science,47.16443531589229,100,47.16443531589229,2025-10-26T04:50:14.270413,midterm,2
362,English,68.32826367978336,100,68.32826367978336,2025-10-26T04:50:14.270413,midterm,2
362,Social Studies,58.15775406910692,100,58.15775406910692,2025-10-26T04:50:14.270413,midterm,2
362,Hindi,57.2925527250498,100,57.2925527250498,2025-10-26T04:50:14.270413,midterm,2
362,Mathematics,65.62743405051302,100,65.62743405051302,2026-01-29T04:50:14.270413,final,3
362,Science,68.70758201339581,100,68.70758201339581,2026-01-29T04:50:14.270413,final,3
362,English,58.86752515494067,100,58.86752515494067,2026-01-29T04:50:14.270413,final,3
362,Social Studies,51.35650967714429,100,51.35650967714429,2026-01-29T04:50:14.270413,final,3
362,Hindi,41.328816511515896,100,41.328816511515896,2026-01-29T04:50:14.270413,final,3
363,Mathematics,29.672039432324777,100,29.672039432324777,2026-01-24T04:50:14.270413,midterm,1
363,Science,30.360414536196963,100,30.360414536196963,2026-01-24T04:50:14.270413,midterm,1
363,English,37.60311153259954,100,37.60311153259954,2026-01-24T04:50:14.270413,midterm,1
363,Social Studies,33.0810681912963,100,33.0810681912963,2026-01-24T04:50:14.270413,midterm,1
363,Hindi,43.411866723190855,100,43.411866723190855,2026-01-24T04:50:14.270413,midterm,1
363,Mathematics,30.402704289969684,100,30.402704289969684,2025-11-19T04:50:14.270413,midterm,2
363,Science,35.96212533414716,100,35.96212533414716,2025-11-19T04:50:14.270413,midterm,2
363,English,48.37241143464547,100,48.37241143464547,2025-11-19T04:50:14.270413,midterm,2
363,Social Studies,39.95078914222624,100,39.95078914222624,2025-11-19T04:50:14.270413,midterm,2
363,Hindi,35.93216158579093,100,35.93216158579093,2025-11-19T04:50:14.270413,midterm,2
363,Mathematics,30.513092583324806,100,30.513092583324806,2026-02-01T04:50:14.270413,final,3
363,Science,30.200223035526804,100,30.200223035526804,2026-02-01T04:50:14.270413,final,3
363,English,28.0264044731571,100,28.0264044731571,2026-02-01T04:50:14.270413,final,3
363,Social Studies,31.122468344847583,100,31.122468344847583,2026-02-01T04:50:14.270413,final,3
363,Hindi,44.08919539011972,100,44.08919539011972,2026-02-01T04:50:14.270413,final,3
364,Mathematics,66.27106805785867,100,66.27106805785867,2025-10-16T04:50:14.270413,midterm,1
364,Science,54.99222007696905,100,54.99222007696905,2025-10-16T04:50:14.270413,midterm,1
364,English,86.1716437013792,100,86.1716437013792,2025-10-16T04:50:14.270413,midterm,1
364,Social Studies,71.68960268223299,100,71.68960268223299,2025-10-16T04:50:14.270413,midterm,1
364,Hindi,54.420516765649666,100,54.420516765649666,2025-10-16T04:50:14.270413,midterm,1
364,Mathematics,64.07146149837313,100,64.07146149837313,2026-01-06T04:50:14.270413,midterm,2
364,Science,69.59881459906555,100,69.59881459906555,2026-01-06T04:50:14.270413,midterm,2
364,English,85.53587170375513,100,85.53587170375513,2026-01-06T04:50:14.270413,midterm,2
364,Social Studies,57.40882618819267,100,57.40882618819267,2026-01-06T04:50:14.270413,midterm,2
364,Hindi,78.25035796434082,100,78.25035796434082,2026-01-06T04:50:14.270413,midterm,2
364,Mathematics,82.4848150405048,100,82.4848150405048,2026-02-09T04:50:14.270413,final,3
364,Science,62.20340772003566,100,62.20340772003566,2026-02-09T04:50:14.270413,final,3
364,English,65.71481458217903,100,65.71481458217903,2026-02-09T04:50:14.270413,final,3
364,Social Studies,58.12685829704366,100,58.12685829704366,2026-02-09T04:50:14.270413,final,3
364,Hindi,66.45533935997831,100,66.45533935997831,2026-02-09T04:50:14.270413,final,3
365,Mathematics,86.55760956702193,100,86.55760956702193,2025-12-04T04:50:14.270413,midterm,1
365,Science,93.52000929127495,100,93.52000929127495,2025-12-04T04:50:14.270413,midterm,1
365,English,97.8253440206557,100,97.8253440206557,2025-12-04T04:50:14.270413,midterm,1
365,Social Studies,79.44254866423476,100,79.44254866423476,2025-12-04T04:50:14.270413,midterm,1
365,Hindi,67.2502586681913,100,67.2502586681913,2025-12-04T04:50:14.270413,midterm,1
365,Mathematics,86.71106151768882,100,86.71106151768882,2026-02-02T04:50:14.270413,midterm,2
365,Science,89.85888461013764,100,89.85888461013764,2026-02-02T04:50:14.270413,midterm,2
365,English,89.41768618730165,100,89.41768618730165,2026-02-02T04:50:14.270413,midterm,2
365,Social Studies,83.6567768353608,100,83.6567768353608,2026-02-02T04:50:14.270413,midterm,2
365,Hindi,88.17103030709058,100,88.17103030709058,2026-02-02T04:50:14.270413,midterm,2
365,Mathematics,100.0,100,100.0,2025-11-17T04:50:14.270413,final,3
365,Science,90.74085100007633,100,90.74085100007633,2025-11-17T04:50:14.270413,final,3
365,English,83.18982506042039,100,83.18982506042039,2025-11-17T04:50:14.270413,final,3
365,Social Studies,81.92153113949128,100,81.92153113949128,2025-11-17T04:50:14.270413,final,3
365,Hindi,85.22498573367393,100,85.22498573367393,2025-11-17T04:50:14.270413,final,3
366,Mathematics,72.8007615202933,100,72.8007615202933,2026-01-28T04:50:14.270413,midterm,1
366,Science,54.60035480672494,100,54.60035480672494,2026-01-28T04:50:14.270413,midterm,1
366,English,56.235418456779826,100,56.235418456779826,2026-01-28T04:50:14.270413,midterm,1
366,Social Studies,51.61022619262388,100,51.61022619262388,2026-01-28T04:50:14.270413,midterm,1
366,Hindi,67.42319547640655,100,67.42319547640655,2026-01-28T04:50:14.270413,midterm,1
366,Mathematics,76.03173444943366,100,76.03173444943366,2025-10-21T04:50:14.270413,midterm,2
366,Science,60.93949239630079,100,60.93949239630079,2025-10-21T04:50:14.270413,midterm,2
366,English,57.26109093984116,100,57.26109093984116,2025-10-21T04:50:14.270413,midterm,2
366,Social Studies,56.80119023372925,100,56.80119023372925,2025-10-21T04:50:14.270413,midterm,2
366,Hindi,32.59029401412945,100,32.59029401412945,2025-10-21T04:50:14.270413,midterm,2
366,Mathematics,63.88487054483508,100,63.88487054483508,2026-03-11T04:50:14.270413,final,3
366,Science,57.77502606194534,100,57.77502606194534,2026-03-11T04:50:14.270413,final,3
366,English,60.716782408594156,100,60.716782408594156,2026-03-11T04:50:14.270413,final,3
366,Social Studies,49.31873996114986,100,49.31873996114986,2026-03-11T04:50:14.270413,final,3
366,Hindi,52.58879311221599,100,52.58879311221599,2026-03-11T04:50:14.270413,final,3
367,Mathematics,70.2603837362113,100,70.2603837362113,2026-01-20T04:50:14.270413,midterm,1
367,Science,84.58686294197342,100,84.58686294197342,2026-01-20T04:50:14.270413,midterm,1
367,English,70.5830347352121,100,70.5830347352121,2026-01-20T04:50:14.270413,midterm,1
367,Social Studies,95.19723632234101,100,95.19723632234101,2026-01-20T04:50:14.270413,midterm,1
367,Hindi,78.6792572913934,100,78.6792572913934,2026-01-20T04:50:14.270413,midterm,1
367,Mathematics,61.613806501285715,100,61.613806501285715,2026-03-06T04:50:14.270413,midterm,2
367,Science,73.08517016872347,100,73.08517016872347,2026-03-06T04:50:14.270413,midterm,2
367,English,67.85388187967888,100,67.85388187967888,2026-03-06T04:50:14.270413,midterm,2
367,Social Studies,52.426808403042784,100,52.426808403042784,2026-03-06T04:50:14.270413,midterm,2
367,Hindi,90.36534250238093,100,90.36534250238093,2026-03-06T04:50:14.270413,midterm,2
367,Mathematics,81.40205852344307,100,81.40205852344307,2025-12-01T04:50:14.270413,final,3
367,Science,79.70270628023616,100,79.70270628023616,2025-12-01T04:50:14.270413,final,3
367,English,76.02466970424007,100,76.02466970424007,2025-12-01T04:50:14.270413,final,3
367,Social Studies,60.55045741431866,100,60.55045741431866,2025-12-01T04:50:14.270413,final,3
367,Hindi,69.53446170568866,100,69.53446170568866,2025-12-01T04:50:14.270413,final,3
368,Mathematics,86.34706904631526,100,86.34706904631526,2026-01-10T04:50:14.270413,midterm,1
368,Science,67.4170610006501,100,67.4170610006501,2026-01-10T04:50:14.270413,midterm,1
368,English,52.61156813596699,100,52.61156813596699,2026-01-10T04:50:14.270413,midterm,1
368,Social Studies,75.65820122066586,100,75.65820122066586,2026-01-10T04:50:14.270413,midterm,1
368,Hindi,76.51168575819975,100,76.51168575819975,2026-01-10T04:50:14.270413,midterm,1
368,Mathematics,79.28489546262222,100,79.28489546262222,2025-11-01T04:50:14.270413,midterm,2
368,Science,85.21444773362049,100,85.21444773362049,2025-11-01T04:50:14.270413,midterm,2
368,English,84.30531942078721,100,84.30531942078721,2025-11-01T04:50:14.270413,midterm,2
368,Social Studies,80.51695935091435,100,80.51695935091435,2025-11-01T04:50:14.270413,midterm,2
368,Hindi,89.88457517934222,100,89.88457517934222,2025-11-01T04:50:14.270413,midterm,2
368,Mathematics,62.73956349034198,100,62.73956349034198,2026-02-23T04:50:14.270413,final,3
368,Science,82.97507944324903,100,82.97507944324903,2026-02-23T04:50:14.270413,final,3
368,English,84.19464493184455,100,84.19464493184455,2026-02-23T04:50:14.270413,final,3
368,Social Studies,65.53363843767274,100,65.53363843767274,2026-02-23T04:50:14.270413,final,3
368,Hindi,62.90055521165123,100,62.90055521165123,2026-02-23T04:50:14.270413,final,3
369,Mathematics,54.634547272855784,100,54.634547272855784,2025-10-24T04:50:14.270413,midterm,1
369,Science,55.47855411245888,100,55.47855411245888,2025-10-24T04:50:14.270413,midterm,1
369,English,69.6281631726361,100,69.6281631726361,2025-10-24T04:50:14.270413,midterm,1
369,Social Studies,55.94858070070085,100,55.94858070070085,2025-10-24T04:50:14.270413,midterm,1
369,Hindi,53.53048335479976,100,53.53048335479976,2025-10-24T04:50:14.270413,midterm,1
369,Mathematics,55.97763117066621,100,55.97763117066621,2026-02-23T04:50:14.270413,midterm,2
369,Science,73.28029187915392,100,73.28029187915392,2026-02-23T04:50:14.270413,midterm,2
369,English,62.22440228138132,100,62.22440228138132,2026-02-23T04:50:14.270413,midterm,2
369,Social Studies,60.30145828404268,100,60.30145828404268,2026-02-23T04:50:14.270413,midterm,2
369,Hindi,60.993913550601285,100,60.993913550601285,2026-02-23T04:50:14.270413,midterm,2
369,Mathematics,75.01457188087703,100,75.01457188087703,2025-11-10T04:50:14.270413,final,3
369,Science,54.602251271579384,100,54.602251271579384,2025-11-10T04:50:14.270413,final,3
369,English,75.24905144701285,100,75.24905144701285,2025-11-10T04:50:14.270413,final,3
369,Social Studies,64.19893152682684,100,64.19893152682684,2025-11-10T04:50:14.270413,final,3
369,Hindi,60.489774717858324,100,60.489774717858324,2025-11-10T04:50:14.270413,final,3
370,Mathematics,100.0,100,100.0,2026-01-18T04:50:14.270413,midterm,1
370,Science,77.90997462168733,100,77.90997462168733,2026-01-18T04:50:14.270413,midterm,1
370,English,84.92951192400324,100,84.92951192400324,2026-01-18T04:50:14.270413,midterm,1
370,Social Studies,76.14205712803329,100,76.14205712803329,2026-01-18T04:50:14.270413,midterm,1
370,Hindi,97.99098922503498,100,97.99098922503498,2026-01-18T04:50:14.270413,midterm,1
370,Mathematics,100.0,100,100.0,2026-02-16T04:50:14.270413,midterm,2
370,Science,100.0,100,100.0,2026-02-16T04:50:14.270413,midterm,2
370,English,100.0,100,100.0,2026-02-16T04:50:14.270413,midterm,2
370,Social Studies,86.49016484171364,100,86.49016484171364,2026-02-16T04:50:14.270413,midterm,2
370,Hindi,84.81395974477483,100,84.81395974477483,2026-02-16T04:50:14.270413,midterm,2
370,Mathematics,71.75467179473264,100,71.75467179473264,2026-01-05T04:50:14.270413,final,3
370,Science,100.0,100,100.0,2026-01-05T04:50:14.270413,final,3
370,English,93.15615030115796,100,93.15615030115796,2026-01-05T04:50:14.270413,final,3
370,Social Studies,83.54680047097847,100,83.54680047097847,2026-01-05T04:50:14.270413,final,3
370,Hindi,100.0,100,100.0,2026-01-05T04:50:14.270413,final,3
371,Mathematics,83.29344392087495,100,83.29344392087495,2026-02-20T04:50:14.270413,midterm,1
371,Science,97.0873094307017,100,97.0873094307017,2026-02-20T04:50:14.270413,midterm,1
371,English,91.2947977455666,100,91.2947977455666,2026-02-20T04:50:14.270413,midterm,1
371,Social Studies,99.40786048727796,100,99.40786048727796,2026-02-20T04:50:14.270413,midterm,1
371,Hindi,92.38535369661373,100,92.38535369661373,2026-02-20T04:50:14.270413,midterm,1
371,Mathematics,78.5118101773627,100,78.5118101773627,2025-11-03T04:50:14.270413,midterm,2
371,Science,93.77685281517533,100,93.77685281517533,2025-11-03T04:50:14.270413,midterm,2
371,English,100.0,100,100.0,2025-11-03T04:50:14.270413,midterm,2
371,Social Studies,92.7289250299351,100,92.7289250299351,2025-11-03T04:50:14.270413,midterm,2
371,Hindi,100.0,100,100.0,2025-11-03T04:50:14.270413,midterm,2
371,Mathematics,82.56579423173442,100,82.56579423173442,2025-09-29T04:50:14.270413,final,3
371,Science,92.75848115577644,100,92.75848115577644,2025-09-29T04:50:14.270413,final,3
371,English,86.77598453758918,100,86.77598453758918,2025-09-29T04:50:14.270413,final,3
371,Social Studies,100.0,100,100.0,2025-09-29T04:50:14.270413,final,3
371,Hindi,93.33600471109492,100,93.33600471109492,2025-09-29T04:50:14.270413,final,3
372,Mathematics,74.84381807231551,100,74.84381807231551,2026-02-17T04:50:14.270413,midterm,1
372,Science,78.82018557052805,100,78.82018557052805,2026-02-17T04:50:14.270413,midterm,1
372,English,74.85926706016328,100,74.85926706016328,2026-02-17T04:50:14.270413,midterm,1
372,Social Studies,70.67426565188583,100,70.67426565188583,2026-02-17T04:50:14.270413,midterm,1
372,Hindi,57.96095872383533,100,57.96095872383533,2026-02-17T04:50:14.270413,midterm,1
372,Mathematics,67.91522020228038,100,67.91522020228038,2025-11-22T04:50:14.270413,midterm,2
372,Science,62.61217728879106,100,62.61217728879106,2025-11-22T04:50:14.270413,midterm,2
372,English,64.50244174190712,100,64.50244174190712,2025-11-22T04:50:14.270413,midterm,2
372,Social Studies,64.19773980144689,100,64.19773980144689,2025-11-22T04:50:14.270413,midterm,2
372,Hindi,58.143825561126945,100,58.143825561126945,2025-11-22T04:50:14.270413,midterm,2
372,Mathematics,48.36969541760949,100,48.36969541760949,2025-10-24T04:50:14.271411,final,3
372,Science,61.26165082567172,100,61.26165082567172,2025-10-24T04:50:14.271411,final,3
372,English,69.87687582819098,100,69.87687582819098,2025-10-24T04:50:14.271411,final,3
372,Social Studies,54.46131085467449,100,54.46131085467449,2025-10-24T04:50:14.271411,final,3
372,Hindi,68.09990367366564,100,68.09990367366564,2025-10-24T04:50:14.271411,final,3
373,Mathematics,76.38587844540865,100,76.38587844540865,2025-10-06T04:50:14.271411,midterm,1
373,Science,67.61375975482139,100,67.61375975482139,2025-10-06T04:50:14.271411,midterm,1
373,English,73.8186092935043,100,73.8186092935043,2025-10-06T04:50:14.271411,midterm,1
373,Social Studies,61.294472971626256,100,61.294472971626256,2025-10-06T04:50:14.271411,midterm,1
373,Hindi,69.05829243216346,100,69.05829243216346,2025-10-06T04:50:14.271411,midterm,1
373,Mathematics,50.14354689762112,100,50.14354689762112,2025-12-04T04:50:14.271411,midterm,2
373,Science,50.939791532079155,100,50.939791532079155,2025-12-04T04:50:14.271411,midterm,2
373,English,29.991792140924268,100,29.991792140924268,2025-12-04T04:50:14.271411,midterm,2
373,Social Studies,69.24464894272198,100,69.24464894272198,2025-12-04T04:50:14.271411,midterm,2
373,Hindi,72.78643400049785,100,72.78643400049785,2025-12-04T04:50:14.271411,midterm,2
373,Mathematics,51.8514217488263,100,51.8514217488263,2025-11-06T04:50:14.271411,final,3
373,Science,54.84367713832664,100,54.84367713832664,2025-11-06T04:50:14.271411,final,3
373,English,49.84457306538938,100,49.84457306538938,2025-11-06T04:50:14.271411,final,3
373,Social Studies,61.20972971707391,100,61.20972971707391,2025-11-06T04:50:14.271411,final,3
373,Hindi,68.63251965533141,100,68.63251965533141,2025-11-06T04:50:14.271411,final,3
374,Mathematics,18.264423505152635,100,18.264423505152635,2026-01-12T04:50:14.271411,midterm,1
374,Science,39.78652855038557,100,39.78652855038557,2026-01-12T04:50:14.271411,midterm,1
374,English,32.92542552677159,100,32.92542552677159,2026-01-12T04:50:14.271411,midterm,1
374,Social Studies,36.826087163629936,100,36.826087163629936,2026-01-12T04:50:14.271411,midterm,1
374,Hindi,40.28208326070595,100,40.28208326070595,2026-01-12T04:50:14.271411,midterm,1
374,Mathematics,33.81011885623484,100,33.81011885623484,2026-02-07T04:50:14.271411,midterm,2
374,Science,34.65627470990524,100,34.65627470990524,2026-02-07T04:50:14.271411,midterm,2
374,English,33.55339156841666,100,33.55339156841666,2026-02-07T04:50:14.271411,midterm,2
374,Social Studies,45.39530526184586,100,45.39530526184586,2026-02-07T04:50:14.271411,midterm,2
374,Hindi,39.87974284523801,100,39.87974284523801,2026-02-07T04:50:14.271411,midterm,2
374,Mathematics,37.897978621336655,100,37.897978621336655,2025-12-11T04:50:14.271411,final,3
374,Science,22.98262603304022,100,22.98262603304022,2025-12-11T04:50:14.271411,final,3
374,English,31.906345811831503,100,31.906345811831503,2025-12-11T04:50:14.271411,final,3
374,Social Studies,44.678834847354786,100,44.678834847354786,2025-12-11T04:50:14.271411,final,3
374,Hindi,36.069108975202276,100,36.069108975202276,2025-12-11T04:50:14.271411,final,3
375,Mathematics,95.3497612700147,100,95.3497612700147,2025-11-29T04:50:14.271411,midterm,1
375,Science,100.0,100,100.0,2025-11-29T04:50:14.271411,midterm,1
375,English,99.14050726621147,100,99.14050726621147,2025-11-29T04:50:14.271411,midterm,1
375,Social Studies,89.68602995112073,100,89.68602995112073,2025-11-29T04:50:14.271411,midterm,1
375,Hindi,83.64455487216604,100,83.64455487216604,2025-11-29T04:50:14.271411,midterm,1
375,Mathematics,63.218950613564324,100,63.218950613564324,2026-01-28T04:50:14.271411,midterm,2
375,Science,87.07059734939479,100,87.07059734939479,2026-01-28T04:50:14.271411,midterm,2
375,English,85.49432161595482,100,85.49432161595482,2026-01-28T04:50:14.271411,midterm,2
375,Social Studies,92.65810851807706,100,92.65810851807706,2026-01-28T04:50:14.271411,midterm,2
375,Hindi,87.21539430437643,100,87.21539430437643,2026-01-28T04:50:14.271411,midterm,2
375,Mathematics,85.55059597975536,100,85.55059597975536,2025-10-03T04:50:14.271411,final,3
375,Science,70.9604572690511,100,70.9604572690511,2025-10-03T04:50:14.271411,final,3
375,English,79.35476828262264,100,79.35476828262264,2025-10-03T04:50:14.271411,final,3
375,Social Studies,93.52095698212888,100,93.52095698212888,2025-10-03T04:50:14.271411,final,3
375,Hindi,100.0,100,100.0,2025-10-03T04:50:14.271411,final,3
376,Mathematics,38.48424930713527,100,38.48424930713527,2025-10-28T04:50:14.271411,midterm,1
376,Science,42.737613880332745,100,42.737613880332745,2025-10-28T04:50:14.271411,midterm,1
376,English,48.98428471411956,100,48.98428471411956,2025-10-28T04:50:14.271411,midterm,1
376,Social Studies,31.350563782589013,100,31.350563782589013,2025-10-28T04:50:14.271411,midterm,1
376,Hindi,43.12764357744593,100,43.12764357744593,2025-10-28T04:50:14.271411,midterm,1
376,Mathematics,32.05460208126992,100,32.05460208126992,2025-10-12T04:50:14.271411,midterm,2
376,Science,48.10774752950162,100,48.10774752950162,2025-10-12T04:50:14.271411,midterm,2
376,English,40.97353362410883,100,40.97353362410883,2025-10-12T04:50:14.271411,midterm,2
376,Social Studies,42.444021284405906,100,42.444021284405906,2025-10-12T04:50:14.271411,midterm,2
376,Hindi,31.633517170405618,100,31.633517170405618,2025-10-12T04:50:14.271411,midterm,2
376,Mathematics,46.529826740699356,100,46.529826740699356,2026-02-05T04:50:14.271411,final,3
376,Science,60.30663235690167,100,60.30663235690167,2026-02-05T04:50:14.271411,final,3
376,English,29.380386190309448,100,29.380386190309448,2026-02-05T04:50:14.271411,final,3
376,Social Studies,36.06191306811627,100,36.06191306811627,2026-02-05T04:50:14.271411,final,3
376,Hindi,41.77557788627243,100,41.77557788627243,2026-02-05T04:50:14.271411,final,3
377,Mathematics,53.45391238921007,100,53.45391238921007,2025-11-07T04:50:14.271411,midterm,1
377,Science,39.99438741635721,100,39.99438741635721,2025-11-07T04:50:14.271411,midterm,1
377,English,17.259547367824503,100,17.259547367824503,2025-11-07T04:50:14.271411,midterm,1
377,Social Studies,59.18174521089215,100,59.18174521089215,2025-11-07T04:50:14.271411,midterm,1
377,Hindi,53.19491146509333,100,53.19491146509333,2025-11-07T04:50:14.271411,midterm,1
377,Mathematics,28.160374964385255,100,28.160374964385255,2026-02-23T04:50:14.271411,midterm,2
377,Science,39.51416235145635,100,39.51416235145635,2026-02-23T04:50:14.271411,midterm,2
377,English,61.27167456452516,100,61.27167456452516,2026-02-23T04:50:14.271411,midterm,2
377,Social Studies,60.067814453830565,100,60.067814453830565,2026-02-23T04:50:14.271411,midterm,2
377,Hindi,54.97625049604135,100,54.97625049604135,2026-02-23T04:50:14.271411,midterm,2
377,Mathematics,43.82872592965328,100,43.82872592965328,2025-09-26T04:50:14.271411,final,3
377,Science,46.419724457377,100,46.419724457377,2025-09-26T04:50:14.271411,final,3
377,English,44.28059221799064,100,44.28059221799064,2025-09-26T04:50:14.271411,final,3
377,Social Studies,56.87224810194028,100,56.87224810194028,2025-09-26T04:50:14.271411,final,3
377,Hindi,36.831426204300804,100,36.831426204300804,2025-09-26T04:50:14.271411,final,3
378,Mathematics,79.89834776928255,100,79.89834776928255,2025-12-01T04:50:14.271411,midterm,1
378,Science,98.05909018648475,100,98.05909018648475,2025-12-01T04:50:14.271411,midterm,1
378,English,87.51272976300898,100,87.51272976300898,2025-12-01T04:50:14.271411,midterm,1
378,Social Studies,100.0,100,100.0,2025-12-01T04:50:14.271411,midterm,1
378,Hindi,81.24122224831913,100,81.24122224831913,2025-12-01T04:50:14.271411,midterm,1
378,Mathematics,87.40856071473634,100,87.40856071473634,2026-03-11T04:50:14.271411,midterm,2
378,Science,78.73221446968506,100,78.73221446968506,2026-03-11T04:50:14.271411,midterm,2
378,English,88.02997113236026,100,88.02997113236026,2026-03-11T04:50:14.271411,midterm,2
378,Social Studies,73.1708749481366,100,73.1708749481366,2026-03-11T04:50:14.271411,midterm,2
378,Hindi,83.08001010857497,100,83.08001010857497,2026-03-11T04:50:14.271411,midterm,2
378,Mathematics,73.59380566884342,100,73.59380566884342,2026-01-14T04:50:14.271411,final,3
378,Science,94.89557665003717,100,94.89557665003717,2026-01-14T04:50:14.271411,final,3
378,English,95.12223771572111,100,95.12223771572111,2026-01-14T04:50:14.271411,final,3
378,Social Studies,70.65371701328114,100,70.65371701328114,2026-01-14T04:50:14.271411,final,3
378,Hindi,100.0,100,100.0,2026-01-14T04:50:14.271411,final,3
379,Mathematics,94.17503180528259,100,94.17503180528259,2025-12-27T04:50:14.271411,midterm,1
379,Science,69.66094440844746,100,69.66094440844746,2025-12-27T04:50:14.271411,midterm,1
379,English,62.7897379388376,100,62.7897379388376,2025-12-27T04:50:14.271411,midterm,1
379,Social Studies,97.44418645111452,100,97.44418645111452,2025-12-27T04:50:14.271411,midterm,1
379,Hindi,56.011195558058944,100,56.011195558058944,2025-12-27T04:50:14.271411,midterm,1
379,Mathematics,69.40194520977504,100,69.40194520977504,2025-10-10T04:50:14.271411,midterm,2
379,Science,70.99710326740328,100,70.99710326740328,2025-10-10T04:50:14.271411,midterm,2
379,English,82.65235674560819,100,82.65235674560819,2025-10-10T04:50:14.271411,midterm,2
379,Social Studies,72.79827029235193,100,72.79827029235193,2025-10-10T04:50:14.271411,midterm,2
379,Hindi,64.21454158319953,100,64.21454158319953,2025-10-10T04:50:14.271411,midterm,2
379,Mathematics,59.68903683720448,100,59.68903683720448,2026-01-29T04:50:14.271411,final,3
379,Science,65.78266233862269,100,65.78266233862269,2026-01-29T04:50:14.271411,final,3
379,English,59.131606931632604,100,59.131606931632604,2026-01-29T04:50:14.271411,final,3
379,Social Studies,69.67913373893087,100,69.67913373893087,2026-01-29T04:50:14.271411,final,3
379,Hindi,63.55891874247918,100,63.55891874247918,2026-01-29T04:50:14.271411,final,3
380,Mathematics,71.78165193675913,100,71.78165193675913,2025-12-21T04:50:14.271411,midterm,1
380,Science,99.27348775340567,100,99.27348775340567,2025-12-21T04:50:14.271411,midterm,1
380,English,81.74530463536624,100,81.74530463536624,2025-12-21T04:50:14.271411,midterm,1
380,Social Studies,74.0406618199035,100,74.0406618199035,2025-12-21T04:50:14.271411,midterm,1
380,Hindi,85.03943852478122,100,85.03943852478122,2025-12-21T04:50:14.271411,midterm,1
380,Mathematics,87.40574552933323,100,87.40574552933323,2025-10-21T04:50:14.271411,midterm,2
380,Science,69.2573626138663,100,69.2573626138663,2025-10-21T04:50:14.271411,midterm,2
380,English,90.03850654091427,100,90.03850654091427,2025-10-21T04:50:14.271411,midterm,2
380,Social Studies,76.250454182754,100,76.250454182754,2025-10-21T04:50:14.271411,midterm,2
380,Hindi,100.0,100,100.0,2025-10-21T04:50:14.271411,midterm,2
380,Mathematics,91.96163499042399,100,91.96163499042399,2026-01-15T04:50:14.271411,final,3
380,Science,82.72302996856347,100,82.72302996856347,2026-01-15T04:50:14.271411,final,3
380,English,79.27035216648314,100,79.27035216648314,2026-01-15T04:50:14.271411,final,3
380,Social Studies,85.6723527940204,100,85.6723527940204,2026-01-15T04:50:14.271411,final,3
380,Hindi,92.84993728548953,100,92.84993728548953,2026-01-15T04:50:14.271411,final,3
381,Mathematics,81.13448355153344,100,81.13448355153344,2025-10-15T04:50:14.271411,midterm,1
381,Science,79.21783676601687,100,79.21783676601687,2025-10-15T04:50:14.271411,midterm,1
381,English,81.97312774556438,100,81.97312774556438,2025-10-15T04:50:14.271411,midterm,1
381,Social Studies,75.35083552501588,100,75.35083552501588,2025-10-15T04:50:14.271411,midterm,1
381,Hindi,77.95736556895505,100,77.95736556895505,2025-10-15T04:50:14.271411,midterm,1
381,Mathematics,60.53150044833539,100,60.53150044833539,2026-02-08T04:50:14.271411,midterm,2
381,Science,91.12668714590912,100,91.12668714590912,2026-02-08T04:50:14.271411,midterm,2
381,English,84.37740264060305,100,84.37740264060305,2026-02-08T04:50:14.271411,midterm,2
381,Social Studies,73.65486639705114,100,73.65486639705114,2026-02-08T04:50:14.271411,midterm,2
381,Hindi,100.0,100,100.0,2026-02-08T04:50:14.271411,midterm,2
381,Mathematics,82.2595896413093,100,82.2595896413093,2025-10-29T04:50:14.271411,final,3
381,Science,71.02798911763347,100,71.02798911763347,2025-10-29T04:50:14.271411,final,3
381,English,89.95679905209002,100,89.95679905209002,2025-10-29T04:50:14.271411,final,3
381,Social Studies,85.36990700247806,100,85.36990700247806,2025-10-29T04:50:14.271411,final,3
381,Hindi,85.33522469222763,100,85.33522469222763,2025-10-29T04:50:14.271411,final,3
382,Mathematics,27.721908331782505,100,27.721908331782505,2026-01-11T04:50:14.271411,midterm,1
382,Science,36.484421616078755,100,36.484421616078755,2026-01-11T04:50:14.271411,midterm,1
382,English,29.361881476087465,100,29.361881476087465,2026-01-11T04:50:14.271411,midterm,1
382,Social Studies,37.538878894756834,100,37.538878894756834,2026-01-11T04:50:14.271411,midterm,1
382,Hindi,12.93001983819202,100,12.93001983819202,2026-01-11T04:50:14.271411,midterm,1
382,Mathematics,27.64072974850652,100,27.64072974850652,2026-02-05T04:50:14.271411,midterm,2
382,Science,49.20101535638035,100,49.20101535638035,2026-02-05T04:50:14.271411,midterm,2
382,English,24.308789824295403,100,24.308789824295403,2026-02-05T04:50:14.271411,midterm,2
382,Social Studies,25.941081403366542,100,25.941081403366542,2026-02-05T04:50:14.271411,midterm,2
382,Hindi,27.49985099379866,100,27.49985099379866,2026-02-05T04:50:14.271411,midterm,2
382,Mathematics,19.831403019411976,100,19.831403019411976,2026-02-27T04:50:14.271411,final,3
382,Science,9.896656616015889,100,9.896656616015889,2026-02-27T04:50:14.271411,final,3
382,English,29.67360039306228,100,29.67360039306228,2026-02-27T04:50:14.271411,final,3
382,Social Studies,33.33805861911498,100,33.33805861911498,2026-02-27T04:50:14.271411,final,3
382,Hindi,31.45441369291189,100,31.45441369291189,2026-02-27T04:50:14.271411,final,3
383,Mathematics,89.42383076909535,100,89.42383076909535,2025-10-08T04:50:14.271411,midterm,1
383,Science,91.30302509707809,100,91.30302509707809,2025-10-08T04:50:14.271411,midterm,1
383,English,100.0,100,100.0,2025-10-08T04:50:14.271411,midterm,1
383,Social Studies,88.96815452928205,100,88.96815452928205,2025-10-08T04:50:14.271411,midterm,1
383,Hindi,85.13179061770151,100,85.13179061770151,2025-10-08T04:50:14.271411,midterm,1
383,Mathematics,88.06136153969335,100,88.06136153969335,2025-10-19T04:50:14.271411,midterm,2
383,Science,96.66608398614197,100,96.66608398614197,2025-10-19T04:50:14.271411,midterm,2
383,English,100.0,100,100.0,2025-10-19T04:50:14.271411,midterm,2
383,Social Studies,84.59117899688243,100,84.59117899688243,2025-10-19T04:50:14.271411,midterm,2
383,Hindi,91.86195425886305,100,91.86195425886305,2025-10-19T04:50:14.271411,midterm,2
383,Mathematics,94.2561908079338,100,94.2561908079338,2026-03-04T04:50:14.271411,final,3
383,Science,80.94683632128599,100,80.94683632128599,2026-03-04T04:50:14.271411,final,3
383,English,91.0767880607034,100,91.0767880607034,2026-03-04T04:50:14.271411,final,3
383,Social Studies,76.21587781515326,100,76.21587781515326,2026-03-04T04:50:14.271411,final,3
383,Hindi,73.18211335118022,100,73.18211335118022,2026-03-04T04:50:14.271411,final,3
384,Mathematics,75.72323004808479,100,75.72323004808479,2025-11-13T04:50:14.271411,midterm,1
384,Science,68.2170185558544,100,68.2170185558544,2025-11-13T04:50:14.271411,midterm,1
384,English,74.07857004537442,100,74.07857004537442,2025-11-13T04:50:14.271411,midterm,1
384,Social Studies,71.87681619907872,100,71.87681619907872,2025-11-13T04:50:14.271411,midterm,1
384,Hindi,62.29176548252425,100,62.29176548252425,2025-11-13T04:50:14.271411,midterm,1
384,Mathematics,71.60322294951885,100,71.60322294951885,2026-02-19T04:50:14.271411,midterm,2
384,Science,59.72475291901367,100,59.72475291901367,2026-02-19T04:50:14.271411,midterm,2
384,English,85.96548954917623,100,85.96548954917623,2026-02-19T04:50:14.271411,midterm,2
384,Social Studies,58.49606252056259,100,58.49606252056259,2026-02-19T04:50:14.271411,midterm,2
384,Hindi,70.09791325947641,100,70.09791325947641,2026-02-19T04:50:14.271411,midterm,2
384,Mathematics,61.63305008868974,100,61.63305008868974,2026-01-06T04:50:14.271411,final,3
384,Science,77.75997770277019,100,77.75997770277019,2026-01-06T04:50:14.271411,final,3
384,English,68.7414522563472,100,68.7414522563472,2026-01-06T04:50:14.271411,final,3
384,Social Studies,66.86909877295012,100,66.86909877295012,2026-01-06T04:50:14.271411,final,3
384,Hindi,80.58778141967777,100,80.58778141967777,2026-01-06T04:50:14.271411,final,3
385,Mathematics,94.4462796003787,100,94.4462796003787,2025-10-26T04:50:14.271411,midterm,1
385,Science,99.31841814296284,100,99.31841814296284,2025-10-26T04:50:14.271411,midterm,1
385,English,84.33871431842853,100,84.33871431842853,2025-10-26T04:50:14.271411,midterm,1
385,Social Studies,80.1038042443281,100,80.1038042443281,2025-10-26T04:50:14.271411,midterm,1
385,Hindi,95.22405330400451,100,95.22405330400451,2025-10-26T04:50:14.271411,midterm,1
385,Mathematics,90.96351012865586,100,90.96351012865586,2025-09-24T04:50:14.271411,midterm,2
385,Science,100.0,100,100.0,2025-09-24T04:50:14.271411,midterm,2
385,English,93.35288915697768,100,93.35288915697768,2025-09-24T04:50:14.271411,midterm,2
385,Social Studies,96.20272707594947,100,96.20272707594947,2025-09-24T04:50:14.271411,midterm,2
385,Hindi,77.91814838419074,100,77.91814838419074,2025-09-24T04:50:14.271411,midterm,2
385,Mathematics,100.0,100,100.0,2025-12-23T04:50:14.271411,final,3
385,Science,92.50955383328285,100,92.50955383328285,2025-12-23T04:50:14.271411,final,3
385,English,100.0,100,100.0,2025-12-23T04:50:14.271411,final,3
385,Social Studies,85.79105698140691,100,85.79105698140691,2025-12-23T04:50:14.271411,final,3
385,Hindi,97.23207270577659,100,97.23207270577659,2025-12-23T04:50:14.271411,final,3
386,Mathematics,65.50427894025435,100,65.50427894025435,2025-11-26T04:50:14.271411,midterm,1
386,Science,83.05340495809851,100,83.05340495809851,2025-11-26T04:50:14.271411,midterm,1
386,English,74.97298573164348,100,74.97298573164348,2025-11-26T04:50:14.271411,midterm,1
386,Social Studies,78.82463161485747,100,78.82463161485747,2025-11-26T04:50:14.271411,midterm,1
386,Hindi,85.51246687680278,100,85.51246687680278,2025-11-26T04:50:14.271411,midterm,1
386,Mathematics,66.20732346329899,100,66.20732346329899,2025-11-23T04:50:14.271411,midterm,2
386,Science,71.68780926937383,100,71.68780926937383,2025-11-23T04:50:14.271411,midterm,2
386,English,83.10596938636945,100,83.10596938636945,2025-11-23T04:50:14.271411,midterm,2
386,Social Studies,99.51494132096927,100,99.51494132096927,2025-11-23T04:50:14.271411,midterm,2
386,Hindi,77.15190322888698,100,77.15190322888698,2025-11-23T04:50:14.271411,midterm,2
386,Mathematics,84.44408775474112,100,84.44408775474112,2026-03-06T04:50:14.271411,final,3
386,Science,77.463011876917,100,77.463011876917,2026-03-06T04:50:14.271411,final,3
386,English,97.95518252306479,100,97.95518252306479,2026-03-06T04:50:14.271411,final,3
386,Social Studies,61.060509905849244,100,61.060509905849244,2026-03-06T04:50:14.271411,final,3
386,Hindi,79.47893702219538,100,79.47893702219538,2026-03-06T04:50:14.271411,final,3
387,Mathematics,41.466146344017204,100,41.466146344017204,2026-01-29T04:50:14.271411,midterm,1
387,Science,32.65587097427064,100,32.65587097427064,2026-01-29T04:50:14.271411,midterm,1
387,English,60.69620721081598,100,60.69620721081598,2026-01-29T04:50:14.271411,midterm,1
387,Social Studies,59.1165646411124,100,59.1165646411124,2026-01-29T04:50:14.271411,midterm,1
387,Hindi,54.87321730221579,100,54.87321730221579,2026-01-29T04:50:14.271411,midterm,1
387,Mathematics,56.65964577924028,100,56.65964577924028,2026-01-01T04:50:14.271411,midterm,2
387,Science,88.70458102035039,100,88.70458102035039,2026-01-01T04:50:14.271411,midterm,2
387,English,55.139835299323465,100,55.139835299323465,2026-01-01T04:50:14.271411,midterm,2
387,Social Studies,62.82283029213856,100,62.82283029213856,2026-01-01T04:50:14.271411,midterm,2
387,Hindi,51.227938483499,100,51.227938483499,2026-01-01T04:50:14.271411,midterm,2
387,Mathematics,60.67391243004384,100,60.67391243004384,2026-03-04T04:50:14.271411,final,3
387,Science,55.33924992908163,100,55.33924992908163,2026-03-04T04:50:14.271411,final,3
387,English,53.61640185234051,100,53.61640185234051,2026-03-04T04:50:14.271411,final,3
387,Social Studies,75.91057200164106,100,75.91057200164106,2026-03-04T04:50:14.271411,final,3
387,Hindi,69.4934363114812,100,69.4934363114812,2026-03-04T04:50:14.271411,final,3
388,Mathematics,53.25158305204043,100,53.25158305204043,2025-11-03T04:50:14.271411,midterm,1
388,Science,28.841997218608455,100,28.841997218608455,2025-11-03T04:50:14.271411,midterm,1
388,English,48.27402434552243,100,48.27402434552243,2025-11-03T04:50:14.271411,midterm,1
388,Social Studies,78.91439222209895,100,78.91439222209895,2025-11-03T04:50:14.271411,midterm,1
388,Hindi,49.57749991165104,100,49.57749991165104,2025-11-03T04:50:14.271411,midterm,1
388,Mathematics,62.91629229858471,100,62.91629229858471,2025-11-12T04:50:14.272410,midterm,2
388,Science,66.30354059757413,100,66.30354059757413,2025-11-12T04:50:14.272410,midterm,2
388,English,54.07375573660787,100,54.07375573660787,2025-11-12T04:50:14.272410,midterm,2
388,Social Studies,43.4659002593666,100,43.4659002593666,2025-11-12T04:50:14.272410,midterm,2
388,Hindi,27.530993260219237,100,27.530993260219237,2025-11-12T04:50:14.272410,midterm,2
388,Mathematics,58.72574866413767,100,58.72574866413767,2025-12-05T04:50:14.272410,final,3
388,Science,43.73655654981264,100,43.73655654981264,2025-12-05T04:50:14.272410,final,3
388,English,53.64562109692504,100,53.64562109692504,2025-12-05T04:50:14.272410,final,3
388,Social Studies,39.38591318215448,100,39.38591318215448,2025-12-05T04:50:14.272410,final,3
388,Hindi,49.2317411733461,100,49.2317411733461,2025-12-05T04:50:14.272410,final,3
389,Mathematics,32.03480679009574,100,32.03480679009574,2026-01-05T04:50:14.272410,midterm,1
389,Science,34.38355205152819,100,34.38355205152819,2026-01-05T04:50:14.272410,midterm,1
389,English,20.549394367561067,100,20.549394367561067,2026-01-05T04:50:14.272410,midterm,1
389,Social Studies,43.66672572869874,100,43.66672572869874,2026-01-05T04:50:14.272410,midterm,1
389,Hindi,25.728668393765496,100,25.728668393765496,2026-01-05T04:50:14.272410,midterm,1
389,Mathematics,14.952921636552759,100,14.952921636552759,2025-11-11T04:50:14.272410,midterm,2
389,Science,30.607382041450574,100,30.607382041450574,2025-11-11T04:50:14.272410,midterm,2
389,English,32.04136933134981,100,32.04136933134981,2025-11-11T04:50:14.272410,midterm,2
389,Social Studies,33.30351057280281,100,33.30351057280281,2025-11-11T04:50:14.272410,midterm,2
389,Hindi,45.318940277936,100,45.318940277936,2025-11-11T04:50:14.272410,midterm,2
389,Mathematics,29.333127873726617,100,29.333127873726617,2025-12-23T04:50:14.272410,final,3
389,Science,30.501419997397498,100,30.501419997397498,2025-12-23T04:50:14.272410,final,3
389,English,20.665772428754273,100,20.665772428754273,2025-12-23T04:50:14.272410,final,3
389,Social Studies,39.903151269964184,100,39.903151269964184,2025-12-23T04:50:14.272410,final,3
389,Hindi,33.54070688186624,100,33.54070688186624,2025-12-23T04:50:14.272410,final,3
390,Mathematics,36.1848602879845,100,36.1848602879845,2025-09-22T04:50:14.272410,midterm,1
390,Science,21.33839062627149,100,21.33839062627149,2025-09-22T04:50:14.272410,midterm,1
390,English,54.829259511477,100,54.829259511477,2025-09-22T04:50:14.272410,midterm,1
390,Social Studies,28.108337916365553,100,28.108337916365553,2025-09-22T04:50:14.272410,midterm,1
390,Hindi,34.47235746722907,100,34.47235746722907,2025-09-22T04:50:14.272410,midterm,1
390,Mathematics,43.96858267168616,100,43.96858267168616,2026-03-10T04:50:14.272410,midterm,2
390,Science,28.41955827475926,100,28.41955827475926,2026-03-10T04:50:14.272410,midterm,2
390,English,25.45003977839469,100,25.45003977839469,2026-03-10T04:50:14.272410,midterm,2
390,Social Studies,19.145661733919475,100,19.145661733919475,2026-03-10T04:50:14.272410,midterm,2
390,Hindi,47.595107089982484,100,47.595107089982484,2026-03-10T04:50:14.272410,midterm,2
390,Mathematics,34.93327511366291,100,34.93327511366291,2025-12-04T04:50:14.272410,final,3
390,Science,69.65783848565943,100,69.65783848565943,2025-12-04T04:50:14.272410,final,3
390,English,30.44158690461739,100,30.44158690461739,2025-12-04T04:50:14.272410,final,3
390,Social Studies,31.17062732663691,100,31.17062732663691,2025-12-04T04:50:14.272410,final,3
390,Hindi,34.73120785807211,100,34.73120785807211,2025-12-04T04:50:14.272410,final,3
391,Mathematics,91.46984407857776,100,91.46984407857776,2026-01-05T04:50:14.272410,midterm,1
391,Science,84.33646413933977,100,84.33646413933977,2026-01-05T04:50:14.272410,midterm,1
391,English,95.161819667218,100,95.161819667218,2026-01-05T04:50:14.272410,midterm,1
391,Social Studies,79.25261362730633,100,79.25261362730633,2026-01-05T04:50:14.272410,midterm,1
391,Hindi,75.22258034255707,100,75.22258034255707,2026-01-05T04:50:14.272410,midterm,1
391,Mathematics,71.0563501331018,100,71.0563501331018,2025-09-22T04:50:14.272410,midterm,2
391,Science,66.8027558478209,100,66.8027558478209,2025-09-22T04:50:14.272410,midterm,2
391,English,83.8578073324423,100,83.8578073324423,2025-09-22T04:50:14.272410,midterm,2
391,Social Studies,86.02869440326066,100,86.02869440326066,2025-09-22T04:50:14.272410,midterm,2
391,Hindi,82.72412725236104,100,82.72412725236104,2025-09-22T04:50:14.272410,midterm,2
391,Mathematics,100.0,100,100.0,2025-11-26T04:50:14.272410,final,3
391,Science,100.0,100,100.0,2025-11-26T04:50:14.272410,final,3
391,English,85.69046765274786,100,85.69046765274786,2025-11-26T04:50:14.272410,final,3
391,Social Studies,71.09928639527324,100,71.09928639527324,2025-11-26T04:50:14.272410,final,3
391,Hindi,83.37144644664235,100,83.37144644664235,2025-11-26T04:50:14.272410,final,3
392,Mathematics,38.24787745253555,100,38.24787745253555,2025-10-17T04:50:14.272410,midterm,1
392,Science,37.67474176892558,100,37.67474176892558,2025-10-17T04:50:14.272410,midterm,1
392,English,37.268902352723714,100,37.268902352723714,2025-10-17T04:50:14.272410,midterm,1
392,Social Studies,37.711462434458085,100,37.711462434458085,2025-10-17T04:50:14.272410,midterm,1
392,Hindi,40.380675232728564,100,40.380675232728564,2025-10-17T04:50:14.272410,midterm,1
392,Mathematics,37.89068040355059,100,37.89068040355059,2025-12-05T04:50:14.272410,midterm,2
392,Science,46.32931647796208,100,46.32931647796208,2025-12-05T04:50:14.272410,midterm,2
392,English,47.84977855075477,100,47.84977855075477,2025-12-05T04:50:14.272410,midterm,2
392,Social Studies,35.13964051988126,100,35.13964051988126,2025-12-05T04:50:14.272410,midterm,2
392,Hindi,56.95674465177649,100,56.95674465177649,2025-12-05T04:50:14.272410,midterm,2
392,Mathematics,34.44546837330002,100,34.44546837330002,2026-03-08T04:50:14.272410,final,3
392,Science,28.068085253552788,100,28.068085253552788,2026-03-08T04:50:14.272410,final,3
392,English,48.053872105356675,100,48.053872105356675,2026-03-08T04:50:14.272410,final,3
392,Social Studies,36.07201004756276,100,36.07201004756276,2026-03-08T04:50:14.272410,final,3
392,Hindi,47.45900609928004,100,47.45900609928004,2026-03-08T04:50:14.272410,final,3
393,Mathematics,66.64917502159004,100,66.64917502159004,2025-10-04T04:50:14.272410,midterm,1
393,Science,100.0,100,100.0,2025-10-04T04:50:14.272410,midterm,1
393,English,97.40879511299936,100,97.40879511299936,2025-10-04T04:50:14.272410,midterm,1
393,Social Studies,75.68109554096532,100,75.68109554096532,2025-10-04T04:50:14.272410,midterm,1
393,Hindi,75.89808979413249,100,75.89808979413249,2025-10-04T04:50:14.272410,midterm,1
393,Mathematics,100.0,100,100.0,2025-11-10T04:50:14.272410,midterm,2
393,Science,83.31206199761576,100,83.31206199761576,2025-11-10T04:50:14.272410,midterm,2
393,English,82.3440125452691,100,82.3440125452691,2025-11-10T04:50:14.272410,midterm,2
393,Social Studies,68.02534009110252,100,68.02534009110252,2025-11-10T04:50:14.272410,midterm,2
393,Hindi,87.1780789765798,100,87.1780789765798,2025-11-10T04:50:14.272410,midterm,2
393,Mathematics,88.40866488423781,100,88.40866488423781,2025-10-15T04:50:14.272410,final,3
393,Science,97.8407920002902,100,97.8407920002902,2025-10-15T04:50:14.272410,final,3
393,English,76.69507675075059,100,76.69507675075059,2025-10-15T04:50:14.272410,final,3
393,Social Studies,75.48299311018924,100,75.48299311018924,2025-10-15T04:50:14.272410,final,3
393,Hindi,95.1954873803601,100,95.1954873803601,2025-10-15T04:50:14.272410,final,3
394,Mathematics,62.28563672933441,100,62.28563672933441,2025-09-27T04:50:14.272410,midterm,1
394,Science,36.50681250588494,100,36.50681250588494,2025-09-27T04:50:14.272410,midterm,1
394,English,63.03347688006118,100,63.03347688006118,2025-09-27T04:50:14.272410,midterm,1
394,Social Studies,52.593754431931984,100,52.593754431931984,2025-09-27T04:50:14.272410,midterm,1
394,Hindi,63.13638940781023,100,63.13638940781023,2025-09-27T04:50:14.272410,midterm,1
394,Mathematics,51.5161324018876,100,51.5161324018876,2025-12-09T04:50:14.272410,midterm,2
394,Science,26.995556842184264,100,26.995556842184264,2025-12-09T04:50:14.272410,midterm,2
394,English,50.69866219390338,100,50.69866219390338,2025-12-09T04:50:14.272410,midterm,2
394,Social Studies,62.81977420377647,100,62.81977420377647,2025-12-09T04:50:14.272410,midterm,2
394,Hindi,43.28087582622663,100,43.28087582622663,2025-12-09T04:50:14.272410,midterm,2
394,Mathematics,48.33868632798925,100,48.33868632798925,2025-12-10T04:50:14.272410,final,3
394,Science,50.45700098155399,100,50.45700098155399,2025-12-10T04:50:14.272410,final,3
394,English,23.22319721837895,100,23.22319721837895,2025-12-10T04:50:14.272410,final,3
394,Social Studies,68.93181177143853,100,68.93181177143853,2025-12-10T04:50:14.272410,final,3
394,Hindi,43.20457921809202,100,43.20457921809202,2025-12-10T04:50:14.272410,final,3
395,Mathematics,46.90380731242546,100,46.90380731242546,2025-12-22T04:50:14.272410,midterm,1
395,Science,40.97944162621538,100,40.97944162621538,2025-12-22T04:50:14.272410,midterm,1
395,English,54.42264355129107,100,54.42264355129107,2025-12-22T04:50:14.272410,midterm,1
395,Social Studies,45.90701421197828,100,45.90701421197828,2025-12-22T04:50:14.272410,midterm,1
395,Hindi,39.49721027248772,100,39.49721027248772,2025-12-22T04:50:14.272410,midterm,1
395,Mathematics,32.91130206250467,100,32.91130206250467,2026-01-28T04:50:14.272410,midterm,2
395,Science,49.82496000151886,100,49.82496000151886,2026-01-28T04:50:14.272410,midterm,2
395,English,23.1120399481513,100,23.1120399481513,2026-01-28T04:50:14.272410,midterm,2
395,Social Studies,48.30535719045639,100,48.30535719045639,2026-01-28T04:50:14.272410,midterm,2
395,Hindi,30.85600547214874,100,30.85600547214874,2026-01-28T04:50:14.272410,midterm,2
395,Mathematics,54.369289607263866,100,54.369289607263866,2025-11-15T04:50:14.272410,final,3
395,Science,43.45944841432442,100,43.45944841432442,2025-11-15T04:50:14.272410,final,3
395,English,48.28769066619856,100,48.28769066619856,2025-11-15T04:50:14.272410,final,3
395,Social Studies,42.66634112594466,100,42.66634112594466,2025-11-15T04:50:14.272410,final,3
395,Hindi,24.3226820362875,100,24.3226820362875,2025-11-15T04:50:14.272410,final,3
396,Mathematics,54.41920710443215,100,54.41920710443215,2025-12-08T04:50:14.272410,midterm,1
396,Science,69.75039211449935,100,69.75039211449935,2025-12-08T04:50:14.272410,midterm,1
396,English,64.69305691198397,100,64.69305691198397,2025-12-08T04:50:14.272410,midterm,1
396,Social Studies,74.83639779144225,100,74.83639779144225,2025-12-08T04:50:14.272410,midterm,1
396,Hindi,67.05924436875725,100,67.05924436875725,2025-12-08T04:50:14.272410,midterm,1
396,Mathematics,53.359479831358925,100,53.359479831358925,2026-02-08T04:50:14.272410,midterm,2
396,Science,55.065857361179184,100,55.065857361179184,2026-02-08T04:50:14.272410,midterm,2
396,English,64.0556726436179,100,64.0556726436179,2026-02-08T04:50:14.272410,midterm,2
396,Social Studies,39.88605807838447,100,39.88605807838447,2026-02-08T04:50:14.272410,midterm,2
396,Hindi,79.76091759461538,100,79.76091759461538,2026-02-08T04:50:14.272410,midterm,2
396,Mathematics,67.4439661021611,100,67.4439661021611,2026-01-31T04:50:14.272410,final,3
396,Science,75.29684470887425,100,75.29684470887425,2026-01-31T04:50:14.272410,final,3
396,English,47.220459330293835,100,47.220459330293835,2026-01-31T04:50:14.272410,final,3
396,Social Studies,75.47215034193809,100,75.47215034193809,2026-01-31T04:50:14.272410,final,3
396,Hindi,85.34148784866301,100,85.34148784866301,2026-01-31T04:50:14.272410,final,3
397,Mathematics,37.269207547355435,100,37.269207547355435,2026-03-11T04:50:14.272410,midterm,1
397,Science,58.19200905016628,100,58.19200905016628,2026-03-11T04:50:14.272410,midterm,1
397,English,50.48909054800154,100,50.48909054800154,2026-03-11T04:50:14.272410,midterm,1
397,Social Studies,35.033652618646165,100,35.033652618646165,2026-03-11T04:50:14.272410,midterm,1
397,Hindi,55.406830819647304,100,55.406830819647304,2026-03-11T04:50:14.272410,midterm,1
397,Mathematics,58.81402314950209,100,58.81402314950209,2026-03-01T04:50:14.272410,midterm,2
397,Science,44.46672557444014,100,44.46672557444014,2026-03-01T04:50:14.272410,midterm,2
397,English,62.13715630368084,100,62.13715630368084,2026-03-01T04:50:14.272410,midterm,2
397,Social Studies,33.81035703323663,100,33.81035703323663,2026-03-01T04:50:14.272410,midterm,2
397,Hindi,35.530429636632164,100,35.530429636632164,2026-03-01T04:50:14.272410,midterm,2
397,Mathematics,51.843965057016135,100,51.843965057016135,2025-11-09T04:50:14.272410,final,3
397,Science,50.73184388085133,100,50.73184388085133,2025-11-09T04:50:14.272410,final,3
397,English,43.312256216887555,100,43.312256216887555,2025-11-09T04:50:14.272410,final,3
397,Social Studies,58.573935460847466,100,58.573935460847466,2025-11-09T04:50:14.272410,final,3
397,Hindi,55.7869342432881,100,55.7869342432881,2025-11-09T04:50:14.272410,final,3
398,Mathematics,98.94090642514277,100,98.94090642514277,2026-02-28T04:50:14.272410,midterm,1
398,Science,89.12815136227994,100,89.12815136227994,2026-02-28T04:50:14.272410,midterm,1
398,English,96.38531839558603,100,96.38531839558603,2026-02-28T04:50:14.272410,midterm,1
398,Social Studies,85.90301268550267,100,85.90301268550267,2026-02-28T04:50:14.272410,midterm,1
398,Hindi,100.0,100,100.0,2026-02-28T04:50:14.272410,midterm,1
398,Mathematics,82.23405801458276,100,82.23405801458276,2025-10-10T04:50:14.272410,midterm,2
398,Science,100.0,100,100.0,2025-10-10T04:50:14.272410,midterm,2
398,English,90.7083951866967,100,90.7083951866967,2025-10-10T04:50:14.272410,midterm,2
398,Social Studies,76.60440682011519,100,76.60440682011519,2025-10-10T04:50:14.272410,midterm,2
398,Hindi,100.0,100,100.0,2025-10-10T04:50:14.272410,midterm,2
398,Mathematics,91.61852959975221,100,91.61852959975221,2025-09-30T04:50:14.272410,final,3
398,Science,98.870756699605,100,98.870756699605,2025-09-30T04:50:14.272410,final,3
398,English,100.0,100,100.0,2025-09-30T04:50:14.272410,final,3
398,Social Studies,93.73907125725287,100,93.73907125725287,2025-09-30T04:50:14.272410,final,3
398,Hindi,84.43710726767446,100,84.43710726767446,2025-09-30T04:50:14.272410,final,3
399,Mathematics,72.14855702761965,100,72.14855702761965,2025-11-01T04:50:14.272410,midterm,1
399,Science,62.3989783254731,100,62.3989783254731,2025-11-01T04:50:14.272410,midterm,1
399,English,69.25000143701133,100,69.25000143701133,2025-11-01T04:50:14.272410,midterm,1
399,Social Studies,40.85411751301253,100,40.85411751301253,2025-11-01T04:50:14.272410,midterm,1
399,Hindi,66.86124042102567,100,66.86124042102567,2025-11-01T04:50:14.272410,midterm,1
399,Mathematics,56.005564999476846,100,56.005564999476846,2026-01-05T04:50:14.272410,midterm,2
399,Science,78.92451962271245,100,78.92451962271245,2026-01-05T04:50:14.272410,midterm,2
399,English,68.6222967298181,100,68.6222967298181,2026-01-05T04:50:14.272410,midterm,2
399,Social Studies,64.79000070942011,100,64.79000070942011,2026-01-05T04:50:14.272410,midterm,2
399,Hindi,67.25452318442936,100,67.25452318442936,2026-01-05T04:50:14.272410,midterm,2
399,Mathematics,52.407014722159964,100,52.407014722159964,2026-02-19T04:50:14.272410,final,3
399,Science,78.62399015620768,100,78.62399015620768,2026-02-19T04:50:14.272410,final,3
399,English,82.3051274350962,100,82.3051274350962,2026-02-19T04:50:14.272410,final,3
399,Social Studies,66.32055835640931,100,66.32055835640931,2026-02-19T04:50:14.272410,final,3
399,Hindi,78.29545893666354,100,78.29545893666354,2026-02-19T04:50:14.272410,final,3
400,Mathematics,56.42877164297013,100,56.42877164297013,2025-12-03T04:50:14.272410,midterm,1
400,Science,54.14911796744566,100,54.14911796744566,2025-12-03T04:50:14.272410,midterm,1
400,English,62.5295011169847,100,62.5295011169847,2025-12-03T04:50:14.272410,midterm,1
400,Social Studies,66.46966401337446,100,66.46966401337446,2025-12-03T04:50:14.272410,midterm,1
400,Hindi,58.180386817264264,100,58.180386817264264,2025-12-03T04:50:14.272410,midterm,1
400,Mathematics,67.49793553338031,100,67.49793553338031,2026-02-02T04:50:14.272410,midterm,2
400,Science,65.1841484504296,100,65.1841484504296,2026-02-02T04:50:14.272410,midterm,2
400,English,52.13718587678492,100,52.13718587678492,2026-02-02T04:50:14.272410,midterm,2
400,Social Studies,67.30818380421269,100,67.30818380421269,2026-02-02T04:50:14.272410,midterm,2
400,Hindi,70.75553605491068,100,70.75553605491068,2026-02-02T04:50:14.272410,midterm,2
400,Mathematics,63.83494680559938,100,63.83494680559938,2025-11-03T04:50:14.272410,final,3
400,Science,73.6467346623124,100,73.6467346623124,2025-11-03T04:50:14.272410,final,3
400,English,49.94621569472595,100,49.94621569472595,2025-11-03T04:50:14.272410,final,3
400,Social Studies,66.799757851014,100,66.799757851014,2025-11-03T04:50:14.272410,final,3
400,Hindi,50.41744656572772,100,50.41744656572772,2025-11-03T04:50:14.272410,final,3
401,Mathematics,73.89365960942592,100,73.89365960942592,2025-12-15T04:50:14.272410,midterm,1
401,Science,78.7251648543789,100,78.7251648543789,2025-12-15T04:50:14.272410,midterm,1
401,English,75.61387135601436,100,75.61387135601436,2025-12-15T04:50:14.272410,midterm,1
401,Social Studies,79.55451500434542,100,79.55451500434542,2025-12-15T04:50:14.272410,midterm,1
401,Hindi,82.89297008464492,100,82.89297008464492,2025-12-15T04:50:14.272410,midterm,1
401,Mathematics,93.40601805507065,100,93.40601805507065,2026-01-16T04:50:14.272410,midterm,2
401,Science,81.82288280469977,100,81.82288280469977,2026-01-16T04:50:14.272410,midterm,2
401,English,69.17821612406088,100,69.17821612406088,2026-01-16T04:50:14.272410,midterm,2
401,Social Studies,96.4351516567084,100,96.4351516567084,2026-01-16T04:50:14.272410,midterm,2
401,Hindi,76.6635718556064,100,76.6635718556064,2026-01-16T04:50:14.272410,midterm,2
401,Mathematics,84.44726892071051,100,84.44726892071051,2026-02-03T04:50:14.272410,final,3
401,Science,89.49983826116392,100,89.49983826116392,2026-02-03T04:50:14.272410,final,3
401,English,87.03057737578463,100,87.03057737578463,2026-02-03T04:50:14.272410,final,3
401,Social Studies,95.97626866697156,100,95.97626866697156,2026-02-03T04:50:14.272410,final,3
401,Hindi,89.8245046256844,100,89.8245046256844,2026-02-03T04:50:14.272410,final,3
402,Mathematics,41.03800962563517,100,41.03800962563517,2025-11-01T04:50:14.272410,midterm,1
402,Science,71.43672716252287,100,71.43672716252287,2025-11-01T04:50:14.272410,midterm,1
402,English,51.594440055988585,100,51.594440055988585,2025-11-01T04:50:14.272410,midterm,1
402,Social Studies,48.17770315639119,100,48.17770315639119,2025-11-01T04:50:14.272410,midterm,1
402,Hindi,59.29035965316196,100,59.29035965316196,2025-11-01T04:50:14.272410,midterm,1
402,Mathematics,52.14561488190697,100,52.14561488190697,2026-03-01T04:50:14.272410,midterm,2
402,Science,53.64338735199952,100,53.64338735199952,2026-03-01T04:50:14.272410,midterm,2
402,English,74.57294540861312,100,74.57294540861312,2026-03-01T04:50:14.272410,midterm,2
402,Social Studies,46.899891140055786,100,46.899891140055786,2026-03-01T04:50:14.272410,midterm,2
402,Hindi,46.47349648243229,100,46.47349648243229,2026-03-01T04:50:14.272410,midterm,2
402,Mathematics,50.81689054273089,100,50.81689054273089,2026-02-26T04:50:14.272410,final,3
402,Science,60.366264778416635,100,60.366264778416635,2026-02-26T04:50:14.272410,final,3
402,English,34.58576512070226,100,34.58576512070226,2026-02-26T04:50:14.272410,final,3
402,Social Studies,29.995546507841198,100,29.995546507841198,2026-02-26T04:50:14.272410,final,3
402,Hindi,43.77995271640477,100,43.77995271640477,2026-02-26T04:50:14.272410,final,3
403,Mathematics,32.556360426283696,100,32.556360426283696,2025-10-02T04:50:14.272410,midterm,1
403,Science,44.64727654162019,100,44.64727654162019,2025-10-02T04:50:14.272410,midterm,1
403,English,53.92058697816947,100,53.92058697816947,2025-10-02T04:50:14.272410,midterm,1
403,Social Studies,39.98810138135393,100,39.98810138135393,2025-10-02T04:50:14.272410,midterm,1
403,Hindi,34.62732424906314,100,34.62732424906314,2025-10-02T04:50:14.272410,midterm,1
403,Mathematics,49.58896163403005,100,49.58896163403005,2026-03-09T04:50:14.272410,midterm,2
403,Science,57.52102486302827,100,57.52102486302827,2026-03-09T04:50:14.272410,midterm,2
403,English,31.94585563171044,100,31.94585563171044,2026-03-09T04:50:14.272410,midterm,2
403,Social Studies,57.09791399993641,100,57.09791399993641,2026-03-09T04:50:14.272410,midterm,2
403,Hindi,57.06865205425983,100,57.06865205425983,2026-03-09T04:50:14.272410,midterm,2
403,Mathematics,58.43644103844285,100,58.43644103844285,2025-11-09T04:50:14.272410,final,3
403,Science,61.08039216559343,100,61.08039216559343,2025-11-09T04:50:14.272410,final,3
403,English,70.91572926347273,100,70.91572926347273,2025-11-09T04:50:14.272410,final,3
403,Social Studies,45.334669530686014,100,45.334669530686014,2025-11-09T04:50:14.272410,final,3
403,Hindi,49.991305817655146,100,49.991305817655146,2025-11-09T04:50:14.272410,final,3
404,Mathematics,48.29056570176098,100,48.29056570176098,2025-11-04T04:50:14.273409,midterm,1
404,Science,52.47471848179934,100,52.47471848179934,2025-11-04T04:50:14.273409,midterm,1
404,English,67.78368359060435,100,67.78368359060435,2025-11-04T04:50:14.273409,midterm,1
404,Social Studies,39.00480519493455,100,39.00480519493455,2025-11-04T04:50:14.273409,midterm,1
404,Hindi,43.84445331258548,100,43.84445331258548,2025-11-04T04:50:14.273409,midterm,1
404,Mathematics,66.22675939928685,100,66.22675939928685,2026-02-14T04:50:14.273409,midterm,2
404,Science,62.65531510326213,100,62.65531510326213,2026-02-14T04:50:14.273409,midterm,2
404,English,48.823633566070455,100,48.823633566070455,2026-02-14T04:50:14.273409,midterm,2
404,Social Studies,60.99897004544843,100,60.99897004544843,2026-02-14T04:50:14.273409,midterm,2
404,Hindi,55.86710845916157,100,55.86710845916157,2026-02-14T04:50:14.273409,midterm,2
404,Mathematics,67.45769612425111,100,67.45769612425111,2025-10-11T04:50:14.273409,final,3
404,Science,53.20004597250896,100,53.20004597250896,2025-10-11T04:50:14.273409,final,3
404,English,62.71127117296706,100,62.71127117296706,2025-10-11T04:50:14.273409,final,3
404,Social Studies,78.87506913916744,100,78.87506913916744,2025-10-11T04:50:14.273409,final,3
404,Hindi,58.4359415847159,100,58.4359415847159,2025-10-11T04:50:14.273409,final,3
405,Mathematics,56.005482110878255,100,56.005482110878255,2025-10-24T04:50:14.273409,midterm,1
405,Science,62.73667030513961,100,62.73667030513961,2025-10-24T04:50:14.273409,midterm,1
405,English,51.85939187089097,100,51.85939187089097,2025-10-24T04:50:14.273409,midterm,1
405,Social Studies,79.39187750817715,100,79.39187750817715,2025-10-24T04:50:14.273409,midterm,1
405,Hindi,57.31291082988963,100,57.31291082988963,2025-10-24T04:50:14.273409,midterm,1
405,Mathematics,52.78286725067469,100,52.78286725067469,2025-11-25T04:50:14.273409,midterm,2
405,Science,47.155310402729455,100,47.155310402729455,2025-11-25T04:50:14.273409,midterm,2
405,English,66.4844023689942,100,66.4844023689942,2025-11-25T04:50:14.273409,midterm,2
405,Social Studies,64.1840745812072,100,64.1840745812072,2025-11-25T04:50:14.273409,midterm,2
405,Hindi,50.53865673878889,100,50.53865673878889,2025-11-25T04:50:14.273409,midterm,2
405,Mathematics,61.27671390415404,100,61.27671390415404,2026-02-11T04:50:14.273409,final,3
405,Science,40.42664077080126,100,40.42664077080126,2026-02-11T04:50:14.273409,final,3
405,English,57.361906203661384,100,57.361906203661384,2026-02-11T04:50:14.273409,final,3
405,Social Studies,60.039763973696765,100,60.039763973696765,2026-02-11T04:50:14.273409,final,3
405,Hindi,72.58549854852205,100,72.58549854852205,2026-02-11T04:50:14.273409,final,3
406,Mathematics,51.362062454446175,100,51.362062454446175,2025-11-25T04:50:14.273409,midterm,1
406,Science,46.28672419370983,100,46.28672419370983,2025-11-25T04:50:14.273409,midterm,1
406,English,50.11597087248265,100,50.11597087248265,2025-11-25T04:50:14.273409,midterm,1
406,Social Studies,45.70456547858387,100,45.70456547858387,2025-11-25T04:50:14.273409,midterm,1
406,Hindi,72.4368240593229,100,72.4368240593229,2025-11-25T04:50:14.273409,midterm,1
406,Mathematics,74.55664343197344,100,74.55664343197344,2025-11-17T04:50:14.273409,midterm,2
406,Science,62.27241626122136,100,62.27241626122136,2025-11-17T04:50:14.273409,midterm,2
406,English,71.28319993858454,100,71.28319993858454,2025-11-17T04:50:14.273409,midterm,2
406,Social Studies,60.409834287535425,100,60.409834287535425,2025-11-17T04:50:14.273409,midterm,2
406,Hindi,58.11913400472541,100,58.11913400472541,2025-11-17T04:50:14.273409,midterm,2
406,Mathematics,55.739874291195456,100,55.739874291195456,2026-03-02T04:50:14.273409,final,3
406,Science,55.96634056795742,100,55.96634056795742,2026-03-02T04:50:14.273409,final,3
406,English,43.59223491864276,100,43.59223491864276,2026-03-02T04:50:14.273409,final,3
406,Social Studies,61.71279811780646,100,61.71279811780646,2026-03-02T04:50:14.273409,final,3
406,Hindi,58.666911379592634,100,58.666911379592634,2026-03-02T04:50:14.273409,final,3
407,Mathematics,55.57914274147928,100,55.57914274147928,2026-01-11T04:50:14.273409,midterm,1
407,Science,49.06077046508662,100,49.06077046508662,2026-01-11T04:50:14.273409,midterm,1
407,English,46.498498485009605,100,46.498498485009605,2026-01-11T04:50:14.273409,midterm,1
407,Social Studies,39.41360520062422,100,39.41360520062422,2026-01-11T04:50:14.273409,midterm,1
407,Hindi,48.84706786891814,100,48.84706786891814,2026-01-11T04:50:14.273409,midterm,1
407,Mathematics,55.50790780886214,100,55.50790780886214,2025-10-06T04:50:14.273409,midterm,2
407,Science,36.692145589861916,100,36.692145589861916,2025-10-06T04:50:14.273409,midterm,2
407,English,49.00027303750792,100,49.00027303750792,2025-10-06T04:50:14.273409,midterm,2
407,Social Studies,50.45596501599536,100,50.45596501599536,2025-10-06T04:50:14.273409,midterm,2
407,Hindi,40.94488766451788,100,40.94488766451788,2025-10-06T04:50:14.273409,midterm,2
407,Mathematics,42.24697245162052,100,42.24697245162052,2025-10-02T04:50:14.273409,final,3
407,Science,50.431643988362666,100,50.431643988362666,2025-10-02T04:50:14.273409,final,3
407,English,36.791325317774294,100,36.791325317774294,2025-10-02T04:50:14.273409,final,3
407,Social Studies,51.62477265319445,100,51.62477265319445,2025-10-02T04:50:14.273409,final,3
407,Hindi,39.171991764108526,100,39.171991764108526,2025-10-02T04:50:14.273409,final,3
408,Mathematics,47.00619714033557,100,47.00619714033557,2026-01-16T04:50:14.273409,midterm,1
408,Science,59.755937663886414,100,59.755937663886414,2026-01-16T04:50:14.273409,midterm,1
408,English,27.770092192985217,100,27.770092192985217,2026-01-16T04:50:14.273409,midterm,1
408,Social Studies,41.71973883375016,100,41.71973883375016,2026-01-16T04:50:14.273409,midterm,1
408,Hindi,29.110241161183218,100,29.110241161183218,2026-01-16T04:50:14.273409,midterm,1
408,Mathematics,46.78720194798131,100,46.78720194798131,2026-02-05T04:50:14.273409,midterm,2
408,Science,23.72507611915126,100,23.72507611915126,2026-02-05T04:50:14.273409,midterm,2
408,English,41.183527794280536,100,41.183527794280536,2026-02-05T04:50:14.273409,midterm,2
408,Social Studies,27.647770541109885,100,27.647770541109885,2026-02-05T04:50:14.273409,midterm,2
408,Hindi,34.30781431901973,100,34.30781431901973,2026-02-05T04:50:14.273409,midterm,2
408,Mathematics,26.06740745853034,100,26.06740745853034,2025-12-27T04:50:14.273409,final,3
408,Science,44.60116491896095,100,44.60116491896095,2025-12-27T04:50:14.273409,final,3
408,English,28.00785666560754,100,28.00785666560754,2025-12-27T04:50:14.273409,final,3
408,Social Studies,41.897302803321686,100,41.897302803321686,2025-12-27T04:50:14.273409,final,3
408,Hindi,32.936679927380084,100,32.936679927380084,2025-12-27T04:50:14.273409,final,3
409,Mathematics,80.17053957129798,100,80.17053957129798,2025-11-22T04:50:14.273409,midterm,1
409,Science,82.7928223632879,100,82.7928223632879,2025-11-22T04:50:14.273409,midterm,1
409,English,73.69701657269812,100,73.69701657269812,2025-11-22T04:50:14.273409,midterm,1
409,Social Studies,83.41893442469548,100,83.41893442469548,2025-11-22T04:50:14.273409,midterm,1
409,Hindi,96.61860893283071,100,96.61860893283071,2025-11-22T04:50:14.273409,midterm,1
409,Mathematics,73.53431543095947,100,73.53431543095947,2025-11-04T04:50:14.273409,midterm,2
409,Science,93.03336472202506,100,93.03336472202506,2025-11-04T04:50:14.273409,midterm,2
409,English,96.29623962416444,100,96.29623962416444,2025-11-04T04:50:14.273409,midterm,2
409,Social Studies,73.15371339900616,100,73.15371339900616,2025-11-04T04:50:14.273409,midterm,2
409,Hindi,66.76471723838108,100,66.76471723838108,2025-11-04T04:50:14.273409,midterm,2
409,Mathematics,84.33487229100425,100,84.33487229100425,2025-11-28T04:50:14.273409,final,3
409,Science,75.84118806161787,100,75.84118806161787,2025-11-28T04:50:14.273409,final,3
409,English,100.0,100,100.0,2025-11-28T04:50:14.273409,final,3
409,Social Studies,81.66333869428493,100,81.66333869428493,2025-11-28T04:50:14.273409,final,3
409,Hindi,73.29326920893482,100,73.29326920893482,2025-11-28T04:50:14.273409,final,3
410,Mathematics,72.58646114879699,100,72.58646114879699,2025-11-02T04:50:14.273409,midterm,1
410,Science,94.9571058498224,100,94.9571058498224,2025-11-02T04:50:14.273409,midterm,1
410,English,78.34621651807223,100,78.34621651807223,2025-11-02T04:50:14.273409,midterm,1
410,Social Studies,84.49634425351837,100,84.49634425351837,2025-11-02T04:50:14.273409,midterm,1
410,Hindi,93.61608371003891,100,93.61608371003891,2025-11-02T04:50:14.273409,midterm,1
410,Mathematics,79.21547273960579,100,79.21547273960579,2026-02-19T04:50:14.273409,midterm,2
410,Science,83.59876797151249,100,83.59876797151249,2026-02-19T04:50:14.273409,midterm,2
410,English,83.8923721606889,100,83.8923721606889,2026-02-19T04:50:14.273409,midterm,2
410,Social Studies,90.89130137407501,100,90.89130137407501,2026-02-19T04:50:14.273409,midterm,2
410,Hindi,89.96549961401735,100,89.96549961401735,2026-02-19T04:50:14.273409,midterm,2
410,Mathematics,81.85691894636581,100,81.85691894636581,2025-11-12T04:50:14.273409,final,3
410,Science,84.69454687387928,100,84.69454687387928,2025-11-12T04:50:14.273409,final,3
410,English,80.3402661436792,100,80.3402661436792,2025-11-12T04:50:14.273409,final,3
410,Social Studies,69.28193218971964,100,69.28193218971964,2025-11-12T04:50:14.273409,final,3
410,Hindi,86.63406483289539,100,86.63406483289539,2025-11-12T04:50:14.273409,final,3
411,Mathematics,86.5863221356819,100,86.5863221356819,2025-12-28T04:50:14.273409,midterm,1
411,Science,58.8272131204406,100,58.8272131204406,2025-12-28T04:50:14.273409,midterm,1
411,English,59.93410743132419,100,59.93410743132419,2025-12-28T04:50:14.273409,midterm,1
411,Social Studies,58.957126810913806,100,58.957126810913806,2025-12-28T04:50:14.273409,midterm,1
411,Hindi,74.91032231458244,100,74.91032231458244,2025-12-28T04:50:14.273409,midterm,1
411,Mathematics,72.14925906931562,100,72.14925906931562,2025-11-03T04:50:14.273409,midterm,2
411,Science,66.07902760318666,100,66.07902760318666,2025-11-03T04:50:14.273409,midterm,2
411,English,58.48421391096157,100,58.48421391096157,2025-11-03T04:50:14.273409,midterm,2
411,Social Studies,68.58817244375047,100,68.58817244375047,2025-11-03T04:50:14.273409,midterm,2
411,Hindi,52.01818325399318,100,52.01818325399318,2025-11-03T04:50:14.273409,midterm,2
411,Mathematics,69.09867019592616,100,69.09867019592616,2025-10-14T04:50:14.273409,final,3
411,Science,76.37964838823056,100,76.37964838823056,2025-10-14T04:50:14.273409,final,3
411,English,55.152413161014444,100,55.152413161014444,2025-10-14T04:50:14.273409,final,3
411,Social Studies,52.33922175905459,100,52.33922175905459,2025-10-14T04:50:14.273409,final,3
411,Hindi,83.45878344429983,100,83.45878344429983,2025-10-14T04:50:14.273409,final,3
412,Mathematics,64.20309041914724,100,64.20309041914724,2026-01-04T04:50:14.273409,midterm,1
412,Science,81.68016527363132,100,81.68016527363132,2026-01-04T04:50:14.273409,midterm,1
412,English,68.78071016221477,100,68.78071016221477,2026-01-04T04:50:14.273409,midterm,1
412,Social Studies,68.70113864477982,100,68.70113864477982,2026-01-04T04:50:14.273409,midterm,1
412,Hindi,74.70481380915955,100,74.70481380915955,2026-01-04T04:50:14.273409,midterm,1
412,Mathematics,61.48069824672869,100,61.48069824672869,2025-12-13T04:50:14.273409,midterm,2
412,Science,71.64565824914955,100,71.64565824914955,2025-12-13T04:50:14.273409,midterm,2
412,English,66.50579266595217,100,66.50579266595217,2025-12-13T04:50:14.273409,midterm,2
412,Social Studies,57.11575238014278,100,57.11575238014278,2025-12-13T04:50:14.273409,midterm,2
412,Hindi,73.69550756145709,100,73.69550756145709,2025-12-13T04:50:14.273409,midterm,2
412,Mathematics,67.68760874541394,100,67.68760874541394,2025-10-01T04:50:14.273409,final,3
412,Science,68.75043852974602,100,68.75043852974602,2025-10-01T04:50:14.273409,final,3
412,English,58.219077380051516,100,58.219077380051516,2025-10-01T04:50:14.273409,final,3
412,Social Studies,86.23469049182114,100,86.23469049182114,2025-10-01T04:50:14.273409,final,3
412,Hindi,79.08782867805425,100,79.08782867805425,2025-10-01T04:50:14.273409,final,3
413,Mathematics,58.28642316633844,100,58.28642316633844,2025-10-29T04:50:14.273409,midterm,1
413,Science,45.590417300201835,100,45.590417300201835,2025-10-29T04:50:14.273409,midterm,1
413,English,31.35303542958445,100,31.35303542958445,2025-10-29T04:50:14.273409,midterm,1
413,Social Studies,68.17403814951376,100,68.17403814951376,2025-10-29T04:50:14.273409,midterm,1
413,Hindi,48.03388924455997,100,48.03388924455997,2025-10-29T04:50:14.273409,midterm,1
413,Mathematics,41.156866364418114,100,41.156866364418114,2025-11-15T04:50:14.273409,midterm,2
413,Science,52.81288006944979,100,52.81288006944979,2025-11-15T04:50:14.273409,midterm,2
413,English,60.316072204651626,100,60.316072204651626,2025-11-15T04:50:14.273409,midterm,2
413,Social Studies,48.41435876376399,100,48.41435876376399,2025-11-15T04:50:14.273409,midterm,2
413,Hindi,61.43061600401239,100,61.43061600401239,2025-11-15T04:50:14.273409,midterm,2
413,Mathematics,59.474863709787336,100,59.474863709787336,2025-10-06T04:50:14.273409,final,3
413,Science,37.88105245059807,100,37.88105245059807,2025-10-06T04:50:14.273409,final,3
413,English,41.90696326802389,100,41.90696326802389,2025-10-06T04:50:14.273409,final,3
413,Social Studies,58.22023595741633,100,58.22023595741633,2025-10-06T04:50:14.273409,final,3
413,Hindi,21.518738686514272,100,21.518738686514272,2025-10-06T04:50:14.273409,final,3
414,Mathematics,78.44900465846742,100,78.44900465846742,2025-12-17T04:50:14.273409,midterm,1
414,Science,65.63524957387058,100,65.63524957387058,2025-12-17T04:50:14.273409,midterm,1
414,English,75.17802357578205,100,75.17802357578205,2025-12-17T04:50:14.273409,midterm,1
414,Social Studies,76.95536069982526,100,76.95536069982526,2025-12-17T04:50:14.273409,midterm,1
414,Hindi,76.36111781104222,100,76.36111781104222,2025-12-17T04:50:14.273409,midterm,1
414,Mathematics,74.4209490689912,100,74.4209490689912,2026-01-13T04:50:14.273409,midterm,2
414,Science,68.97212509382916,100,68.97212509382916,2026-01-13T04:50:14.273409,midterm,2
414,English,100.0,100,100.0,2026-01-13T04:50:14.273409,midterm,2
414,Social Studies,98.6181816317308,100,98.6181816317308,2026-01-13T04:50:14.273409,midterm,2
414,Hindi,68.32290338755448,100,68.32290338755448,2026-01-13T04:50:14.273409,midterm,2
414,Mathematics,95.76472910315297,100,95.76472910315297,2026-02-16T04:50:14.273409,final,3
414,Science,75.94890668538876,100,75.94890668538876,2026-02-16T04:50:14.273409,final,3
414,English,81.2354363234344,100,81.2354363234344,2026-02-16T04:50:14.273409,final,3
414,Social Studies,79.31082199114815,100,79.31082199114815,2026-02-16T04:50:14.273409,final,3
414,Hindi,73.34607517757765,100,73.34607517757765,2026-02-16T04:50:14.273409,final,3
415,Mathematics,60.03038497558653,100,60.03038497558653,2026-02-23T04:50:14.273409,midterm,1
415,Science,51.45072684529164,100,51.45072684529164,2026-02-23T04:50:14.273409,midterm,1
415,English,45.42634730733265,100,45.42634730733265,2026-02-23T04:50:14.273409,midterm,1
415,Social Studies,37.14596710152034,100,37.14596710152034,2026-02-23T04:50:14.273409,midterm,1
415,Hindi,41.25591140233386,100,41.25591140233386,2026-02-23T04:50:14.273409,midterm,1
415,Mathematics,33.7780603835041,100,33.7780603835041,2026-02-04T04:50:14.273409,midterm,2
415,Science,50.31409702367676,100,50.31409702367676,2026-02-04T04:50:14.273409,midterm,2
415,English,38.22520561668111,100,38.22520561668111,2026-02-04T04:50:14.273409,midterm,2
415,Social Studies,47.536256414339654,100,47.536256414339654,2026-02-04T04:50:14.273409,midterm,2
415,Hindi,63.892880075628774,100,63.892880075628774,2026-02-04T04:50:14.273409,midterm,2
415,Mathematics,62.18485726874092,100,62.18485726874092,2025-12-30T04:50:14.273409,final,3
415,Science,49.86909259849889,100,49.86909259849889,2025-12-30T04:50:14.273409,final,3
415,English,49.321014278093564,100,49.321014278093564,2025-12-30T04:50:14.273409,final,3
415,Social Studies,68.99060703373515,100,68.99060703373515,2025-12-30T04:50:14.273409,final,3
415,Hindi,55.399422743112176,100,55.399422743112176,2025-12-30T04:50:14.273409,final,3
416,Mathematics,55.84365434044765,100,55.84365434044765,2025-10-20T04:50:14.273409,midterm,1
416,Science,44.861537768008354,100,44.861537768008354,2025-10-20T04:50:14.273409,midterm,1
416,English,63.06045112086031,100,63.06045112086031,2025-10-20T04:50:14.273409,midterm,1
416,Social Studies,67.4149566650415,100,67.4149566650415,2025-10-20T04:50:14.273409,midterm,1
416,Hindi,52.80520369407644,100,52.80520369407644,2025-10-20T04:50:14.273409,midterm,1
416,Mathematics,62.0337464905932,100,62.0337464905932,2025-11-17T04:50:14.273409,midterm,2
416,Science,55.48598599006259,100,55.48598599006259,2025-11-17T04:50:14.273409,midterm,2
416,English,57.28139494722285,100,57.28139494722285,2025-11-17T04:50:14.273409,midterm,2
416,Social Studies,34.243498363589566,100,34.243498363589566,2025-11-17T04:50:14.273409,midterm,2
416,Hindi,56.90390490205152,100,56.90390490205152,2025-11-17T04:50:14.273409,midterm,2
416,Mathematics,68.81541196329341,100,68.81541196329341,2026-01-02T04:50:14.273409,final,3
416,Science,52.807693383547296,100,52.807693383547296,2026-01-02T04:50:14.273409,final,3
416,English,59.646982621366035,100,59.646982621366035,2026-01-02T04:50:14.273409,final,3
416,Social Studies,51.56221187229367,100,51.56221187229367,2026-01-02T04:50:14.273409,final,3
416,Hindi,62.7261357021406,100,62.7261357021406,2026-01-02T04:50:14.273409,final,3
417,Mathematics,65.29966043006775,100,65.29966043006775,2025-10-28T04:50:14.273409,midterm,1
417,Science,58.07247699860941,100,58.07247699860941,2025-10-28T04:50:14.273409,midterm,1
417,English,80.79040708208076,100,80.79040708208076,2025-10-28T04:50:14.273409,midterm,1
417,Social Studies,76.75421254075164,100,76.75421254075164,2025-10-28T04:50:14.273409,midterm,1
417,Hindi,61.415824766147736,100,61.415824766147736,2025-10-28T04:50:14.273409,midterm,1
417,Mathematics,72.44277549960725,100,72.44277549960725,2025-12-02T04:50:14.273409,midterm,2
417,Science,72.83901243363329,100,72.83901243363329,2025-12-02T04:50:14.273409,midterm,2
417,English,73.88790475554124,100,73.88790475554124,2025-12-02T04:50:14.273409,midterm,2
417,Social Studies,50.52233344547871,100,50.52233344547871,2025-12-02T04:50:14.273409,midterm,2
417,Hindi,77.53095781575576,100,77.53095781575576,2025-12-02T04:50:14.273409,midterm,2
417,Mathematics,61.767902776172164,100,61.767902776172164,2025-11-19T04:50:14.273409,final,3
417,Science,63.88661307101681,100,63.88661307101681,2025-11-19T04:50:14.273409,final,3
417,English,93.84370992803147,100,93.84370992803147,2025-11-19T04:50:14.273409,final,3
417,Social Studies,70.48362621263959,100,70.48362621263959,2025-11-19T04:50:14.273409,final,3
417,Hindi,63.60166765095772,100,63.60166765095772,2025-11-19T04:50:14.273409,final,3
418,Mathematics,16.92963863047816,100,16.92963863047816,2026-01-18T04:50:14.273409,midterm,1
418,Science,52.880223697500774,100,52.880223697500774,2026-01-18T04:50:14.273409,midterm,1
418,English,25.530485649951196,100,25.530485649951196,2026-01-18T04:50:14.273409,midterm,1
418,Social Studies,28.948193323042183,100,28.948193323042183,2026-01-18T04:50:14.273409,midterm,1
418,Hindi,35.66905936715873,100,35.66905936715873,2026-01-18T04:50:14.273409,midterm,1
418,Mathematics,53.146700275040146,100,53.146700275040146,2025-11-09T04:50:14.273409,midterm,2
418,Science,46.714982224694815,100,46.714982224694815,2025-11-09T04:50:14.273409,midterm,2
418,English,37.40420725963462,100,37.40420725963462,2025-11-09T04:50:14.273409,midterm,2
418,Social Studies,42.06550299442543,100,42.06550299442543,2025-11-09T04:50:14.273409,midterm,2
418,Hindi,32.97872542932616,100,32.97872542932616,2025-11-09T04:50:14.273409,midterm,2
418,Mathematics,40.37911925369073,100,40.37911925369073,2025-10-27T04:50:14.273409,final,3
418,Science,39.71594980581859,100,39.71594980581859,2025-10-27T04:50:14.273409,final,3
418,English,48.670281314850754,100,48.670281314850754,2025-10-27T04:50:14.273409,final,3
418,Social Studies,48.65436358242671,100,48.65436358242671,2025-10-27T04:50:14.273409,final,3
418,Hindi,43.92235618009367,100,43.92235618009367,2025-10-27T04:50:14.273409,final,3
419,Mathematics,30.95217527544635,100,30.95217527544635,2025-12-28T04:50:14.273409,midterm,1
419,Science,41.993873794808636,100,41.993873794808636,2025-12-28T04:50:14.273409,midterm,1
419,English,33.65596618887691,100,33.65596618887691,2025-12-28T04:50:14.273409,midterm,1
419,Social Studies,23.756507163776043,100,23.756507163776043,2025-12-28T04:50:14.273409,midterm,1
419,Hindi,30.542772931797984,100,30.542772931797984,2025-12-28T04:50:14.273409,midterm,1
419,Mathematics,35.42092068875062,100,35.42092068875062,2026-02-23T04:50:14.273409,midterm,2
419,Science,43.67780868755483,100,43.67780868755483,2026-02-23T04:50:14.273409,midterm,2
419,English,32.74036912933584,100,32.74036912933584,2026-02-23T04:50:14.273409,midterm,2
419,Social Studies,22.48366373851131,100,22.48366373851131,2026-02-23T04:50:14.273409,midterm,2
419,Hindi,35.143067683875564,100,35.143067683875564,2026-02-23T04:50:14.273409,midterm,2
419,Mathematics,35.7102112514729,100,35.7102112514729,2026-02-14T04:50:14.273409,final,3
419,Science,36.434027139934905,100,36.434027139934905,2026-02-14T04:50:14.273409,final,3
419,English,43.77436601045167,100,43.77436601045167,2026-02-14T04:50:14.273409,final,3
419,Social Studies,44.76488325180635,100,44.76488325180635,2026-02-14T04:50:14.273409,final,3
419,Hindi,28.633542127090706,100,28.633542127090706,2026-02-14T04:50:14.273409,final,3
420,Mathematics,29.79659540037892,100,29.79659540037892,2026-02-09T04:50:14.273409,midterm,1
420,Science,25.556042871313622,100,25.556042871313622,2026-02-09T04:50:14.273409,midterm,1
420,English,42.94618668367312,100,42.94618668367312,2026-02-09T04:50:14.273409,midterm,1
420,Social Studies,50.44623106424551,100,50.44623106424551,2026-02-09T04:50:14.273409,midterm,1
420,Hindi,32.80721070177912,100,32.80721070177912,2026-02-09T04:50:14.273409,midterm,1
420,Mathematics,33.54372433361842,100,33.54372433361842,2025-10-31T04:50:14.273409,midterm,2
420,Science,50.625855549858116,100,50.625855549858116,2025-10-31T04:50:14.273409,midterm,2
420,English,41.01360851301843,100,41.01360851301843,2025-10-31T04:50:14.273409,midterm,2
420,Social Studies,40.320387028878905,100,40.320387028878905,2025-10-31T04:50:14.273409,midterm,2
420,Hindi,24.048864921131084,100,24.048864921131084,2025-10-31T04:50:14.273409,midterm,2
420,Mathematics,42.745310673662544,100,42.745310673662544,2025-12-31T04:50:14.274409,final,3
420,Science,26.66666657577077,100,26.66666657577077,2025-12-31T04:50:14.274409,final,3
420,English,24.617828121518773,100,24.617828121518773,2025-12-31T04:50:14.274409,final,3
420,Social Studies,32.49031421320123,100,32.49031421320123,2025-12-31T04:50:14.274409,final,3
420,Hindi,30.100102746381452,100,30.100102746381452,2025-12-31T04:50:14.274409,final,3
421,Mathematics,31.23090766079335,100,31.23090766079335,2026-01-17T04:50:14.274409,midterm,1
421,Science,19.037088259394555,100,19.037088259394555,2026-01-17T04:50:14.274409,midterm,1
421,English,43.03506766932047,100,43.03506766932047,2026-01-17T04:50:14.274409,midterm,1
421,Social Studies,44.72376754980803,100,44.72376754980803,2026-01-17T04:50:14.274409,midterm,1
421,Hindi,13.9734798632356,100,13.9734798632356,2026-01-17T04:50:14.274409,midterm,1
421,Mathematics,43.231482661309244,100,43.231482661309244,2025-12-18T04:50:14.274409,midterm,2
421,Science,25.341618306427478,100,25.341618306427478,2025-12-18T04:50:14.274409,midterm,2
421,English,42.0166599744716,100,42.0166599744716,2025-12-18T04:50:14.274409,midterm,2
421,Social Studies,32.762439677979586,100,32.762439677979586,2025-12-18T04:50:14.274409,midterm,2
421,Hindi,33.734660245453725,100,33.734660245453725,2025-12-18T04:50:14.274409,midterm,2
421,Mathematics,31.595928110431554,100,31.595928110431554,2026-03-03T04:50:14.274409,final,3
421,Science,45.568196646978606,100,45.568196646978606,2026-03-03T04:50:14.274409,final,3
421,English,21.051024479393458,100,21.051024479393458,2026-03-03T04:50:14.274409,final,3
421,Social Studies,39.52530799199383,100,39.52530799199383,2026-03-03T04:50:14.274409,final,3
421,Hindi,44.46020625353924,100,44.46020625353924,2026-03-03T04:50:14.274409,final,3
422,Mathematics,78.28117883703757,100,78.28117883703757,2025-11-10T04:50:14.274409,midterm,1
422,Science,94.36476717486764,100,94.36476717486764,2025-11-10T04:50:14.274409,midterm,1
422,English,65.82831040438647,100,65.82831040438647,2025-11-10T04:50:14.274409,midterm,1
422,Social Studies,80.69082625756877,100,80.69082625756877,2025-11-10T04:50:14.274409,midterm,1
422,Hindi,70.05687167821927,100,70.05687167821927,2025-11-10T04:50:14.274409,midterm,1
422,Mathematics,83.45183879516016,100,83.45183879516016,2025-10-20T04:50:14.274409,midterm,2
422,Science,71.04088807441977,100,71.04088807441977,2025-10-20T04:50:14.274409,midterm,2
422,English,67.23902021300877,100,67.23902021300877,2025-10-20T04:50:14.274409,midterm,2
422,Social Studies,84.17850007034976,100,84.17850007034976,2025-10-20T04:50:14.274409,midterm,2
422,Hindi,66.20215864144416,100,66.20215864144416,2025-10-20T04:50:14.274409,midterm,2
422,Mathematics,56.9905204426279,100,56.9905204426279,2025-11-24T04:50:14.274409,final,3
422,Science,65.94930919989518,100,65.94930919989518,2025-11-24T04:50:14.274409,final,3
422,English,77.30810749751879,100,77.30810749751879,2025-11-24T04:50:14.274409,final,3
422,Social Studies,85.03816554750438,100,85.03816554750438,2025-11-24T04:50:14.274409,final,3
422,Hindi,72.22907178459859,100,72.22907178459859,2025-11-24T04:50:14.274409,final,3
423,Mathematics,90.83087884441106,100,90.83087884441106,2025-11-19T04:50:14.274409,midterm,1
423,Science,64.06715895729486,100,64.06715895729486,2025-11-19T04:50:14.274409,midterm,1
423,English,73.21627352389177,100,73.21627352389177,2025-11-19T04:50:14.274409,midterm,1
423,Social Studies,74.76315700052979,100,74.76315700052979,2025-11-19T04:50:14.274409,midterm,1
423,Hindi,76.5033138973456,100,76.5033138973456,2025-11-19T04:50:14.274409,midterm,1
423,Mathematics,78.48985205457276,100,78.48985205457276,2025-10-30T04:50:14.274409,midterm,2
423,Science,84.55801774599273,100,84.55801774599273,2025-10-30T04:50:14.274409,midterm,2
423,English,73.2008397903659,100,73.2008397903659,2025-10-30T04:50:14.274409,midterm,2
423,Social Studies,79.03919504160206,100,79.03919504160206,2025-10-30T04:50:14.274409,midterm,2
423,Hindi,77.19767926883029,100,77.19767926883029,2025-10-30T04:50:14.274409,midterm,2
423,Mathematics,68.39000913315931,100,68.39000913315931,2025-11-20T04:50:14.274409,final,3
423,Science,76.51224128125645,100,76.51224128125645,2025-11-20T04:50:14.274409,final,3
423,English,76.21231287309962,100,76.21231287309962,2025-11-20T04:50:14.274409,final,3
423,Social Studies,75.99810252204034,100,75.99810252204034,2025-11-20T04:50:14.274409,final,3
423,Hindi,77.9665027378853,100,77.9665027378853,2025-11-20T04:50:14.274409,final,3
424,Mathematics,64.00174761175435,100,64.00174761175435,2025-10-04T04:50:14.274409,midterm,1
424,Science,58.9220604145472,100,58.9220604145472,2025-10-04T04:50:14.274409,midterm,1
424,English,75.97215954533314,100,75.97215954533314,2025-10-04T04:50:14.274409,midterm,1
424,Social Studies,51.55020591359033,100,51.55020591359033,2025-10-04T04:50:14.274409,midterm,1
424,Hindi,56.035311120921534,100,56.035311120921534,2025-10-04T04:50:14.274409,midterm,1
424,Mathematics,91.04464844785605,100,91.04464844785605,2025-12-12T04:50:14.274409,midterm,2
424,Science,52.8650986557282,100,52.8650986557282,2025-12-12T04:50:14.274409,midterm,2
424,English,49.70746545852291,100,49.70746545852291,2025-12-12T04:50:14.274409,midterm,2
424,Social Studies,70.58977965563268,100,70.58977965563268,2025-12-12T04:50:14.274409,midterm,2
424,Hindi,42.47381366788176,100,42.47381366788176,2025-12-12T04:50:14.274409,midterm,2
424,Mathematics,60.89227310589611,100,60.89227310589611,2026-01-14T04:50:14.274409,final,3
424,Science,84.70326145638538,100,84.70326145638538,2026-01-14T04:50:14.274409,final,3
424,English,47.795652984086495,100,47.795652984086495,2026-01-14T04:50:14.274409,final,3
424,Social Studies,43.425367348233365,100,43.425367348233365,2026-01-14T04:50:14.274409,final,3
424,Hindi,48.253200186043514,100,48.253200186043514,2026-01-14T04:50:14.274409,final,3
425,Mathematics,79.84716180366648,100,79.84716180366648,2025-12-19T04:50:14.274409,midterm,1
425,Science,82.11133332005474,100,82.11133332005474,2025-12-19T04:50:14.274409,midterm,1
425,English,65.73767815041154,100,65.73767815041154,2025-12-19T04:50:14.274409,midterm,1
425,Social Studies,77.6956901602073,100,77.6956901602073,2025-12-19T04:50:14.274409,midterm,1
425,Hindi,84.76611939531652,100,84.76611939531652,2025-12-19T04:50:14.274409,midterm,1
425,Mathematics,88.73703026449488,100,88.73703026449488,2025-12-15T04:50:14.274409,midterm,2
425,Science,68.40021330839814,100,68.40021330839814,2025-12-15T04:50:14.274409,midterm,2
425,English,47.848848943496755,100,47.848848943496755,2025-12-15T04:50:14.274409,midterm,2
425,Social Studies,62.654776896099754,100,62.654776896099754,2025-12-15T04:50:14.274409,midterm,2
425,Hindi,66.59552417084404,100,66.59552417084404,2025-12-15T04:50:14.274409,midterm,2
425,Mathematics,68.27417815441272,100,68.27417815441272,2025-11-07T04:50:14.274409,final,3
425,Science,68.98497211010942,100,68.98497211010942,2025-11-07T04:50:14.274409,final,3
425,English,82.05251209950332,100,82.05251209950332,2025-11-07T04:50:14.274409,final,3
425,Social Studies,83.60785038707243,100,83.60785038707243,2025-11-07T04:50:14.274409,final,3
425,Hindi,69.14682958094879,100,69.14682958094879,2025-11-07T04:50:14.274409,final,3
426,Mathematics,42.33402013060329,100,42.33402013060329,2025-09-26T04:50:14.274409,midterm,1
426,Science,34.925785036396,100,34.925785036396,2025-09-26T04:50:14.274409,midterm,1
426,English,31.994231098710824,100,31.994231098710824,2025-09-26T04:50:14.274409,midterm,1
426,Social Studies,40.41461294118474,100,40.41461294118474,2025-09-26T04:50:14.274409,midterm,1
426,Hindi,32.07169185246426,100,32.07169185246426,2025-09-26T04:50:14.274409,midterm,1
426,Mathematics,51.92728314106273,100,51.92728314106273,2025-12-21T04:50:14.274409,midterm,2
426,Science,16.965059702139513,100,16.965059702139513,2025-12-21T04:50:14.274409,midterm,2
426,English,26.19746237916493,100,26.19746237916493,2025-12-21T04:50:14.274409,midterm,2
426,Social Studies,30.0839824005456,100,30.0839824005456,2025-12-21T04:50:14.274409,midterm,2
426,Hindi,35.743698274665014,100,35.743698274665014,2025-12-21T04:50:14.274409,midterm,2
426,Mathematics,44.02877624111599,100,44.02877624111599,2025-10-09T04:50:14.274409,final,3
426,Science,31.105185697723538,100,31.105185697723538,2025-10-09T04:50:14.274409,final,3
426,English,17.126874875023034,100,17.126874875023034,2025-10-09T04:50:14.274409,final,3
426,Social Studies,39.774310334635146,100,39.774310334635146,2025-10-09T04:50:14.274409,final,3
426,Hindi,38.89875903150475,100,38.89875903150475,2025-10-09T04:50:14.274409,final,3
427,Mathematics,73.2414303417464,100,73.2414303417464,2026-01-11T04:50:14.274409,midterm,1
427,Science,92.62197559883246,100,92.62197559883246,2026-01-11T04:50:14.274409,midterm,1
427,English,76.75859862873747,100,76.75859862873747,2026-01-11T04:50:14.274409,midterm,1
427,Social Studies,86.01350596051984,100,86.01350596051984,2026-01-11T04:50:14.274409,midterm,1
427,Hindi,83.63192766591246,100,83.63192766591246,2026-01-11T04:50:14.274409,midterm,1
427,Mathematics,100.0,100,100.0,2026-01-20T04:50:14.274409,midterm,2
427,Science,93.82831867726229,100,93.82831867726229,2026-01-20T04:50:14.274409,midterm,2
427,English,79.80410692798017,100,79.80410692798017,2026-01-20T04:50:14.274409,midterm,2
427,Social Studies,100.0,100,100.0,2026-01-20T04:50:14.274409,midterm,2
427,Hindi,78.3219586962563,100,78.3219586962563,2026-01-20T04:50:14.274409,midterm,2
427,Mathematics,95.96115484024989,100,95.96115484024989,2025-10-08T04:50:14.274409,final,3
427,Science,84.5199102426249,100,84.5199102426249,2025-10-08T04:50:14.274409,final,3
427,English,89.00324611023525,100,89.00324611023525,2025-10-08T04:50:14.274409,final,3
427,Social Studies,97.7027244159243,100,97.7027244159243,2025-10-08T04:50:14.274409,final,3
427,Hindi,97.87451092613574,100,97.87451092613574,2025-10-08T04:50:14.274409,final,3
428,Mathematics,56.10671397449089,100,56.10671397449089,2025-10-12T04:50:14.274409,midterm,1
428,Science,41.91448624221675,100,41.91448624221675,2025-10-12T04:50:14.274409,midterm,1
428,English,45.801531868564695,100,45.801531868564695,2025-10-12T04:50:14.274409,midterm,1
428,Social Studies,38.35965001488804,100,38.35965001488804,2025-10-12T04:50:14.274409,midterm,1
428,Hindi,44.55692206515926,100,44.55692206515926,2025-10-12T04:50:14.274409,midterm,1
428,Mathematics,47.1318837190164,100,47.1318837190164,2026-01-22T04:50:14.274409,midterm,2
428,Science,41.75392476438753,100,41.75392476438753,2026-01-22T04:50:14.274409,midterm,2
428,English,24.699518398006322,100,24.699518398006322,2026-01-22T04:50:14.274409,midterm,2
428,Social Studies,46.05173220224024,100,46.05173220224024,2026-01-22T04:50:14.274409,midterm,2
428,Hindi,46.382638012485856,100,46.382638012485856,2026-01-22T04:50:14.274409,midterm,2
428,Mathematics,35.93528847545178,100,35.93528847545178,2025-11-25T04:50:14.274409,final,3
428,Science,29.893152878206145,100,29.893152878206145,2025-11-25T04:50:14.274409,final,3
428,English,57.49581474397094,100,57.49581474397094,2025-11-25T04:50:14.274409,final,3
428,Social Studies,47.651478347875305,100,47.651478347875305,2025-11-25T04:50:14.274409,final,3
428,Hindi,40.44621292971419,100,40.44621292971419,2025-11-25T04:50:14.274409,final,3
429,Mathematics,48.24505310337946,100,48.24505310337946,2026-03-05T04:50:14.274409,midterm,1
429,Science,51.39723365064087,100,51.39723365064087,2026-03-05T04:50:14.274409,midterm,1
429,English,72.64128590271665,100,72.64128590271665,2026-03-05T04:50:14.274409,midterm,1
429,Social Studies,60.992001343534795,100,60.992001343534795,2026-03-05T04:50:14.274409,midterm,1
429,Hindi,54.10951126484727,100,54.10951126484727,2026-03-05T04:50:14.274409,midterm,1
429,Mathematics,64.7122742471009,100,64.7122742471009,2025-11-17T04:50:14.274409,midterm,2
429,Science,51.4714000603911,100,51.4714000603911,2025-11-17T04:50:14.274409,midterm,2
429,English,74.62381223765811,100,74.62381223765811,2025-11-17T04:50:14.274409,midterm,2
429,Social Studies,73.14338728382158,100,73.14338728382158,2025-11-17T04:50:14.274409,midterm,2
429,Hindi,54.94964122282657,100,54.94964122282657,2025-11-17T04:50:14.274409,midterm,2
429,Mathematics,53.32867946454573,100,53.32867946454573,2025-10-24T04:50:14.274409,final,3
429,Science,33.434049947931534,100,33.434049947931534,2025-10-24T04:50:14.274409,final,3
429,English,44.799574219340656,100,44.799574219340656,2025-10-24T04:50:14.274409,final,3
429,Social Studies,46.220684185276774,100,46.220684185276774,2025-10-24T04:50:14.274409,final,3
429,Hindi,60.96728534472819,100,60.96728534472819,2025-10-24T04:50:14.274409,final,3
430,Mathematics,82.38773061177848,100,82.38773061177848,2026-01-10T04:50:14.274409,midterm,1
430,Science,72.19671278203967,100,72.19671278203967,2026-01-10T04:50:14.274409,midterm,1
430,English,82.8384272315465,100,82.8384272315465,2026-01-10T04:50:14.274409,midterm,1
430,Social Studies,90.70343913266557,100,90.70343913266557,2026-01-10T04:50:14.274409,midterm,1
430,Hindi,90.92846115534795,100,90.92846115534795,2026-01-10T04:50:14.274409,midterm,1
430,Mathematics,66.65336484760327,100,66.65336484760327,2025-11-21T04:50:14.274409,midterm,2
430,Science,84.36743285135377,100,84.36743285135377,2025-11-21T04:50:14.274409,midterm,2
430,English,71.81665988647597,100,71.81665988647597,2025-11-21T04:50:14.274409,midterm,2
430,Social Studies,94.66735462759482,100,94.66735462759482,2025-11-21T04:50:14.274409,midterm,2
430,Hindi,93.49153181972706,100,93.49153181972706,2025-11-21T04:50:14.274409,midterm,2
430,Mathematics,76.66979539294749,100,76.66979539294749,2025-10-22T04:50:14.274409,final,3
430,Science,77.98961563218808,100,77.98961563218808,2025-10-22T04:50:14.274409,final,3
430,English,81.037397151209,100,81.037397151209,2025-10-22T04:50:14.274409,final,3
430,Social Studies,63.122133708878685,100,63.122133708878685,2025-10-22T04:50:14.274409,final,3
430,Hindi,89.00974939059785,100,89.00974939059785,2025-10-22T04:50:14.274409,final,3
431,Mathematics,76.1514769154048,100,76.1514769154048,2025-10-05T04:50:14.274409,midterm,1
431,Science,88.58167320448469,100,88.58167320448469,2025-10-05T04:50:14.274409,midterm,1
431,English,67.89583019918058,100,67.89583019918058,2025-10-05T04:50:14.274409,midterm,1
431,Social Studies,72.68869289630678,100,72.68869289630678,2025-10-05T04:50:14.274409,midterm,1
431,Hindi,63.81466979841495,100,63.81466979841495,2025-10-05T04:50:14.274409,midterm,1
431,Mathematics,68.83701674386357,100,68.83701674386357,2025-12-23T04:50:14.274409,midterm,2
431,Science,67.0601024181239,100,67.0601024181239,2025-12-23T04:50:14.274409,midterm,2
431,English,88.83965916727055,100,88.83965916727055,2025-12-23T04:50:14.274409,midterm,2
431,Social Studies,71.89730389129218,100,71.89730389129218,2025-12-23T04:50:14.274409,midterm,2
431,Hindi,80.12167922625224,100,80.12167922625224,2025-12-23T04:50:14.274409,midterm,2
431,Mathematics,75.07228834018805,100,75.07228834018805,2026-03-05T04:50:14.274409,final,3
431,Science,66.18526971867797,100,66.18526971867797,2026-03-05T04:50:14.274409,final,3
431,English,77.19691814708968,100,77.19691814708968,2026-03-05T04:50:14.274409,final,3
431,Social Studies,84.87095569744204,100,84.87095569744204,2026-03-05T04:50:14.274409,final,3
431,Hindi,66.80232845337258,100,66.80232845337258,2026-03-05T04:50:14.274409,final,3
432,Mathematics,98.09458175410747,100,98.09458175410747,2025-11-28T04:50:14.274409,midterm,1
432,Science,81.50624463201672,100,81.50624463201672,2025-11-28T04:50:14.274409,midterm,1
432,English,85.17361458606527,100,85.17361458606527,2025-11-28T04:50:14.274409,midterm,1
432,Social Studies,95.31028507689416,100,95.31028507689416,2025-11-28T04:50:14.274409,midterm,1
432,Hindi,83.3690922745988,100,83.3690922745988,2025-11-28T04:50:14.274409,midterm,1
432,Mathematics,90.37920244015233,100,90.37920244015233,2025-10-21T04:50:14.274409,midterm,2
432,Science,86.85654555891276,100,86.85654555891276,2025-10-21T04:50:14.274409,midterm,2
432,English,91.29713391383186,100,91.29713391383186,2025-10-21T04:50:14.274409,midterm,2
432,Social Studies,66.1960627915587,100,66.1960627915587,2025-10-21T04:50:14.274409,midterm,2
432,Hindi,71.70663569471284,100,71.70663569471284,2025-10-21T04:50:14.274409,midterm,2
432,Mathematics,96.16312390726206,100,96.16312390726206,2025-09-26T04:50:14.274409,final,3
432,Science,100.0,100,100.0,2025-09-26T04:50:14.274409,final,3
432,English,80.89858681147847,100,80.89858681147847,2025-09-26T04:50:14.274409,final,3
432,Social Studies,87.56317032508233,100,87.56317032508233,2025-09-26T04:50:14.274409,final,3
432,Hindi,92.95064637581669,100,92.95064637581669,2025-09-26T04:50:14.274409,final,3
433,Mathematics,100.0,100,100.0,2025-09-22T04:50:14.274409,midterm,1
433,Science,74.2621223786679,100,74.2621223786679,2025-09-22T04:50:14.274409,midterm,1
433,English,85.67849262559261,100,85.67849262559261,2025-09-22T04:50:14.274409,midterm,1
433,Social Studies,91.21310129687764,100,91.21310129687764,2025-09-22T04:50:14.274409,midterm,1
433,Hindi,100.0,100,100.0,2025-09-22T04:50:14.274409,midterm,1
433,Mathematics,100.0,100,100.0,2025-09-29T04:50:14.274409,midterm,2
433,Science,92.25883782727921,100,92.25883782727921,2025-09-29T04:50:14.274409,midterm,2
433,English,80.4691204743365,100,80.4691204743365,2025-09-29T04:50:14.274409,midterm,2
433,Social Studies,98.56157586738937,100,98.56157586738937,2025-09-29T04:50:14.274409,midterm,2
433,Hindi,100.0,100,100.0,2025-09-29T04:50:14.274409,midterm,2
433,Mathematics,95.61903630517139,100,95.61903630517139,2026-01-15T04:50:14.274409,final,3
433,Science,85.47240964383346,100,85.47240964383346,2026-01-15T04:50:14.274409,final,3
433,English,100.0,100,100.0,2026-01-15T04:50:14.274409,final,3
433,Social Studies,100.0,100,100.0,2026-01-15T04:50:14.274409,final,3
433,Hindi,84.27808665342015,100,84.27808665342015,2026-01-15T04:50:14.274409,final,3
434,Mathematics,53.2686236815895,100,53.2686236815895,2025-09-22T04:50:14.274409,midterm,1
434,Science,59.427023182834816,100,59.427023182834816,2025-09-22T04:50:14.274409,midterm,1
434,English,61.27326793183502,100,61.27326793183502,2025-09-22T04:50:14.274409,midterm,1
434,Social Studies,48.78987775315153,100,48.78987775315153,2025-09-22T04:50:14.274409,midterm,1
434,Hindi,45.8735730444529,100,45.8735730444529,2025-09-22T04:50:14.274409,midterm,1
434,Mathematics,61.727105727058714,100,61.727105727058714,2025-10-04T04:50:14.274409,midterm,2
434,Science,37.352762476437235,100,37.352762476437235,2025-10-04T04:50:14.274409,midterm,2
434,English,53.84016041545614,100,53.84016041545614,2025-10-04T04:50:14.274409,midterm,2
434,Social Studies,35.7541012326018,100,35.7541012326018,2025-10-04T04:50:14.274409,midterm,2
434,Hindi,60.108130228842114,100,60.108130228842114,2025-10-04T04:50:14.274409,midterm,2
434,Mathematics,46.873912350134475,100,46.873912350134475,2026-02-13T04:50:14.274409,final,3
434,Science,62.14019986272078,100,62.14019986272078,2026-02-13T04:50:14.274409,final,3
434,English,54.368495069801355,100,54.368495069801355,2026-02-13T04:50:14.274409,final,3
434,Social Studies,37.22216520562679,100,37.22216520562679,2026-02-13T04:50:14.274409,final,3
434,Hindi,63.70064482701852,100,63.70064482701852,2026-02-13T04:50:14.274409,final,3
435,Mathematics,72.04732132200678,100,72.04732132200678,2025-11-17T04:50:14.274409,midterm,1
435,Science,65.35773358372165,100,65.35773358372165,2025-11-17T04:50:14.274409,midterm,1
435,English,48.91899000736729,100,48.91899000736729,2025-11-17T04:50:14.274409,midterm,1
435,Social Studies,53.4747291141554,100,53.4747291141554,2025-11-17T04:50:14.274409,midterm,1
435,Hindi,57.98914083178708,100,57.98914083178708,2025-11-17T04:50:14.274409,midterm,1
435,Mathematics,49.49776466441516,100,49.49776466441516,2026-01-13T04:50:14.274409,midterm,2
435,Science,73.45833438236154,100,73.45833438236154,2026-01-13T04:50:14.274409,midterm,2
435,English,57.97813337498986,100,57.97813337498986,2026-01-13T04:50:14.274409,midterm,2
435,Social Studies,29.501388186655916,100,29.501388186655916,2026-01-13T04:50:14.274409,midterm,2
435,Hindi,59.92842678529169,100,59.92842678529169,2026-01-13T04:50:14.274409,midterm,2
435,Mathematics,53.05329468955636,100,53.05329468955636,2026-03-03T04:50:14.274409,final,3
435,Science,55.78560309654501,100,55.78560309654501,2026-03-03T04:50:14.274409,final,3
435,English,52.84867499987249,100,52.84867499987249,2026-03-03T04:50:14.274409,final,3
435,Social Studies,64.60533282379636,100,64.60533282379636,2026-03-03T04:50:14.274409,final,3
435,Hindi,67.7317464432633,100,67.7317464432633,2026-03-03T04:50:14.274409,final,3
436,Mathematics,68.76229585371091,100,68.76229585371091,2026-02-17T04:50:14.274409,midterm,1
436,Science,62.538652359742784,100,62.538652359742784,2026-02-17T04:50:14.274409,midterm,1
436,English,65.51839218303267,100,65.51839218303267,2026-02-17T04:50:14.274409,midterm,1
436,Social Studies,66.12776039690065,100,66.12776039690065,2026-02-17T04:50:14.274409,midterm,1
436,Hindi,57.90746383247601,100,57.90746383247601,2026-02-17T04:50:14.274409,midterm,1
436,Mathematics,71.72105071683673,100,71.72105071683673,2026-01-30T04:50:14.274409,midterm,2
436,Science,70.53218746972904,100,70.53218746972904,2026-01-30T04:50:14.274409,midterm,2
436,English,81.33617662889111,100,81.33617662889111,2026-01-30T04:50:14.274409,midterm,2
436,Social Studies,78.48526203400912,100,78.48526203400912,2026-01-30T04:50:14.274409,midterm,2
436,Hindi,59.075015055223076,100,59.075015055223076,2026-01-30T04:50:14.274409,midterm,2
436,Mathematics,74.13474797621402,100,74.13474797621402,2025-09-27T04:50:14.274409,final,3
436,Science,56.42223040017966,100,56.42223040017966,2025-09-27T04:50:14.274409,final,3
436,English,72.89108524053287,100,72.89108524053287,2025-09-27T04:50:14.274409,final,3
436,Social Studies,60.765622243523296,100,60.765622243523296,2025-09-27T04:50:14.274409,final,3
436,Hindi,55.69923199736853,100,55.69923199736853,2025-09-27T04:50:14.274409,final,3
437,Mathematics,33.86799348064183,100,33.86799348064183,2025-10-04T04:50:14.274409,midterm,1
437,Science,4.321868772126379,100,4.321868772126379,2025-10-04T04:50:14.274409,midterm,1
437,English,13.557784309615506,100,13.557784309615506,2025-10-04T04:50:14.274409,midterm,1
437,Social Studies,29.292621215924957,100,29.292621215924957,2025-10-04T04:50:14.274409,midterm,1
437,Hindi,31.89195772001621,100,31.89195772001621,2025-10-04T04:50:14.274409,midterm,1
437,Mathematics,27.3743523520859,100,27.3743523520859,2025-11-28T04:50:14.274409,midterm,2
437,Science,15.273177066491801,100,15.273177066491801,2025-11-28T04:50:14.274409,midterm,2
437,English,22.88862163228273,100,22.88862163228273,2025-11-28T04:50:14.274409,midterm,2
437,Social Studies,34.97963332604173,100,34.97963332604173,2025-11-28T04:50:14.274409,midterm,2
437,Hindi,36.88535775995141,100,36.88535775995141,2025-11-28T04:50:14.274409,midterm,2
437,Mathematics,30.905308877708375,100,30.905308877708375,2025-11-07T04:50:14.275409,final,3
437,Science,42.635877864037674,100,42.635877864037674,2025-11-07T04:50:14.275409,final,3
437,English,35.04151028826013,100,35.04151028826013,2025-11-07T04:50:14.275409,final,3
437,Social Studies,23.592983514085667,100,23.592983514085667,2025-11-07T04:50:14.275409,final,3
437,Hindi,28.262519519551613,100,28.262519519551613,2025-11-07T04:50:14.275409,final,3
438,Mathematics,20.124964392196787,100,20.124964392196787,2026-01-03T04:50:14.275409,midterm,1
438,Science,33.07223606036117,100,33.07223606036117,2026-01-03T04:50:14.275409,midterm,1
438,English,45.27463215648872,100,45.27463215648872,2026-01-03T04:50:14.275409,midterm,1
438,Social Studies,41.006526811385015,100,41.006526811385015,2026-01-03T04:50:14.275409,midterm,1
438,Hindi,48.173719223466556,100,48.173719223466556,2026-01-03T04:50:14.275409,midterm,1
438,Mathematics,31.124773526285402,100,31.124773526285402,2025-12-11T04:50:14.275409,midterm,2
438,Science,47.614623909417915,100,47.614623909417915,2025-12-11T04:50:14.275409,midterm,2
438,English,32.22058369979564,100,32.22058369979564,2025-12-11T04:50:14.275409,midterm,2
438,Social Studies,48.86947678997427,100,48.86947678997427,2025-12-11T04:50:14.275409,midterm,2
438,Hindi,33.9350584898541,100,33.9350584898541,2025-12-11T04:50:14.275409,midterm,2
438,Mathematics,41.2259397023181,100,41.2259397023181,2026-02-06T04:50:14.275409,final,3
438,Science,48.90474960737389,100,48.90474960737389,2026-02-06T04:50:14.275409,final,3
438,English,32.21934967846328,100,32.21934967846328,2026-02-06T04:50:14.275409,final,3
438,Social Studies,36.33751583971708,100,36.33751583971708,2026-02-06T04:50:14.275409,final,3
438,Hindi,47.042260216338356,100,47.042260216338356,2026-02-06T04:50:14.275409,final,3
439,Mathematics,57.51154739206135,100,57.51154739206135,2026-01-12T04:50:14.275409,midterm,1
439,Science,45.632656206300375,100,45.632656206300375,2026-01-12T04:50:14.275409,midterm,1
439,English,80.2716495772111,100,80.2716495772111,2026-01-12T04:50:14.275409,midterm,1
439,Social Studies,54.14393438799062,100,54.14393438799062,2026-01-12T04:50:14.275409,midterm,1
439,Hindi,60.42913954073742,100,60.42913954073742,2026-01-12T04:50:14.275409,midterm,1
439,Mathematics,70.40164572587327,100,70.40164572587327,2026-02-06T04:50:14.275409,midterm,2
439,Science,52.75663999404997,100,52.75663999404997,2026-02-06T04:50:14.275409,midterm,2
439,English,48.762899899140685,100,48.762899899140685,2026-02-06T04:50:14.275409,midterm,2
439,Social Studies,61.37895199911032,100,61.37895199911032,2026-02-06T04:50:14.275409,midterm,2
439,Hindi,40.91081505223809,100,40.91081505223809,2026-02-06T04:50:14.275409,midterm,2
439,Mathematics,55.962518262682785,100,55.962518262682785,2025-09-22T04:50:14.275409,final,3
439,Science,61.29196567451605,100,61.29196567451605,2025-09-22T04:50:14.275409,final,3
439,English,56.14206006311035,100,56.14206006311035,2025-09-22T04:50:14.275409,final,3
439,Social Studies,43.40706959950452,100,43.40706959950452,2025-09-22T04:50:14.275409,final,3
439,Hindi,74.78335859340211,100,74.78335859340211,2025-09-22T04:50:14.275409,final,3
440,Mathematics,58.146327757956215,100,58.146327757956215,2026-02-13T04:50:14.275409,midterm,1
440,Science,71.42246739608187,100,71.42246739608187,2026-02-13T04:50:14.275409,midterm,1
440,English,54.510583716660015,100,54.510583716660015,2026-02-13T04:50:14.275409,midterm,1
440,Social Studies,48.310826401556824,100,48.310826401556824,2026-02-13T04:50:14.275409,midterm,1
440,Hindi,59.80275542101606,100,59.80275542101606,2026-02-13T04:50:14.275409,midterm,1
440,Mathematics,54.95307495518227,100,54.95307495518227,2025-10-06T04:50:14.275409,midterm,2
440,Science,45.33333163855088,100,45.33333163855088,2025-10-06T04:50:14.275409,midterm,2
440,English,71.80878880633942,100,71.80878880633942,2025-10-06T04:50:14.275409,midterm,2
440,Social Studies,50.888243989524504,100,50.888243989524504,2025-10-06T04:50:14.275409,midterm,2
440,Hindi,38.708282370508776,100,38.708282370508776,2025-10-06T04:50:14.275409,midterm,2
440,Mathematics,70.39260675803779,100,70.39260675803779,2025-12-31T04:50:14.275409,final,3
440,Science,52.06796606033823,100,52.06796606033823,2025-12-31T04:50:14.275409,final,3
440,English,51.03270729230822,100,51.03270729230822,2025-12-31T04:50:14.275409,final,3
440,Social Studies,39.45707034816472,100,39.45707034816472,2025-12-31T04:50:14.275409,final,3
440,Hindi,74.52036108443437,100,74.52036108443437,2025-12-31T04:50:14.275409,final,3
441,Mathematics,22.243943757948536,100,22.243943757948536,2026-02-03T04:50:14.275409,midterm,1
441,Science,35.72324443710191,100,35.72324443710191,2026-02-03T04:50:14.275409,midterm,1
441,English,44.26495285544981,100,44.26495285544981,2026-02-03T04:50:14.275409,midterm,1
441,Social Studies,39.35591896007638,100,39.35591896007638,2026-02-03T04:50:14.275409,midterm,1
441,Hindi,34.54220651012349,100,34.54220651012349,2026-02-03T04:50:14.275409,midterm,1
441,Mathematics,18.12209104717125,100,18.12209104717125,2026-01-08T04:50:14.275409,midterm,2
441,Science,27.04150127237257,100,27.04150127237257,2026-01-08T04:50:14.275409,midterm,2
441,English,37.01675301047063,100,37.01675301047063,2026-01-08T04:50:14.275409,midterm,2
441,Social Studies,27.267008930175447,100,27.267008930175447,2026-01-08T04:50:14.275409,midterm,2
441,Hindi,37.17234423003309,100,37.17234423003309,2026-01-08T04:50:14.275409,midterm,2
441,Mathematics,41.956183718196826,100,41.956183718196826,2025-11-21T04:50:14.275409,final,3
441,Science,44.76377848804643,100,44.76377848804643,2025-11-21T04:50:14.275409,final,3
441,English,22.876956051918576,100,22.876956051918576,2025-11-21T04:50:14.275409,final,3
441,Social Studies,57.105210179834955,100,57.105210179834955,2025-11-21T04:50:14.275409,final,3
441,Hindi,42.813543075586715,100,42.813543075586715,2025-11-21T04:50:14.275409,final,3
442,Mathematics,42.94887437147898,100,42.94887437147898,2025-10-31T04:50:14.275409,midterm,1
442,Science,53.86138173893602,100,53.86138173893602,2025-10-31T04:50:14.275409,midterm,1
442,English,66.62009362816934,100,66.62009362816934,2025-10-31T04:50:14.275409,midterm,1
442,Social Studies,28.57881489760092,100,28.57881489760092,2025-10-31T04:50:14.275409,midterm,1
442,Hindi,40.71338948325608,100,40.71338948325608,2025-10-31T04:50:14.275409,midterm,1
442,Mathematics,19.181699309436333,100,19.181699309436333,2026-01-17T04:50:14.275409,midterm,2
442,Science,44.892531234649866,100,44.892531234649866,2026-01-17T04:50:14.275409,midterm,2
442,English,46.619958327421024,100,46.619958327421024,2026-01-17T04:50:14.275409,midterm,2
442,Social Studies,42.57439475374202,100,42.57439475374202,2026-01-17T04:50:14.275409,midterm,2
442,Hindi,36.42068019818652,100,36.42068019818652,2026-01-17T04:50:14.275409,midterm,2
442,Mathematics,22.470870746286366,100,22.470870746286366,2025-12-28T04:50:14.275409,final,3
442,Science,46.701352742287305,100,46.701352742287305,2025-12-28T04:50:14.275409,final,3
442,English,57.52036074732287,100,57.52036074732287,2025-12-28T04:50:14.275409,final,3
442,Social Studies,37.0558313508353,100,37.0558313508353,2025-12-28T04:50:14.275409,final,3
442,Hindi,47.366615198401064,100,47.366615198401064,2025-12-28T04:50:14.275409,final,3
443,Mathematics,35.44285667621858,100,35.44285667621858,2026-02-01T04:50:14.275409,midterm,1
443,Science,55.69643044734423,100,55.69643044734423,2026-02-01T04:50:14.275409,midterm,1
443,English,47.19047683297252,100,47.19047683297252,2026-02-01T04:50:14.275409,midterm,1
443,Social Studies,43.500120304389945,100,43.500120304389945,2026-02-01T04:50:14.275409,midterm,1
443,Hindi,43.52066339825778,100,43.52066339825778,2026-02-01T04:50:14.275409,midterm,1
443,Mathematics,47.18818399008899,100,47.18818399008899,2025-11-08T04:50:14.275409,midterm,2
443,Science,54.948632967344444,100,54.948632967344444,2025-11-08T04:50:14.275409,midterm,2
443,English,38.00266779846391,100,38.00266779846391,2025-11-08T04:50:14.275409,midterm,2
443,Social Studies,47.15314649474056,100,47.15314649474056,2025-11-08T04:50:14.275409,midterm,2
443,Hindi,50.70958203042761,100,50.70958203042761,2025-11-08T04:50:14.275409,midterm,2
443,Mathematics,40.1339075651005,100,40.1339075651005,2026-02-26T04:50:14.275409,final,3
443,Science,69.09095182716926,100,69.09095182716926,2026-02-26T04:50:14.275409,final,3
443,English,42.58934500980567,100,42.58934500980567,2026-02-26T04:50:14.275409,final,3
443,Social Studies,44.42993067408418,100,44.42993067408418,2026-02-26T04:50:14.275409,final,3
443,Hindi,41.34122031219411,100,41.34122031219411,2026-02-26T04:50:14.275409,final,3
444,Mathematics,100.0,100,100.0,2025-11-24T04:50:14.275409,midterm,1
444,Science,91.65934789484245,100,91.65934789484245,2025-11-24T04:50:14.275409,midterm,1
444,English,76.76437554641123,100,76.76437554641123,2025-11-24T04:50:14.275409,midterm,1
444,Social Studies,97.19261119744733,100,97.19261119744733,2025-11-24T04:50:14.275409,midterm,1
444,Hindi,88.13728255173643,100,88.13728255173643,2025-11-24T04:50:14.275409,midterm,1
444,Mathematics,88.70282981996266,100,88.70282981996266,2026-01-31T04:50:14.275409,midterm,2
444,Science,82.68552352132312,100,82.68552352132312,2026-01-31T04:50:14.275409,midterm,2
444,English,78.63613573927792,100,78.63613573927792,2026-01-31T04:50:14.275409,midterm,2
444,Social Studies,89.50795659939367,100,89.50795659939367,2026-01-31T04:50:14.275409,midterm,2
444,Hindi,80.67942330889174,100,80.67942330889174,2026-01-31T04:50:14.275409,midterm,2
444,Mathematics,100.0,100,100.0,2026-01-03T04:50:14.275409,final,3
444,Science,73.4373845564166,100,73.4373845564166,2026-01-03T04:50:14.275409,final,3
444,English,100.0,100,100.0,2026-01-03T04:50:14.275409,final,3
444,Social Studies,85.01710712086964,100,85.01710712086964,2026-01-03T04:50:14.275409,final,3
444,Hindi,89.12115294905871,100,89.12115294905871,2026-01-03T04:50:14.275409,final,3
445,Mathematics,95.54482441117806,100,95.54482441117806,2026-01-08T04:50:14.275409,midterm,1
445,Science,80.91075379483934,100,80.91075379483934,2026-01-08T04:50:14.275409,midterm,1
445,English,95.85573059187007,100,95.85573059187007,2026-01-08T04:50:14.275409,midterm,1
445,Social Studies,60.13780819107193,100,60.13780819107193,2026-01-08T04:50:14.275409,midterm,1
445,Hindi,80.01335141266432,100,80.01335141266432,2026-01-08T04:50:14.275409,midterm,1
445,Mathematics,77.97261867147304,100,77.97261867147304,2026-01-08T04:50:14.275409,midterm,2
445,Science,74.67818662116609,100,74.67818662116609,2026-01-08T04:50:14.275409,midterm,2
445,English,85.0636983640942,100,85.0636983640942,2026-01-08T04:50:14.275409,midterm,2
445,Social Studies,91.07074642670065,100,91.07074642670065,2026-01-08T04:50:14.275409,midterm,2
445,Hindi,94.23984672987676,100,94.23984672987676,2026-01-08T04:50:14.275409,midterm,2
445,Mathematics,89.62201431688779,100,89.62201431688779,2025-11-29T04:50:14.275409,final,3
445,Science,80.55631209594824,100,80.55631209594824,2025-11-29T04:50:14.275409,final,3
445,English,90.90341112313537,100,90.90341112313537,2025-11-29T04:50:14.275409,final,3
445,Social Studies,88.45610369339221,100,88.45610369339221,2025-11-29T04:50:14.275409,final,3
445,Hindi,96.57380842424386,100,96.57380842424386,2025-11-29T04:50:14.275409,final,3
446,Mathematics,83.22439285506968,100,83.22439285506968,2025-12-13T04:50:14.275409,midterm,1
446,Science,75.7597899649608,100,75.7597899649608,2025-12-13T04:50:14.275409,midterm,1
446,English,66.48249576414194,100,66.48249576414194,2025-12-13T04:50:14.275409,midterm,1
446,Social Studies,68.92552426743372,100,68.92552426743372,2025-12-13T04:50:14.275409,midterm,1
446,Hindi,69.95713222937418,100,69.95713222937418,2025-12-13T04:50:14.275409,midterm,1
446,Mathematics,72.30236248659196,100,72.30236248659196,2026-01-10T04:50:14.275409,midterm,2
446,Science,78.13553010165205,100,78.13553010165205,2026-01-10T04:50:14.275409,midterm,2
446,English,82.6067697270351,100,82.6067697270351,2026-01-10T04:50:14.275409,midterm,2
446,Social Studies,74.94383889560075,100,74.94383889560075,2026-01-10T04:50:14.275409,midterm,2
446,Hindi,75.61627370475924,100,75.61627370475924,2026-01-10T04:50:14.275409,midterm,2
446,Mathematics,76.88808887575456,100,76.88808887575456,2026-01-15T04:50:14.275409,final,3
446,Science,70.29597269443111,100,70.29597269443111,2026-01-15T04:50:14.275409,final,3
446,English,66.20110324932496,100,66.20110324932496,2026-01-15T04:50:14.275409,final,3
446,Social Studies,57.90064685264742,100,57.90064685264742,2026-01-15T04:50:14.275409,final,3
446,Hindi,68.50353224498579,100,68.50353224498579,2026-01-15T04:50:14.275409,final,3
447,Mathematics,97.33304577525581,100,97.33304577525581,2025-10-09T04:50:14.275409,midterm,1
447,Science,85.57247686218227,100,85.57247686218227,2025-10-09T04:50:14.275409,midterm,1
447,English,90.22352086831854,100,90.22352086831854,2025-10-09T04:50:14.275409,midterm,1
447,Social Studies,97.26590411670111,100,97.26590411670111,2025-10-09T04:50:14.275409,midterm,1
447,Hindi,97.80848620680463,100,97.80848620680463,2025-10-09T04:50:14.275409,midterm,1
447,Mathematics,81.80626272091754,100,81.80626272091754,2026-03-08T04:50:14.275409,midterm,2
447,Science,100.0,100,100.0,2026-03-08T04:50:14.275409,midterm,2
447,English,100.0,100,100.0,2026-03-08T04:50:14.275409,midterm,2
447,Social Studies,81.30309267039235,100,81.30309267039235,2026-03-08T04:50:14.275409,midterm,2
447,Hindi,84.3632225461664,100,84.3632225461664,2026-03-08T04:50:14.275409,midterm,2
447,Mathematics,100.0,100,100.0,2026-01-30T04:50:14.275409,final,3
447,Science,91.13305603002493,100,91.13305603002493,2026-01-30T04:50:14.275409,final,3
447,English,70.40381176805943,100,70.40381176805943,2026-01-30T04:50:14.275409,final,3
447,Social Studies,78.60477619525108,100,78.60477619525108,2026-01-30T04:50:14.275409,final,3
447,Hindi,90.10789499085313,100,90.10789499085313,2026-01-30T04:50:14.275409,final,3
448,Mathematics,57.19591371342537,100,57.19591371342537,2025-11-29T04:50:14.275409,midterm,1
448,Science,64.69210250990697,100,64.69210250990697,2025-11-29T04:50:14.275409,midterm,1
448,English,69.15030235310718,100,69.15030235310718,2025-11-29T04:50:14.275409,midterm,1
448,Social Studies,83.44888625661868,100,83.44888625661868,2025-11-29T04:50:14.275409,midterm,1
448,Hindi,65.9218010539935,100,65.9218010539935,2025-11-29T04:50:14.275409,midterm,1
448,Mathematics,79.55175821199899,100,79.55175821199899,2025-12-07T04:50:14.275409,midterm,2
448,Science,83.1139418366391,100,83.1139418366391,2025-12-07T04:50:14.275409,midterm,2
448,English,83.16943690979215,100,83.16943690979215,2025-12-07T04:50:14.275409,midterm,2
448,Social Studies,71.67388615012707,100,71.67388615012707,2025-12-07T04:50:14.275409,midterm,2
448,Hindi,49.19344873788165,100,49.19344873788165,2025-12-07T04:50:14.275409,midterm,2
448,Mathematics,73.43458887031004,100,73.43458887031004,2026-02-16T04:50:14.275409,final,3
448,Science,79.3103390944068,100,79.3103390944068,2026-02-16T04:50:14.275409,final,3
448,English,68.01566916191722,100,68.01566916191722,2026-02-16T04:50:14.275409,final,3
448,Social Studies,86.27217891702388,100,86.27217891702388,2026-02-16T04:50:14.275409,final,3
448,Hindi,77.42467583094597,100,77.42467583094597,2026-02-16T04:50:14.275409,final,3
449,Mathematics,55.30525713161822,100,55.30525713161822,2026-01-23T04:50:14.276412,midterm,1
449,Science,60.48633047214875,100,60.48633047214875,2026-01-23T04:50:14.276412,midterm,1
449,English,52.95622187269916,100,52.95622187269916,2026-01-23T04:50:14.276412,midterm,1
449,Social Studies,24.69441836613684,100,24.69441836613684,2026-01-23T04:50:14.276412,midterm,1
449,Hindi,44.63113384538672,100,44.63113384538672,2026-01-23T04:50:14.276412,midterm,1
449,Mathematics,61.59420363256891,100,61.59420363256891,2026-02-09T04:50:14.276412,midterm,2
449,Science,41.546609959107414,100,41.546609959107414,2026-02-09T04:50:14.276412,midterm,2
449,English,47.387798307720985,100,47.387798307720985,2026-02-09T04:50:14.276412,midterm,2
449,Social Studies,39.174160221059665,100,39.174160221059665,2026-02-09T04:50:14.276412,midterm,2
449,Hindi,67.46174931210807,100,67.46174931210807,2026-02-09T04:50:14.276412,midterm,2
449,Mathematics,66.43744793427052,100,66.43744793427052,2026-01-13T04:50:14.276412,final,3
449,Science,40.783834408683084,100,40.783834408683084,2026-01-13T04:50:14.276412,final,3
449,English,51.095503363981216,100,51.095503363981216,2026-01-13T04:50:14.276412,final,3
449,Social Studies,42.8175828824499,100,42.8175828824499,2026-01-13T04:50:14.276412,final,3
449,Hindi,55.77196975040415,100,55.77196975040415,2026-01-13T04:50:14.276412,final,3
450,Mathematics,74.14078638846303,100,74.14078638846303,2025-12-03T04:50:14.276412,midterm,1
450,Science,77.1610113321724,100,77.1610113321724,2025-12-03T04:50:14.276412,midterm,1
450,English,72.36314009311862,100,72.36314009311862,2025-12-03T04:50:14.276412,midterm,1
450,Social Studies,98.39801767992442,100,98.39801767992442,2025-12-03T04:50:14.276412,midterm,1
450,Hindi,58.76471796593235,100,58.76471796593235,2025-12-03T04:50:14.276412,midterm,1
450,Mathematics,51.93792207167459,100,51.93792207167459,2026-01-29T04:50:14.276412,midterm,2
450,Science,65.11305360902513,100,65.11305360902513,2026-01-29T04:50:14.276412,midterm,2
450,English,53.36407296043706,100,53.36407296043706,2026-01-29T04:50:14.276412,midterm,2
450,Social Studies,54.11933291597981,100,54.11933291597981,2026-01-29T04:50:14.276412,midterm,2
450,Hindi,59.03080907406007,100,59.03080907406007,2026-01-29T04:50:14.276412,midterm,2
450,Mathematics,59.82206656172346,100,59.82206656172346,2026-02-11T04:50:14.276412,final,3
450,Science,59.49777459653914,100,59.49777459653914,2026-02-11T04:50:14.276412,final,3
450,English,74.22614512049385,100,74.22614512049385,2026-02-11T04:50:14.276412,final,3
450,Social Studies,63.98206500518638,100,63.98206500518638,2026-02-11T04:50:14.276412,final,3
450,Hindi,67.24880986731493,100,67.24880986731493,2026-02-11T04:50:14.276412,final,3
451,Mathematics,91.24979235188982,100,91.24979235188982,2025-10-17T04:50:14.276412,midterm,1
451,Science,74.6442393590662,100,74.6442393590662,2025-10-17T04:50:14.276412,midterm,1
451,English,79.66200561983325,100,79.66200561983325,2025-10-17T04:50:14.276412,midterm,1
451,Social Studies,85.96506446780963,100,85.96506446780963,2025-10-17T04:50:14.276412,midterm,1
451,Hindi,62.89178660067826,100,62.89178660067826,2025-10-17T04:50:14.276412,midterm,1
451,Mathematics,58.45840951737465,100,58.45840951737465,2025-12-12T04:50:14.276412,midterm,2
451,Science,85.7686378948577,100,85.7686378948577,2025-12-12T04:50:14.276412,midterm,2
451,English,87.22760741254946,100,87.22760741254946,2025-12-12T04:50:14.276412,midterm,2
451,Social Studies,100.0,100,100.0,2025-12-12T04:50:14.276412,midterm,2
451,Hindi,83.88841336554857,100,83.88841336554857,2025-12-12T04:50:14.276412,midterm,2
451,Mathematics,90.50486177946142,100,90.50486177946142,2025-10-29T04:50:14.276412,final,3
451,Science,80.35273817102073,100,80.35273817102073,2025-10-29T04:50:14.276412,final,3
451,English,85.27973682273134,100,85.27973682273134,2025-10-29T04:50:14.276412,final,3
451,Social Studies,98.98003302437581,100,98.98003302437581,2025-10-29T04:50:14.276412,final,3
451,Hindi,61.06753642562411,100,61.06753642562411,2025-10-29T04:50:14.276412,final,3
452,Mathematics,58.13433795615098,100,58.13433795615098,2025-09-25T04:50:14.276412,midterm,1
452,Science,75.35404268120783,100,75.35404268120783,2025-09-25T04:50:14.276412,midterm,1
452,English,56.818517572527604,100,56.818517572527604,2025-09-25T04:50:14.276412,midterm,1
452,Social Studies,70.50390501276266,100,70.50390501276266,2025-09-25T04:50:14.276412,midterm,1
452,Hindi,47.70605388513975,100,47.70605388513975,2025-09-25T04:50:14.276412,midterm,1
452,Mathematics,53.67770043879704,100,53.67770043879704,2025-11-30T04:50:14.276412,midterm,2
452,Science,54.33342240432005,100,54.33342240432005,2025-11-30T04:50:14.276412,midterm,2
452,English,31.82226458684647,100,31.82226458684647,2025-11-30T04:50:14.276412,midterm,2
452,Social Studies,42.316397101932175,100,42.316397101932175,2025-11-30T04:50:14.276412,midterm,2
452,Hindi,43.02942458659432,100,43.02942458659432,2025-11-30T04:50:14.276412,midterm,2
452,Mathematics,62.21883616075945,100,62.21883616075945,2026-01-12T04:50:14.276412,final,3
452,Science,62.71970643727472,100,62.71970643727472,2026-01-12T04:50:14.276412,final,3
452,English,57.23853980749951,100,57.23853980749951,2026-01-12T04:50:14.276412,final,3
452,Social Studies,62.23920434899124,100,62.23920434899124,2026-01-12T04:50:14.276412,final,3
452,Hindi,52.356681253216436,100,52.356681253216436,2026-01-12T04:50:14.276412,final,3
453,Mathematics,78.98179757317264,100,78.98179757317264,2026-03-08T04:50:14.276412,midterm,1
453,Science,67.05036530409792,100,67.05036530409792,2026-03-08T04:50:14.276412,midterm,1
453,English,67.54112135204477,100,67.54112135204477,2026-03-08T04:50:14.276412,midterm,1
453,Social Studies,64.30655454515309,100,64.30655454515309,2026-03-08T04:50:14.276412,midterm,1
453,Hindi,73.80698565414149,100,73.80698565414149,2026-03-08T04:50:14.276412,midterm,1
453,Mathematics,62.75049271164808,100,62.75049271164808,2026-01-14T04:50:14.276412,midterm,2
453,Science,76.72679464975789,100,76.72679464975789,2026-01-14T04:50:14.276412,midterm,2
453,English,55.64098947061714,100,55.64098947061714,2026-01-14T04:50:14.276412,midterm,2
453,Social Studies,55.973318330495275,100,55.973318330495275,2026-01-14T04:50:14.276412,midterm,2
453,Hindi,73.83674842904225,100,73.83674842904225,2026-01-14T04:50:14.276412,midterm,2
453,Mathematics,66.07703873194708,100,66.07703873194708,2025-09-29T04:50:14.276412,final,3
453,Science,62.42356671624593,100,62.42356671624593,2025-09-29T04:50:14.276412,final,3
453,English,75.8630582025318,100,75.8630582025318,2025-09-29T04:50:14.276412,final,3
453,Social Studies,60.88986673691637,100,60.88986673691637,2025-09-29T04:50:14.276412,final,3
453,Hindi,64.96046833477351,100,64.96046833477351,2025-09-29T04:50:14.276412,final,3
454,Mathematics,57.39943818422542,100,57.39943818422542,2025-12-28T04:50:14.276412,midterm,1
454,Science,58.79858214162032,100,58.79858214162032,2025-12-28T04:50:14.276412,midterm,1
454,English,59.13114078621709,100,59.13114078621709,2025-12-28T04:50:14.276412,midterm,1
454,Social Studies,40.58590091417471,100,40.58590091417471,2025-12-28T04:50:14.276412,midterm,1
454,Hindi,55.71418773335852,100,55.71418773335852,2025-12-28T04:50:14.276412,midterm,1
454,Mathematics,33.91763040582704,100,33.91763040582704,2025-11-01T04:50:14.276412,midterm,2
454,Science,34.338129936293214,100,34.338129936293214,2025-11-01T04:50:14.276412,midterm,2
454,English,19.90260015727021,100,19.90260015727021,2025-11-01T04:50:14.276412,midterm,2
454,Social Studies,60.135840702499124,100,60.135840702499124,2025-11-01T04:50:14.276412,midterm,2
454,Hindi,34.76736019275304,100,34.76736019275304,2025-11-01T04:50:14.276412,midterm,2
454,Mathematics,42.14183288604322,100,42.14183288604322,2026-01-31T04:50:14.276412,final,3
454,Science,34.30391526423098,100,34.30391526423098,2026-01-31T04:50:14.276412,final,3
454,English,50.35881116681523,100,50.35881116681523,2026-01-31T04:50:14.276412,final,3
454,Social Studies,39.65082207634042,100,39.65082207634042,2026-01-31T04:50:14.276412,final,3
454,Hindi,30.358989779184327,100,30.358989779184327,2026-01-31T04:50:14.276412,final,3
455,Mathematics,61.06192455300646,100,61.06192455300646,2025-12-16T04:50:14.276412,midterm,1
455,Science,42.30799866304358,100,42.30799866304358,2025-12-16T04:50:14.276412,midterm,1
455,English,48.27124165799094,100,48.27124165799094,2025-12-16T04:50:14.276412,midterm,1
455,Social Studies,35.57640776488505,100,35.57640776488505,2025-12-16T04:50:14.276412,midterm,1
455,Hindi,42.40571778916979,100,42.40571778916979,2025-12-16T04:50:14.276412,midterm,1
455,Mathematics,58.430590608350634,100,58.430590608350634,2026-01-25T04:50:14.276412,midterm,2
455,Science,36.99993853011661,100,36.99993853011661,2026-01-25T04:50:14.276412,midterm,2
455,English,41.8338416649287,100,41.8338416649287,2026-01-25T04:50:14.276412,midterm,2
455,Social Studies,56.62160974981778,100,56.62160974981778,2026-01-25T04:50:14.276412,midterm,2
455,Hindi,51.20922995021533,100,51.20922995021533,2026-01-25T04:50:14.276412,midterm,2
455,Mathematics,76.56566527073895,100,76.56566527073895,2025-12-31T04:50:14.276412,final,3
455,Science,74.98426437138961,100,74.98426437138961,2025-12-31T04:50:14.276412,final,3
455,English,47.96607428363432,100,47.96607428363432,2025-12-31T04:50:14.276412,final,3
455,Social Studies,62.216675095180676,100,62.216675095180676,2025-12-31T04:50:14.276412,final,3
455,Hindi,64.13812447994037,100,64.13812447994037,2025-12-31T04:50:14.276412,final,3
456,Mathematics,81.05447014780405,100,81.05447014780405,2026-03-05T04:50:14.276412,midterm,1
456,Science,72.07384336306606,100,72.07384336306606,2026-03-05T04:50:14.276412,midterm,1
456,English,86.90627423496751,100,86.90627423496751,2026-03-05T04:50:14.276412,midterm,1
456,Social Studies,85.30080197990698,100,85.30080197990698,2026-03-05T04:50:14.276412,midterm,1
456,Hindi,82.6716137583419,100,82.6716137583419,2026-03-05T04:50:14.276412,midterm,1
456,Mathematics,91.45242740969294,100,91.45242740969294,2025-12-15T04:50:14.277415,midterm,2
456,Science,79.5219626579921,100,79.5219626579921,2025-12-15T04:50:14.277415,midterm,2
456,English,75.50928325225667,100,75.50928325225667,2025-12-15T04:50:14.277415,midterm,2
456,Social Studies,88.1200884315464,100,88.1200884315464,2025-12-15T04:50:14.277415,midterm,2
456,Hindi,90.88895965373685,100,90.88895965373685,2025-12-15T04:50:14.277415,midterm,2
456,Mathematics,75.26280928904757,100,75.26280928904757,2025-11-08T04:50:14.277415,final,3
456,Science,96.31016483795891,100,96.31016483795891,2025-11-08T04:50:14.277415,final,3
456,English,69.32444735028731,100,69.32444735028731,2025-11-08T04:50:14.277415,final,3
456,Social Studies,81.24812414089166,100,81.24812414089166,2025-11-08T04:50:14.277415,final,3
456,Hindi,84.449173366072,100,84.449173366072,2025-11-08T04:50:14.277415,final,3
457,Mathematics,78.35360289974618,100,78.35360289974618,2025-12-10T04:50:14.277415,midterm,1
457,Science,79.06523529075356,100,79.06523529075356,2025-12-10T04:50:14.277415,midterm,1
457,English,100.0,100,100.0,2025-12-10T04:50:14.277415,midterm,1
457,Social Studies,76.2069991358765,100,76.2069991358765,2025-12-10T04:50:14.277415,midterm,1
457,Hindi,100.0,100,100.0,2025-12-10T04:50:14.277415,midterm,1
457,Mathematics,89.087107823576,100,89.087107823576,2025-11-06T04:50:14.277415,midterm,2
457,Science,85.6363913993854,100,85.6363913993854,2025-11-06T04:50:14.277415,midterm,2
457,English,89.47824356014215,100,89.47824356014215,2025-11-06T04:50:14.277415,midterm,2
457,Social Studies,100.0,100,100.0,2025-11-06T04:50:14.277415,midterm,2
457,Hindi,74.779909986951,100,74.779909986951,2025-11-06T04:50:14.277415,midterm,2
457,Mathematics,73.5116608369016,100,73.5116608369016,2026-01-16T04:50:14.277415,final,3
457,Science,77.16717806054628,100,77.16717806054628,2026-01-16T04:50:14.277415,final,3
457,English,85.03727149591109,100,85.03727149591109,2026-01-16T04:50:14.277415,final,3
457,Social Studies,67.45812877813975,100,67.45812877813975,2026-01-16T04:50:14.277415,final,3
457,Hindi,84.93923241945156,100,84.93923241945156,2026-01-16T04:50:14.277415,final,3
458,Mathematics,93.70819745953905,100,93.70819745953905,2025-11-09T04:50:14.277415,midterm,1
458,Science,78.2868000316501,100,78.2868000316501,2025-11-09T04:50:14.277415,midterm,1
458,English,73.84587153564956,100,73.84587153564956,2025-11-09T04:50:14.277415,midterm,1
458,Social Studies,70.59112163856605,100,70.59112163856605,2025-11-09T04:50:14.277415,midterm,1
458,Hindi,85.75784317091798,100,85.75784317091798,2025-11-09T04:50:14.277415,midterm,1
458,Mathematics,68.51439839302185,100,68.51439839302185,2025-10-17T04:50:14.277415,midterm,2
458,Science,95.23668533139481,100,95.23668533139481,2025-10-17T04:50:14.277415,midterm,2
458,English,96.1063236025459,100,96.1063236025459,2025-10-17T04:50:14.277415,midterm,2
458,Social Studies,79.3402341120202,100,79.3402341120202,2025-10-17T04:50:14.277415,midterm,2
458,Hindi,76.65757524463588,100,76.65757524463588,2025-10-17T04:50:14.277415,midterm,2
458,Mathematics,87.07932420781792,100,87.07932420781792,2025-12-18T04:50:14.277415,final,3
458,Science,87.72071114767559,100,87.72071114767559,2025-12-18T04:50:14.277415,final,3
458,English,68.71280881480817,100,68.71280881480817,2025-12-18T04:50:14.277415,final,3
458,Social Studies,71.50717479403531,100,71.50717479403531,2025-12-18T04:50:14.277415,final,3
458,Hindi,63.54925177856937,100,63.54925177856937,2025-12-18T04:50:14.277415,final,3
459,Mathematics,42.46641573527939,100,42.46641573527939,2026-03-04T04:50:14.277415,midterm,1
459,Science,45.04204518650773,100,45.04204518650773,2026-03-04T04:50:14.277415,midterm,1
459,English,24.876509973326094,100,24.876509973326094,2026-03-04T04:50:14.277415,midterm,1
459,Social Studies,33.823777303777234,100,33.823777303777234,2026-03-04T04:50:14.277415,midterm,1
459,Hindi,24.90322717612533,100,24.90322717612533,2026-03-04T04:50:14.277415,midterm,1
459,Mathematics,29.387768249500446,100,29.387768249500446,2025-11-13T04:50:14.277415,midterm,2
459,Science,43.88593695420182,100,43.88593695420182,2025-11-13T04:50:14.277415,midterm,2
459,English,31.04094568515603,100,31.04094568515603,2025-11-13T04:50:14.277415,midterm,2
459,Social Studies,35.36750679161584,100,35.36750679161584,2025-11-13T04:50:14.277415,midterm,2
459,Hindi,22.102649072465667,100,22.102649072465667,2025-11-13T04:50:14.277415,midterm,2
459,Mathematics,40.245668449185466,100,40.245668449185466,2025-10-03T04:50:14.277415,final,3
459,Science,37.93303315349233,100,37.93303315349233,2025-10-03T04:50:14.277415,final,3
459,English,31.0861738516072,100,31.0861738516072,2025-10-03T04:50:14.277415,final,3
459,Social Studies,36.48562337511408,100,36.48562337511408,2025-10-03T04:50:14.277415,final,3
459,Hindi,40.17871515697327,100,40.17871515697327,2025-10-03T04:50:14.277415,final,3
460,Mathematics,43.74890248089374,100,43.74890248089374,2025-12-19T04:50:14.277415,midterm,1
460,Science,37.13495852996939,100,37.13495852996939,2025-12-19T04:50:14.277415,midterm,1
460,English,69.95332829685533,100,69.95332829685533,2025-12-19T04:50:14.277415,midterm,1
460,Social Studies,45.56485692288445,100,45.56485692288445,2025-12-19T04:50:14.277415,midterm,1
460,Hindi,50.929982938118286,100,50.929982938118286,2025-12-19T04:50:14.277415,midterm,1
460,Mathematics,62.005981320190315,100,62.005981320190315,2026-01-28T04:50:14.277415,midterm,2
460,Science,87.18813584569202,100,87.18813584569202,2026-01-28T04:50:14.277415,midterm,2
460,English,39.452719471098526,100,39.452719471098526,2026-01-28T04:50:14.277415,midterm,2
460,Social Studies,56.39585610725228,100,56.39585610725228,2026-01-28T04:50:14.277415,midterm,2
460,Hindi,44.82206111704612,100,44.82206111704612,2026-01-28T04:50:14.277415,midterm,2
460,Mathematics,46.50968092422007,100,46.50968092422007,2025-11-12T04:50:14.277415,final,3
460,Science,44.69546375991928,100,44.69546375991928,2025-11-12T04:50:14.277415,final,3
460,English,40.64103429198133,100,40.64103429198133,2025-11-12T04:50:14.277415,final,3
460,Social Studies,51.48467035214057,100,51.48467035214057,2025-11-12T04:50:14.277415,final,3
460,Hindi,37.152557099504826,100,37.152557099504826,2025-11-12T04:50:14.277415,final,3
461,Mathematics,42.54970590588236,100,42.54970590588236,2025-10-16T04:50:14.277415,midterm,1
461,Science,33.631659601097404,100,33.631659601097404,2025-10-16T04:50:14.277415,midterm,1
461,English,37.30597996977806,100,37.30597996977806,2025-10-16T04:50:14.277415,midterm,1
461,Social Studies,28.419744121301427,100,28.419744121301427,2025-10-16T04:50:14.277415,midterm,1
461,Hindi,29.409590898646176,100,29.409590898646176,2025-10-16T04:50:14.277415,midterm,1
461,Mathematics,35.95726929243694,100,35.95726929243694,2025-11-01T04:50:14.277415,midterm,2
461,Science,21.441123916705404,100,21.441123916705404,2025-11-01T04:50:14.277415,midterm,2
461,English,29.5017258966303,100,29.5017258966303,2025-11-01T04:50:14.277415,midterm,2
461,Social Studies,24.48549510197912,100,24.48549510197912,2025-11-01T04:50:14.277415,midterm,2
461,Hindi,24.175942134853514,100,24.175942134853514,2025-11-01T04:50:14.277415,midterm,2
461,Mathematics,11.983247834507242,100,11.983247834507242,2026-01-27T04:50:14.277415,final,3
461,Science,46.474896135563654,100,46.474896135563654,2026-01-27T04:50:14.277415,final,3
461,English,26.21624270922597,100,26.21624270922597,2026-01-27T04:50:14.277415,final,3
461,Social Studies,44.71539079239916,100,44.71539079239916,2026-01-27T04:50:14.277415,final,3
461,Hindi,43.76955345470658,100,43.76955345470658,2026-01-27T04:50:14.277415,final,3
462,Mathematics,58.069503105935325,100,58.069503105935325,2026-01-09T04:50:14.277415,midterm,1
462,Science,60.0453878143718,100,60.0453878143718,2026-01-09T04:50:14.277415,midterm,1
462,English,96.5345297646571,100,96.5345297646571,2026-01-09T04:50:14.277415,midterm,1
462,Social Studies,88.43875959037169,100,88.43875959037169,2026-01-09T04:50:14.277415,midterm,1
462,Hindi,70.61431503781921,100,70.61431503781921,2026-01-09T04:50:14.277415,midterm,1
462,Mathematics,73.50323123527376,100,73.50323123527376,2025-10-27T04:50:14.277415,midterm,2
462,Science,64.62103614162837,100,64.62103614162837,2025-10-27T04:50:14.277415,midterm,2
462,English,75.25302731310366,100,75.25302731310366,2025-10-27T04:50:14.277415,midterm,2
462,Social Studies,63.757681163875546,100,63.757681163875546,2025-10-27T04:50:14.277415,midterm,2
462,Hindi,50.60596252811641,100,50.60596252811641,2025-10-27T04:50:14.277415,midterm,2
462,Mathematics,57.71394230598975,100,57.71394230598975,2026-03-08T04:50:14.277415,final,3
462,Science,71.14042764960612,100,71.14042764960612,2026-03-08T04:50:14.277415,final,3
462,English,59.61882781607438,100,59.61882781607438,2026-03-08T04:50:14.277415,final,3
462,Social Studies,70.25672552196491,100,70.25672552196491,2026-03-08T04:50:14.277415,final,3
462,Hindi,60.18288977677163,100,60.18288977677163,2026-03-08T04:50:14.277415,final,3
463,Mathematics,51.713514743115404,100,51.713514743115404,2025-11-08T04:50:14.277415,midterm,1
463,Science,68.06870703226726,100,68.06870703226726,2025-11-08T04:50:14.277415,midterm,1
463,English,62.011859444536384,100,62.011859444536384,2025-11-08T04:50:14.277415,midterm,1
463,Social Studies,59.440409755001866,100,59.440409755001866,2025-11-08T04:50:14.277415,midterm,1
463,Hindi,68.32669369884185,100,68.32669369884185,2025-11-08T04:50:14.277415,midterm,1
463,Mathematics,64.34313990160881,100,64.34313990160881,2026-01-21T04:50:14.277415,midterm,2
463,Science,74.00268688064901,100,74.00268688064901,2026-01-21T04:50:14.277415,midterm,2
463,English,54.938461344983935,100,54.938461344983935,2026-01-21T04:50:14.277415,midterm,2
463,Social Studies,55.240704182860256,100,55.240704182860256,2026-01-21T04:50:14.277415,midterm,2
463,Hindi,46.52596130422189,100,46.52596130422189,2026-01-21T04:50:14.277415,midterm,2
463,Mathematics,55.24724679441114,100,55.24724679441114,2025-12-08T04:50:14.277415,final,3
463,Science,69.18475291115979,100,69.18475291115979,2025-12-08T04:50:14.277415,final,3
463,English,72.53692769075668,100,72.53692769075668,2025-12-08T04:50:14.277415,final,3
463,Social Studies,69.14010564900202,100,69.14010564900202,2025-12-08T04:50:14.277415,final,3
463,Hindi,41.595135302640976,100,41.595135302640976,2025-12-08T04:50:14.277415,final,3
464,Mathematics,76.90375088022984,100,76.90375088022984,2025-11-25T04:50:14.277415,midterm,1
464,Science,47.687112520901785,100,47.687112520901785,2025-11-25T04:50:14.277415,midterm,1
464,English,75.05347199484596,100,75.05347199484596,2025-11-25T04:50:14.277415,midterm,1
464,Social Studies,62.39445348791194,100,62.39445348791194,2025-11-25T04:50:14.277415,midterm,1
464,Hindi,73.09763189296105,100,73.09763189296105,2025-11-25T04:50:14.277415,midterm,1
464,Mathematics,52.74781527467683,100,52.74781527467683,2025-09-30T04:50:14.277415,midterm,2
464,Science,77.78397508068396,100,77.78397508068396,2025-09-30T04:50:14.277415,midterm,2
464,English,51.4225512925736,100,51.4225512925736,2025-09-30T04:50:14.277415,midterm,2
464,Social Studies,59.387749645090715,100,59.387749645090715,2025-09-30T04:50:14.277415,midterm,2
464,Hindi,56.09135247593214,100,56.09135247593214,2025-09-30T04:50:14.277415,midterm,2
464,Mathematics,48.5294502253975,100,48.5294502253975,2025-11-11T04:50:14.277415,final,3
464,Science,67.01757442950718,100,67.01757442950718,2025-11-11T04:50:14.277415,final,3
464,English,84.1331899319921,100,84.1331899319921,2025-11-11T04:50:14.277415,final,3
464,Social Studies,92.74135097682259,100,92.74135097682259,2025-11-11T04:50:14.277415,final,3
464,Hindi,67.04385662448497,100,67.04385662448497,2025-11-11T04:50:14.277415,final,3
465,Mathematics,72.29950372284885,100,72.29950372284885,2025-12-09T04:50:14.277415,midterm,1
465,Science,63.453637351459,100,63.453637351459,2025-12-09T04:50:14.277415,midterm,1
465,English,66.12152291985575,100,66.12152291985575,2025-12-09T04:50:14.277415,midterm,1
465,Social Studies,57.711204460901236,100,57.711204460901236,2025-12-09T04:50:14.277415,midterm,1
465,Hindi,63.08346022639965,100,63.08346022639965,2025-12-09T04:50:14.277415,midterm,1
465,Mathematics,66.50747801823792,100,66.50747801823792,2025-11-12T04:50:14.277415,midterm,2
465,Science,55.34809368341031,100,55.34809368341031,2025-11-12T04:50:14.277415,midterm,2
465,English,60.35774797324375,100,60.35774797324375,2025-11-12T04:50:14.277415,midterm,2
465,Social Studies,60.54838978219875,100,60.54838978219875,2025-11-12T04:50:14.277415,midterm,2
465,Hindi,69.39672414547887,100,69.39672414547887,2025-11-12T04:50:14.277415,midterm,2
465,Mathematics,50.47236925589682,100,50.47236925589682,2025-11-28T04:50:14.277415,final,3
465,Science,60.617268886097115,100,60.617268886097115,2025-11-28T04:50:14.277415,final,3
465,English,80.2527456627006,100,80.2527456627006,2025-11-28T04:50:14.277415,final,3
465,Social Studies,72.773292498033,100,72.773292498033,2025-11-28T04:50:14.277415,final,3
465,Hindi,74.62448146106068,100,74.62448146106068,2025-11-28T04:50:14.277415,final,3
466,Mathematics,86.68641070348589,100,86.68641070348589,2026-02-11T04:50:14.277415,midterm,1
466,Science,89.65206793856578,100,89.65206793856578,2026-02-11T04:50:14.277415,midterm,1
466,English,96.4644539687348,100,96.4644539687348,2026-02-11T04:50:14.277415,midterm,1
466,Social Studies,100.0,100,100.0,2026-02-11T04:50:14.277415,midterm,1
466,Hindi,66.92606317287668,100,66.92606317287668,2026-02-11T04:50:14.277415,midterm,1
466,Mathematics,73.28767923120708,100,73.28767923120708,2025-10-30T04:50:14.277415,midterm,2
466,Science,99.53653331573202,100,99.53653331573202,2025-10-30T04:50:14.277415,midterm,2
466,English,83.67319874401751,100,83.67319874401751,2025-10-30T04:50:14.277415,midterm,2
466,Social Studies,79.72488440912477,100,79.72488440912477,2025-10-30T04:50:14.277415,midterm,2
466,Hindi,73.90048243174951,100,73.90048243174951,2025-10-30T04:50:14.277415,midterm,2
466,Mathematics,80.89192528626445,100,80.89192528626445,2025-10-19T04:50:14.277415,final,3
466,Science,72.4183994674673,100,72.4183994674673,2025-10-19T04:50:14.277415,final,3
466,English,100.0,100,100.0,2025-10-19T04:50:14.277415,final,3
466,Social Studies,86.21773178189981,100,86.21773178189981,2025-10-19T04:50:14.277415,final,3
466,Hindi,85.86258688407837,100,85.86258688407837,2025-10-19T04:50:14.277415,final,3
467,Mathematics,98.63558719884418,100,98.63558719884418,2025-11-05T04:50:14.277415,midterm,1
467,Science,100.0,100,100.0,2025-11-05T04:50:14.277415,midterm,1
467,English,100.0,100,100.0,2025-11-05T04:50:14.277415,midterm,1
467,Social Studies,100.0,100,100.0,2025-11-05T04:50:14.277415,midterm,1
467,Hindi,86.4463649392573,100,86.4463649392573,2025-11-05T04:50:14.277415,midterm,1
467,Mathematics,89.77615239759724,100,89.77615239759724,2025-10-20T04:50:14.277415,midterm,2
467,Science,100.0,100,100.0,2025-10-20T04:50:14.277415,midterm,2
467,English,87.48092983076965,100,87.48092983076965,2025-10-20T04:50:14.277415,midterm,2
467,Social Studies,92.7037541268936,100,92.7037541268936,2025-10-20T04:50:14.277415,midterm,2
467,Hindi,96.742458091414,100,96.742458091414,2025-10-20T04:50:14.277415,midterm,2
467,Mathematics,100.0,100,100.0,2026-01-25T04:50:14.278416,final,3
467,Science,74.97801082346385,100,74.97801082346385,2026-01-25T04:50:14.278416,final,3
467,English,99.90227694605531,100,99.90227694605531,2026-01-25T04:50:14.278416,final,3
467,Social Studies,90.4175798686486,100,90.4175798686486,2026-01-25T04:50:14.278416,final,3
467,Hindi,99.82939755580966,100,99.82939755580966,2026-01-25T04:50:14.278416,final,3
468,Mathematics,81.85241596225295,100,81.85241596225295,2025-11-27T04:50:14.278416,midterm,1
468,Science,90.16224964989624,100,90.16224964989624,2025-11-27T04:50:14.278416,midterm,1
468,English,87.61763551491669,100,87.61763551491669,2025-11-27T04:50:14.278416,midterm,1
468,Social Studies,87.54881566480762,100,87.54881566480762,2025-11-27T04:50:14.278416,midterm,1
468,Hindi,88.51980223036705,100,88.51980223036705,2025-11-27T04:50:14.278416,midterm,1
468,Mathematics,76.99688888686411,100,76.99688888686411,2025-12-17T04:50:14.278416,midterm,2
468,Science,74.40494990907305,100,74.40494990907305,2025-12-17T04:50:14.278416,midterm,2
468,English,82.811269870488,100,82.811269870488,2025-12-17T04:50:14.278416,midterm,2
468,Social Studies,81.40390855303488,100,81.40390855303488,2025-12-17T04:50:14.278416,midterm,2
468,Hindi,70.99243667132205,100,70.99243667132205,2025-12-17T04:50:14.278416,midterm,2
468,Mathematics,78.13133312678734,100,78.13133312678734,2026-02-21T04:50:14.278416,final,3
468,Science,73.73213437085872,100,73.73213437085872,2026-02-21T04:50:14.278416,final,3
468,English,65.5437699541041,100,65.5437699541041,2026-02-21T04:50:14.278416,final,3
468,Social Studies,86.98770645246816,100,86.98770645246816,2026-02-21T04:50:14.278416,final,3
468,Hindi,74.63509146400555,100,74.63509146400555,2026-02-21T04:50:14.278416,final,3
469,Mathematics,74.74618380552914,100,74.74618380552914,2025-09-26T04:50:14.278416,midterm,1
469,Science,38.00417852654232,100,38.00417852654232,2025-09-26T04:50:14.278416,midterm,1
469,English,48.69131350010698,100,48.69131350010698,2025-09-26T04:50:14.278416,midterm,1
469,Social Studies,54.58548959544936,100,54.58548959544936,2025-09-26T04:50:14.278416,midterm,1
469,Hindi,65.63291220482978,100,65.63291220482978,2025-09-26T04:50:14.278416,midterm,1
469,Mathematics,58.253794954562494,100,58.253794954562494,2025-12-10T04:50:14.278416,midterm,2
469,Science,57.36382877034816,100,57.36382877034816,2025-12-10T04:50:14.278416,midterm,2
469,English,42.98646330299917,100,42.98646330299917,2025-12-10T04:50:14.278416,midterm,2
469,Social Studies,42.68968725624593,100,42.68968725624593,2025-12-10T04:50:14.278416,midterm,2
469,Hindi,57.48414783143969,100,57.48414783143969,2025-12-10T04:50:14.278416,midterm,2
469,Mathematics,40.618041290357056,100,40.618041290357056,2025-11-01T04:50:14.278416,final,3
469,Science,48.94032372564736,100,48.94032372564736,2025-11-01T04:50:14.278416,final,3
469,English,59.26827451939922,100,59.26827451939922,2025-11-01T04:50:14.278416,final,3
469,Social Studies,44.435858505772885,100,44.435858505772885,2025-11-01T04:50:14.278416,final,3
469,Hindi,70.3126608521587,100,70.3126608521587,2025-11-01T04:50:14.278416,final,3
470,Mathematics,80.86378278547429,100,80.86378278547429,2026-01-07T04:50:14.278416,midterm,1
470,Science,52.91021935971238,100,52.91021935971238,2026-01-07T04:50:14.278416,midterm,1
470,English,59.30070691127551,100,59.30070691127551,2026-01-07T04:50:14.278416,midterm,1
470,Social Studies,45.76664689814588,100,45.76664689814588,2026-01-07T04:50:14.278416,midterm,1
470,Hindi,60.79850571761405,100,60.79850571761405,2026-01-07T04:50:14.278416,midterm,1
470,Mathematics,76.28830410881937,100,76.28830410881937,2025-12-12T04:50:14.278416,midterm,2
470,Science,64.48546992034682,100,64.48546992034682,2025-12-12T04:50:14.278416,midterm,2
470,English,73.23239177925505,100,73.23239177925505,2025-12-12T04:50:14.278416,midterm,2
470,Social Studies,53.40107616027794,100,53.40107616027794,2025-12-12T04:50:14.278416,midterm,2
470,Hindi,76.60417188891444,100,76.60417188891444,2025-12-12T04:50:14.278416,midterm,2
470,Mathematics,63.07332706381189,100,63.07332706381189,2026-02-24T04:50:14.278416,final,3
470,Science,68.74611616592443,100,68.74611616592443,2026-02-24T04:50:14.278416,final,3
470,English,67.69567432916486,100,67.69567432916486,2026-02-24T04:50:14.278416,final,3
470,Social Studies,55.90893413417254,100,55.90893413417254,2026-02-24T04:50:14.278416,final,3
470,Hindi,57.09357602569756,100,57.09357602569756,2026-02-24T04:50:14.278416,final,3
471,Mathematics,77.30650573187674,100,77.30650573187674,2025-09-30T04:50:14.278416,midterm,1
471,Science,71.61848261685942,100,71.61848261685942,2025-09-30T04:50:14.278416,midterm,1
471,English,78.12905145737675,100,78.12905145737675,2025-09-30T04:50:14.278416,midterm,1
471,Social Studies,70.87514339686766,100,70.87514339686766,2025-09-30T04:50:14.278416,midterm,1
471,Hindi,69.05846738993463,100,69.05846738993463,2025-09-30T04:50:14.278416,midterm,1
471,Mathematics,50.368454855174804,100,50.368454855174804,2026-01-14T04:50:14.278416,midterm,2
471,Science,64.92489407423078,100,64.92489407423078,2026-01-14T04:50:14.278416,midterm,2
471,English,67.35471783780504,100,67.35471783780504,2026-01-14T04:50:14.278416,midterm,2
471,Social Studies,87.15963302456822,100,87.15963302456822,2026-01-14T04:50:14.278416,midterm,2
471,Hindi,74.49812736282925,100,74.49812736282925,2026-01-14T04:50:14.278416,midterm,2
471,Mathematics,82.98917285893776,100,82.98917285893776,2025-10-05T04:50:14.278416,final,3
471,Science,73.60393810078976,100,73.60393810078976,2025-10-05T04:50:14.278416,final,3
471,English,60.51552877234768,100,60.51552877234768,2025-10-05T04:50:14.278416,final,3
471,Social Studies,68.79980320334099,100,68.79980320334099,2025-10-05T04:50:14.278416,final,3
471,Hindi,69.9907975044848,100,69.9907975044848,2025-10-05T04:50:14.278416,final,3
472,Mathematics,50.851432346709416,100,50.851432346709416,2026-02-13T04:50:14.278416,midterm,1
472,Science,56.399114278487026,100,56.399114278487026,2026-02-13T04:50:14.278416,midterm,1
472,English,58.18531810764452,100,58.18531810764452,2026-02-13T04:50:14.278416,midterm,1
472,Social Studies,76.29918637006742,100,76.29918637006742,2026-02-13T04:50:14.278416,midterm,1
472,Hindi,39.43558279050645,100,39.43558279050645,2026-02-13T04:50:14.278416,midterm,1
472,Mathematics,72.30117225157667,100,72.30117225157667,2026-02-12T04:50:14.278416,midterm,2
472,Science,50.87503569482241,100,50.87503569482241,2026-02-12T04:50:14.278416,midterm,2
472,English,46.5221961717201,100,46.5221961717201,2026-02-12T04:50:14.278416,midterm,2
472,Social Studies,72.04240934480087,100,72.04240934480087,2026-02-12T04:50:14.278416,midterm,2
472,Hindi,67.56196873676005,100,67.56196873676005,2026-02-12T04:50:14.278416,midterm,2
472,Mathematics,72.78817506822813,100,72.78817506822813,2025-12-30T04:50:14.278416,final,3
472,Science,68.250007519872,100,68.250007519872,2025-12-30T04:50:14.278416,final,3
472,English,80.84143806179026,100,80.84143806179026,2025-12-30T04:50:14.278416,final,3
472,Social Studies,65.83022641386108,100,65.83022641386108,2025-12-30T04:50:14.278416,final,3
472,Hindi,58.67821428318465,100,58.67821428318465,2025-12-30T04:50:14.278416,final,3
473,Mathematics,62.50640806037628,100,62.50640806037628,2025-11-13T04:50:14.278416,midterm,1
473,Science,71.51183557062248,100,71.51183557062248,2025-11-13T04:50:14.278416,midterm,1
473,English,51.28339103456168,100,51.28339103456168,2025-11-13T04:50:14.278416,midterm,1
473,Social Studies,52.55825846184904,100,52.55825846184904,2025-11-13T04:50:14.278416,midterm,1
473,Hindi,55.987544141183776,100,55.987544141183776,2025-11-13T04:50:14.278416,midterm,1
473,Mathematics,38.03131629950953,100,38.03131629950953,2025-11-26T04:50:14.278416,midterm,2
473,Science,60.45792837133832,100,60.45792837133832,2025-11-26T04:50:14.278416,midterm,2
473,English,40.21585724765259,100,40.21585724765259,2025-11-26T04:50:14.278416,midterm,2
473,Social Studies,59.607737416489044,100,59.607737416489044,2025-11-26T04:50:14.278416,midterm,2
473,Hindi,67.73004184851536,100,67.73004184851536,2025-11-26T04:50:14.278416,midterm,2
473,Mathematics,54.3083796807245,100,54.3083796807245,2025-09-29T04:50:14.278416,final,3
473,Science,75.84830298903157,100,75.84830298903157,2025-09-29T04:50:14.278416,final,3
473,English,44.472135292977974,100,44.472135292977974,2025-09-29T04:50:14.278416,final,3
473,Social Studies,70.98975110348118,100,70.98975110348118,2025-09-29T04:50:14.278416,final,3
473,Hindi,65.82851485123206,100,65.82851485123206,2025-09-29T04:50:14.278416,final,3
474,Mathematics,40.73289663306837,100,40.73289663306837,2025-12-27T04:50:14.278416,midterm,1
474,Science,85.00117210658058,100,85.00117210658058,2025-12-27T04:50:14.278416,midterm,1
474,English,57.2557762611356,100,57.2557762611356,2025-12-27T04:50:14.278416,midterm,1
474,Social Studies,49.118388894618946,100,49.118388894618946,2025-12-27T04:50:14.278416,midterm,1
474,Hindi,43.822357168335095,100,43.822357168335095,2025-12-27T04:50:14.278416,midterm,1
474,Mathematics,55.69304883957852,100,55.69304883957852,2025-12-14T04:50:14.278416,midterm,2
474,Science,56.61916039227567,100,56.61916039227567,2025-12-14T04:50:14.278416,midterm,2
474,English,58.91968440157191,100,58.91968440157191,2025-12-14T04:50:14.278416,midterm,2
474,Social Studies,54.915267553935664,100,54.915267553935664,2025-12-14T04:50:14.278416,midterm,2
474,Hindi,64.2254822173262,100,64.2254822173262,2025-12-14T04:50:14.278416,midterm,2
474,Mathematics,54.0169307895428,100,54.0169307895428,2026-01-04T04:50:14.278416,final,3
474,Science,38.543587943770554,100,38.543587943770554,2026-01-04T04:50:14.278416,final,3
474,English,56.39961415967885,100,56.39961415967885,2026-01-04T04:50:14.278416,final,3
474,Social Studies,34.21845258244248,100,34.21845258244248,2026-01-04T04:50:14.278416,final,3
474,Hindi,61.43093542508916,100,61.43093542508916,2026-01-04T04:50:14.278416,final,3
475,Mathematics,72.88905366637823,100,72.88905366637823,2025-09-29T04:50:14.278416,midterm,1
475,Science,84.3156595183626,100,84.3156595183626,2025-09-29T04:50:14.278416,midterm,1
475,English,95.82280578445062,100,95.82280578445062,2025-09-29T04:50:14.278416,midterm,1
475,Social Studies,73.19456901652458,100,73.19456901652458,2025-09-29T04:50:14.278416,midterm,1
475,Hindi,93.29461855432577,100,93.29461855432577,2025-09-29T04:50:14.278416,midterm,1
475,Mathematics,78.34816030234305,100,78.34816030234305,2026-01-26T04:50:14.278416,midterm,2
475,Science,100.0,100,100.0,2026-01-26T04:50:14.278416,midterm,2
475,English,79.03052983722245,100,79.03052983722245,2026-01-26T04:50:14.278416,midterm,2
475,Social Studies,74.27712611413767,100,74.27712611413767,2026-01-26T04:50:14.278416,midterm,2
475,Hindi,89.55444047315747,100,89.55444047315747,2026-01-26T04:50:14.278416,midterm,2
475,Mathematics,78.32415867296822,100,78.32415867296822,2025-11-05T04:50:14.278416,final,3
475,Science,74.2675608279145,100,74.2675608279145,2025-11-05T04:50:14.278416,final,3
475,English,77.90365746216668,100,77.90365746216668,2025-11-05T04:50:14.278416,final,3
475,Social Studies,82.23599064737456,100,82.23599064737456,2025-11-05T04:50:14.278416,final,3
475,Hindi,96.10385728165312,100,96.10385728165312,2025-11-05T04:50:14.278416,final,3
476,Mathematics,41.0899034055428,100,41.0899034055428,2026-02-05T04:50:14.278416,midterm,1
476,Science,60.661587449642774,100,60.661587449642774,2026-02-05T04:50:14.278416,midterm,1
476,English,66.679816806679,100,66.679816806679,2026-02-05T04:50:14.278416,midterm,1
476,Social Studies,62.36526661005653,100,62.36526661005653,2026-02-05T04:50:14.278416,midterm,1
476,Hindi,73.52943255447391,100,73.52943255447391,2026-02-05T04:50:14.278416,midterm,1
476,Mathematics,59.68732756255333,100,59.68732756255333,2026-01-23T04:50:14.278416,midterm,2
476,Science,58.58526643827912,100,58.58526643827912,2026-01-23T04:50:14.278416,midterm,2
476,English,66.35407633027201,100,66.35407633027201,2026-01-23T04:50:14.278416,midterm,2
476,Social Studies,61.42391900965207,100,61.42391900965207,2026-01-23T04:50:14.278416,midterm,2
476,Hindi,56.52669347733386,100,56.52669347733386,2026-01-23T04:50:14.278416,midterm,2
476,Mathematics,65.59222125600236,100,65.59222125600236,2026-02-18T04:50:14.278416,final,3
476,Science,53.90549792797212,100,53.90549792797212,2026-02-18T04:50:14.278416,final,3
476,English,54.319009339945296,100,54.319009339945296,2026-02-18T04:50:14.278416,final,3
476,Social Studies,55.150840642482436,100,55.150840642482436,2026-02-18T04:50:14.278416,final,3
476,Hindi,73.96147246180264,100,73.96147246180264,2026-02-18T04:50:14.278416,final,3
477,Mathematics,14.502842284834742,100,14.502842284834742,2025-12-22T04:50:14.278416,midterm,1
477,Science,50.6689941923213,100,50.6689941923213,2025-12-22T04:50:14.278416,midterm,1
477,English,47.0557239866941,100,47.0557239866941,2025-12-22T04:50:14.278416,midterm,1
477,Social Studies,29.904301252310674,100,29.904301252310674,2025-12-22T04:50:14.278416,midterm,1
477,Hindi,49.8102736360519,100,49.8102736360519,2025-12-22T04:50:14.278416,midterm,1
477,Mathematics,51.470525763007196,100,51.470525763007196,2026-01-18T04:50:14.278416,midterm,2
477,Science,52.609398158265876,100,52.609398158265876,2026-01-18T04:50:14.278416,midterm,2
477,English,20.19472521424239,100,20.19472521424239,2026-01-18T04:50:14.278416,midterm,2
477,Social Studies,60.37689996323626,100,60.37689996323626,2026-01-18T04:50:14.278416,midterm,2
477,Hindi,39.33563879784347,100,39.33563879784347,2026-01-18T04:50:14.278416,midterm,2
477,Mathematics,53.57868331222364,100,53.57868331222364,2025-10-24T04:50:14.278416,final,3
477,Science,54.12374365151474,100,54.12374365151474,2025-10-24T04:50:14.278416,final,3
477,English,37.94603498849895,100,37.94603498849895,2025-10-24T04:50:14.278416,final,3
477,Social Studies,53.31760536820738,100,53.31760536820738,2025-10-24T04:50:14.278416,final,3
477,Hindi,42.85807343556829,100,42.85807343556829,2025-10-24T04:50:14.278416,final,3
478,Mathematics,39.988031445188454,100,39.988031445188454,2025-12-23T04:50:14.278416,midterm,1
478,Science,72.3792224938478,100,72.3792224938478,2025-12-23T04:50:14.278416,midterm,1
478,English,52.95135360840762,100,52.95135360840762,2025-12-23T04:50:14.278416,midterm,1
478,Social Studies,52.15686861118948,100,52.15686861118948,2025-12-23T04:50:14.278416,midterm,1
478,Hindi,56.6711445582028,100,56.6711445582028,2025-12-23T04:50:14.278416,midterm,1
478,Mathematics,63.4241704918439,100,63.4241704918439,2025-11-06T04:50:14.278416,midterm,2
478,Science,60.129099130349,100,60.129099130349,2025-11-06T04:50:14.278416,midterm,2
478,English,66.18247248564172,100,66.18247248564172,2025-11-06T04:50:14.278416,midterm,2
478,Social Studies,47.306909573283434,100,47.306909573283434,2025-11-06T04:50:14.278416,midterm,2
478,Hindi,53.27793953426268,100,53.27793953426268,2025-11-06T04:50:14.278416,midterm,2
478,Mathematics,59.541832515354685,100,59.541832515354685,2025-12-15T04:50:14.278416,final,3
478,Science,79.68067616515708,100,79.68067616515708,2025-12-15T04:50:14.278416,final,3
478,English,59.56367785443244,100,59.56367785443244,2025-12-15T04:50:14.278416,final,3
478,Social Studies,71.55402587518634,100,71.55402587518634,2025-12-15T04:50:14.278416,final,3
478,Hindi,61.0873549264132,100,61.0873549264132,2025-12-15T04:50:14.278416,final,3
479,Mathematics,68.4544842822922,100,68.4544842822922,2026-02-17T04:50:14.278416,midterm,1
479,Science,70.82382641552348,100,70.82382641552348,2026-02-17T04:50:14.278416,midterm,1
479,English,71.60687353637907,100,71.60687353637907,2026-02-17T04:50:14.278416,midterm,1
479,Social Studies,79.32752804627528,100,79.32752804627528,2026-02-17T04:50:14.278416,midterm,1
479,Hindi,87.03718333243343,100,87.03718333243343,2026-02-17T04:50:14.278416,midterm,1
479,Mathematics,76.8878791335311,100,76.8878791335311,2025-12-02T04:50:14.278416,midterm,2
479,Science,85.16184744408544,100,85.16184744408544,2025-12-02T04:50:14.278416,midterm,2
479,English,63.64317328037103,100,63.64317328037103,2025-12-02T04:50:14.278416,midterm,2
479,Social Studies,69.14476556852757,100,69.14476556852757,2025-12-02T04:50:14.278416,midterm,2
479,Hindi,66.04804531459122,100,66.04804531459122,2025-12-02T04:50:14.278416,midterm,2
479,Mathematics,76.4355165654164,100,76.4355165654164,2026-01-25T04:50:14.278416,final,3
479,Science,69.70148680487375,100,69.70148680487375,2026-01-25T04:50:14.278416,final,3
479,English,80.58880002700984,100,80.58880002700984,2026-01-25T04:50:14.278416,final,3
479,Social Studies,63.98105354034347,100,63.98105354034347,2026-01-25T04:50:14.278416,final,3
479,Hindi,73.7213803898807,100,73.7213803898807,2026-01-25T04:50:14.278416,final,3
480,Mathematics,59.970421661435715,100,59.970421661435715,2025-11-13T04:50:14.279417,midterm,1
480,Science,32.44881480090705,100,32.44881480090705,2025-11-13T04:50:14.279417,midterm,1
480,English,74.31815562461519,100,74.31815562461519,2025-11-13T04:50:14.279417,midterm,1
480,Social Studies,50.270323702514396,100,50.270323702514396,2025-11-13T04:50:14.279417,midterm,1
480,Hindi,32.851443414551426,100,32.851443414551426,2025-11-13T04:50:14.279417,midterm,1
480,Mathematics,54.68278153708101,100,54.68278153708101,2025-09-29T04:50:14.279417,midterm,2
480,Science,53.43627723104466,100,53.43627723104466,2025-09-29T04:50:14.279417,midterm,2
480,English,52.28289875558823,100,52.28289875558823,2025-09-29T04:50:14.279417,midterm,2
480,Social Studies,63.01375368057982,100,63.01375368057982,2025-09-29T04:50:14.279417,midterm,2
480,Hindi,60.57629226558372,100,60.57629226558372,2025-09-29T04:50:14.279417,midterm,2
480,Mathematics,56.08060446155161,100,56.08060446155161,2026-02-13T04:50:14.279417,final,3
480,Science,57.60339889077963,100,57.60339889077963,2026-02-13T04:50:14.279417,final,3
480,English,52.05825805693229,100,52.05825805693229,2026-02-13T04:50:14.279417,final,3
480,Social Studies,70.85675104371364,100,70.85675104371364,2026-02-13T04:50:14.279417,final,3
480,Hindi,38.30988236773549,100,38.30988236773549,2026-02-13T04:50:14.279417,final,3
481,Mathematics,94.12481488743909,100,94.12481488743909,2026-02-02T04:50:14.279417,midterm,1
481,Science,93.37854445716792,100,93.37854445716792,2026-02-02T04:50:14.279417,midterm,1
481,English,100.0,100,100.0,2026-02-02T04:50:14.279417,midterm,1
481,Social Studies,84.28975937103112,100,84.28975937103112,2026-02-02T04:50:14.279417,midterm,1
481,Hindi,75.29157212131476,100,75.29157212131476,2026-02-02T04:50:14.279417,midterm,1
481,Mathematics,94.29652830626205,100,94.29652830626205,2025-10-14T04:50:14.279417,midterm,2
481,Science,95.54060306746617,100,95.54060306746617,2025-10-14T04:50:14.279417,midterm,2
481,English,100.0,100,100.0,2025-10-14T04:50:14.279417,midterm,2
481,Social Studies,80.02467768202926,100,80.02467768202926,2025-10-14T04:50:14.279417,midterm,2
481,Hindi,100.0,100,100.0,2025-10-14T04:50:14.279417,midterm,2
481,Mathematics,100.0,100,100.0,2025-10-03T04:50:14.279417,final,3
481,Science,88.95064927005535,100,88.95064927005535,2025-10-03T04:50:14.279417,final,3
481,English,79.81887595034789,100,79.81887595034789,2025-10-03T04:50:14.279417,final,3
481,Social Studies,88.6585544815464,100,88.6585544815464,2025-10-03T04:50:14.279417,final,3
481,Hindi,92.86834781899393,100,92.86834781899393,2025-10-03T04:50:14.279417,final,3
482,Mathematics,49.12821404720002,100,49.12821404720002,2025-10-25T04:50:14.279417,midterm,1
482,Science,37.57638799875039,100,37.57638799875039,2025-10-25T04:50:14.279417,midterm,1
482,English,59.04232063860429,100,59.04232063860429,2025-10-25T04:50:14.279417,midterm,1
482,Social Studies,32.345012147050255,100,32.345012147050255,2025-10-25T04:50:14.279417,midterm,1
482,Hindi,26.09828377540287,100,26.09828377540287,2025-10-25T04:50:14.279417,midterm,1
482,Mathematics,54.55743954000404,100,54.55743954000404,2025-10-04T04:50:14.279417,midterm,2
482,Science,20.744124985068872,100,20.744124985068872,2025-10-04T04:50:14.279417,midterm,2
482,English,41.44903760840371,100,41.44903760840371,2025-10-04T04:50:14.279417,midterm,2
482,Social Studies,74.66714658921134,100,74.66714658921134,2025-10-04T04:50:14.279417,midterm,2
482,Hindi,43.36989976753156,100,43.36989976753156,2025-10-04T04:50:14.279417,midterm,2
482,Mathematics,32.28265879016837,100,32.28265879016837,2025-10-18T04:50:14.279417,final,3
482,Science,42.916360659262935,100,42.916360659262935,2025-10-18T04:50:14.279417,final,3
482,English,42.98232741093553,100,42.98232741093553,2025-10-18T04:50:14.279417,final,3
482,Social Studies,45.096834700662036,100,45.096834700662036,2025-10-18T04:50:14.279417,final,3
482,Hindi,50.11296511872707,100,50.11296511872707,2025-10-18T04:50:14.279417,final,3
483,Mathematics,58.187180599886545,100,58.187180599886545,2025-09-27T04:50:14.279417,midterm,1
483,Science,85.45377283593187,100,85.45377283593187,2025-09-27T04:50:14.279417,midterm,1
483,English,71.02943512729011,100,71.02943512729011,2025-09-27T04:50:14.279417,midterm,1
483,Social Studies,75.84623274758198,100,75.84623274758198,2025-09-27T04:50:14.279417,midterm,1
483,Hindi,62.296798286007515,100,62.296798286007515,2025-09-27T04:50:14.279417,midterm,1
483,Mathematics,81.44211365351927,100,81.44211365351927,2026-02-14T04:50:14.279417,midterm,2
483,Science,66.0077681954333,100,66.0077681954333,2026-02-14T04:50:14.279417,midterm,2
483,English,71.35381741849926,100,71.35381741849926,2026-02-14T04:50:14.279417,midterm,2
483,Social Studies,59.247231511692846,100,59.247231511692846,2026-02-14T04:50:14.279417,midterm,2
483,Hindi,58.60897601954267,100,58.60897601954267,2026-02-14T04:50:14.279417,midterm,2
483,Mathematics,75.46034534809277,100,75.46034534809277,2025-12-22T04:50:14.279417,final,3
483,Science,64.14222398149008,100,64.14222398149008,2025-12-22T04:50:14.279417,final,3
483,English,60.04006140852017,100,60.04006140852017,2025-12-22T04:50:14.279417,final,3
483,Social Studies,62.14645886329364,100,62.14645886329364,2025-12-22T04:50:14.279417,final,3
483,Hindi,75.56782300073814,100,75.56782300073814,2025-12-22T04:50:14.279417,final,3
484,Mathematics,61.89672385771361,100,61.89672385771361,2026-01-25T04:50:14.279417,midterm,1
484,Science,67.01055315372808,100,67.01055315372808,2026-01-25T04:50:14.279417,midterm,1
484,English,68.33737997262068,100,68.33737997262068,2026-01-25T04:50:14.279417,midterm,1
484,Social Studies,49.013613609646725,100,49.013613609646725,2026-01-25T04:50:14.279417,midterm,1
484,Hindi,53.47583841601454,100,53.47583841601454,2026-01-25T04:50:14.279417,midterm,1
484,Mathematics,71.54988136222535,100,71.54988136222535,2025-10-08T04:50:14.279417,midterm,2
484,Science,60.81680885822274,100,60.81680885822274,2025-10-08T04:50:14.279417,midterm,2
484,English,78.75435158255391,100,78.75435158255391,2025-10-08T04:50:14.279417,midterm,2
484,Social Studies,77.85517351225516,100,77.85517351225516,2025-10-08T04:50:14.279417,midterm,2
484,Hindi,75.3787891333041,100,75.3787891333041,2025-10-08T04:50:14.279417,midterm,2
484,Mathematics,86.38482034287568,100,86.38482034287568,2026-02-03T04:50:14.279417,final,3
484,Science,67.35620919231789,100,67.35620919231789,2026-02-03T04:50:14.279417,final,3
484,English,74.67592172878811,100,74.67592172878811,2026-02-03T04:50:14.279417,final,3
484,Social Studies,62.34309270378941,100,62.34309270378941,2026-02-03T04:50:14.279417,final,3
484,Hindi,92.71080159843696,100,92.71080159843696,2026-02-03T04:50:14.279417,final,3
485,Mathematics,67.78616783334911,100,67.78616783334911,2026-02-14T04:50:14.279417,midterm,1
485,Science,48.06863565416684,100,48.06863565416684,2026-02-14T04:50:14.279417,midterm,1
485,English,51.81569360804084,100,51.81569360804084,2026-02-14T04:50:14.279417,midterm,1
485,Social Studies,61.54280730263697,100,61.54280730263697,2026-02-14T04:50:14.279417,midterm,1
485,Hindi,46.47843626084785,100,46.47843626084785,2026-02-14T04:50:14.279417,midterm,1
485,Mathematics,41.38359060099187,100,41.38359060099187,2025-10-11T04:50:14.279417,midterm,2
485,Science,56.68972881905775,100,56.68972881905775,2025-10-11T04:50:14.279417,midterm,2
485,English,48.73422376982562,100,48.73422376982562,2025-10-11T04:50:14.279417,midterm,2
485,Social Studies,49.779775805441524,100,49.779775805441524,2025-10-11T04:50:14.279417,midterm,2
485,Hindi,39.60711787830927,100,39.60711787830927,2025-10-11T04:50:14.279417,midterm,2
485,Mathematics,30.773109825354958,100,30.773109825354958,2025-11-30T04:50:14.279417,final,3
485,Science,50.31125540777993,100,50.31125540777993,2025-11-30T04:50:14.279417,final,3
485,English,56.99945172393092,100,56.99945172393092,2025-11-30T04:50:14.279417,final,3
485,Social Studies,45.6917638182285,100,45.6917638182285,2025-11-30T04:50:14.279417,final,3
485,Hindi,62.31412650457759,100,62.31412650457759,2025-11-30T04:50:14.279417,final,3
486,Mathematics,87.21660898781727,100,87.21660898781727,2026-03-10T04:50:14.279417,midterm,1
486,Science,83.7087276923135,100,83.7087276923135,2026-03-10T04:50:14.279417,midterm,1
486,English,93.5834691700114,100,93.5834691700114,2026-03-10T04:50:14.279417,midterm,1
486,Social Studies,93.4298464884598,100,93.4298464884598,2026-03-10T04:50:14.279417,midterm,1
486,Hindi,100.0,100,100.0,2026-03-10T04:50:14.279417,midterm,1
486,Mathematics,86.50614400133286,100,86.50614400133286,2025-12-28T04:50:14.279417,midterm,2
486,Science,100.0,100,100.0,2025-12-28T04:50:14.279417,midterm,2
486,English,100.0,100,100.0,2025-12-28T04:50:14.279417,midterm,2
486,Social Studies,93.86433197228929,100,93.86433197228929,2025-12-28T04:50:14.279417,midterm,2
486,Hindi,100.0,100,100.0,2025-12-28T04:50:14.279417,midterm,2
486,Mathematics,83.69080153572011,100,83.69080153572011,2026-02-08T04:50:14.279417,final,3
486,Science,100.0,100,100.0,2026-02-08T04:50:14.279417,final,3
486,English,100.0,100,100.0,2026-02-08T04:50:14.279417,final,3
486,Social Studies,100.0,100,100.0,2026-02-08T04:50:14.279417,final,3
486,Hindi,94.10014135326976,100,94.10014135326976,2026-02-08T04:50:14.279417,final,3
487,Mathematics,29.85197304894937,100,29.85197304894937,2025-10-29T04:50:14.279417,midterm,1
487,Science,52.977191024848395,100,52.977191024848395,2025-10-29T04:50:14.279417,midterm,1
487,English,53.13530228452366,100,53.13530228452366,2025-10-29T04:50:14.279417,midterm,1
487,Social Studies,49.61191308076491,100,49.61191308076491,2025-10-29T04:50:14.279417,midterm,1
487,Hindi,60.616892506840344,100,60.616892506840344,2025-10-29T04:50:14.279417,midterm,1
487,Mathematics,55.204828006157335,100,55.204828006157335,2025-12-27T04:50:14.279417,midterm,2
487,Science,51.148342363719465,100,51.148342363719465,2025-12-27T04:50:14.279417,midterm,2
487,English,48.80646097889149,100,48.80646097889149,2025-12-27T04:50:14.279417,midterm,2
487,Social Studies,52.239332606517394,100,52.239332606517394,2025-12-27T04:50:14.279417,midterm,2
487,Hindi,70.60945457986897,100,70.60945457986897,2025-12-27T04:50:14.279417,midterm,2
487,Mathematics,52.784211915094744,100,52.784211915094744,2026-02-12T04:50:14.279417,final,3
487,Science,54.245075397036956,100,54.245075397036956,2026-02-12T04:50:14.279417,final,3
487,English,54.82748631113722,100,54.82748631113722,2026-02-12T04:50:14.279417,final,3
487,Social Studies,62.78439759946388,100,62.78439759946388,2026-02-12T04:50:14.279417,final,3
487,Hindi,63.95695734665501,100,63.95695734665501,2026-02-12T04:50:14.279417,final,3
488,Mathematics,21.2068891294193,100,21.2068891294193,2025-11-17T04:50:14.279417,midterm,1
488,Science,61.869806660127,100,61.869806660127,2025-11-17T04:50:14.279417,midterm,1
488,English,66.01713486428847,100,66.01713486428847,2025-11-17T04:50:14.279417,midterm,1
488,Social Studies,41.15158914823422,100,41.15158914823422,2025-11-17T04:50:14.279417,midterm,1
488,Hindi,41.930472074502575,100,41.930472074502575,2025-11-17T04:50:14.279417,midterm,1
488,Mathematics,47.1509206440682,100,47.1509206440682,2026-03-01T04:50:14.279417,midterm,2
488,Science,44.09341432728487,100,44.09341432728487,2026-03-01T04:50:14.279417,midterm,2
488,English,53.89272326131698,100,53.89272326131698,2026-03-01T04:50:14.279417,midterm,2
488,Social Studies,32.18820165826227,100,32.18820165826227,2026-03-01T04:50:14.279417,midterm,2
488,Hindi,40.47417844148352,100,40.47417844148352,2026-03-01T04:50:14.279417,midterm,2
488,Mathematics,67.04542652359999,100,67.04542652359999,2026-03-04T04:50:14.279417,final,3
488,Science,42.37125484837074,100,42.37125484837074,2026-03-04T04:50:14.279417,final,3
488,English,64.08773730288017,100,64.08773730288017,2026-03-04T04:50:14.279417,final,3
488,Social Studies,55.20683647775229,100,55.20683647775229,2026-03-04T04:50:14.279417,final,3
488,Hindi,33.560777375968335,100,33.560777375968335,2026-03-04T04:50:14.279417,final,3
489,Mathematics,37.59297190809246,100,37.59297190809246,2025-10-05T04:50:14.279417,midterm,1
489,Science,30.063006934001862,100,30.063006934001862,2025-10-05T04:50:14.279417,midterm,1
489,English,26.685009393432992,100,26.685009393432992,2025-10-05T04:50:14.279417,midterm,1
489,Social Studies,33.68925088765043,100,33.68925088765043,2025-10-05T04:50:14.279417,midterm,1
489,Hindi,35.98601481159832,100,35.98601481159832,2025-10-05T04:50:14.279417,midterm,1
489,Mathematics,38.31559817567659,100,38.31559817567659,2025-12-02T04:50:14.279417,midterm,2
489,Science,43.02220843141042,100,43.02220843141042,2025-12-02T04:50:14.279417,midterm,2
489,English,35.321039083713956,100,35.321039083713956,2025-12-02T04:50:14.279417,midterm,2
489,Social Studies,17.483339068066776,100,17.483339068066776,2025-12-02T04:50:14.279417,midterm,2
489,Hindi,26.503225379418485,100,26.503225379418485,2025-12-02T04:50:14.279417,midterm,2
489,Mathematics,60.67016330861661,100,60.67016330861661,2026-01-30T04:50:14.279417,final,3
489,Science,38.48459055974767,100,38.48459055974767,2026-01-30T04:50:14.279417,final,3
489,English,54.932552964045364,100,54.932552964045364,2026-01-30T04:50:14.279417,final,3
489,Social Studies,45.19402077792225,100,45.19402077792225,2026-01-30T04:50:14.279417,final,3
489,Hindi,33.65770067148788,100,33.65770067148788,2026-01-30T04:50:14.279417,final,3
490,Mathematics,60.80104708263717,100,60.80104708263717,2025-12-14T04:50:14.280416,midterm,1
490,Science,57.421175986057534,100,57.421175986057534,2025-12-14T04:50:14.280416,midterm,1
490,English,40.408930226360994,100,40.408930226360994,2025-12-14T04:50:14.280416,midterm,1
490,Social Studies,57.967448909508235,100,57.967448909508235,2025-12-14T04:50:14.280416,midterm,1
490,Hindi,69.89372191024796,100,69.89372191024796,2025-12-14T04:50:14.280416,midterm,1
490,Mathematics,51.790576436613954,100,51.790576436613954,2025-12-13T04:50:14.280416,midterm,2
490,Science,61.90650637544409,100,61.90650637544409,2025-12-13T04:50:14.280416,midterm,2
490,English,66.30288684375796,100,66.30288684375796,2025-12-13T04:50:14.280416,midterm,2
490,Social Studies,48.690171991701234,100,48.690171991701234,2025-12-13T04:50:14.280416,midterm,2
490,Hindi,53.27394774138934,100,53.27394774138934,2025-12-13T04:50:14.280416,midterm,2
490,Mathematics,47.607861480054396,100,47.607861480054396,2026-03-06T04:50:14.280416,final,3
490,Science,49.56532031793192,100,49.56532031793192,2026-03-06T04:50:14.280416,final,3
490,English,44.91092354829538,100,44.91092354829538,2026-03-06T04:50:14.280416,final,3
490,Social Studies,48.78249177104573,100,48.78249177104573,2026-03-06T04:50:14.280416,final,3
490,Hindi,71.98153319280438,100,71.98153319280438,2026-03-06T04:50:14.280416,final,3
491,Mathematics,54.0041364743543,100,54.0041364743543,2025-12-23T04:50:14.280416,midterm,1
491,Science,64.42349895586412,100,64.42349895586412,2025-12-23T04:50:14.280416,midterm,1
491,English,58.13021922854766,100,58.13021922854766,2025-12-23T04:50:14.280416,midterm,1
491,Social Studies,74.94756613562662,100,74.94756613562662,2025-12-23T04:50:14.280416,midterm,1
491,Hindi,76.27052973129338,100,76.27052973129338,2025-12-23T04:50:14.280416,midterm,1
491,Mathematics,71.79960658664669,100,71.79960658664669,2025-12-23T04:50:14.280416,midterm,2
491,Science,66.22025229628477,100,66.22025229628477,2025-12-23T04:50:14.280416,midterm,2
491,English,60.84831139684824,100,60.84831139684824,2025-12-23T04:50:14.280416,midterm,2
491,Social Studies,51.240159723344725,100,51.240159723344725,2025-12-23T04:50:14.280416,midterm,2
491,Hindi,82.5941955764792,100,82.5941955764792,2025-12-23T04:50:14.280416,midterm,2
491,Mathematics,55.562176587731685,100,55.562176587731685,2026-02-23T04:50:14.280416,final,3
491,Science,69.79537023558564,100,69.79537023558564,2026-02-23T04:50:14.280416,final,3
491,English,73.75456249149119,100,73.75456249149119,2026-02-23T04:50:14.280416,final,3
491,Social Studies,57.60610179620393,100,57.60610179620393,2026-02-23T04:50:14.280416,final,3
491,Hindi,73.53903203841685,100,73.53903203841685,2026-02-23T04:50:14.280416,final,3
492,Mathematics,89.46777808793834,100,89.46777808793834,2026-02-11T04:50:14.280416,midterm,1
492,Science,99.10528440836745,100,99.10528440836745,2026-02-11T04:50:14.280416,midterm,1
492,English,77.13218139028268,100,77.13218139028268,2026-02-11T04:50:14.280416,midterm,1
492,Social Studies,68.96700588175264,100,68.96700588175264,2026-02-11T04:50:14.280416,midterm,1
492,Hindi,76.77074850010469,100,76.77074850010469,2026-02-11T04:50:14.280416,midterm,1
492,Mathematics,83.91418147989312,100,83.91418147989312,2025-11-21T04:50:14.280416,midterm,2
492,Science,82.40777332540036,100,82.40777332540036,2025-11-21T04:50:14.280416,midterm,2
492,English,77.8912670918043,100,77.8912670918043,2025-11-21T04:50:14.280416,midterm,2
492,Social Studies,62.73367146477736,100,62.73367146477736,2025-11-21T04:50:14.280416,midterm,2
492,Hindi,86.53047601584086,100,86.53047601584086,2025-11-21T04:50:14.280416,midterm,2
492,Mathematics,100.0,100,100.0,2025-11-05T04:50:14.280416,final,3
492,Science,86.46815843577983,100,86.46815843577983,2025-11-05T04:50:14.280416,final,3
492,English,87.91700124508493,100,87.91700124508493,2025-11-05T04:50:14.280416,final,3
492,Social Studies,87.55009911610081,100,87.55009911610081,2025-11-05T04:50:14.280416,final,3
492,Hindi,85.79611275337379,100,85.79611275337379,2025-11-05T04:50:14.280416,final,3
493,Mathematics,50.19319752193562,100,50.19319752193562,2026-01-30T04:50:14.280416,midterm,1
493,Science,44.83027466511133,100,44.83027466511133,2026-01-30T04:50:14.280416,midterm,1
493,English,37.74976615672192,100,37.74976615672192,2026-01-30T04:50:14.280416,midterm,1
493,Social Studies,32.91664875316714,100,32.91664875316714,2026-01-30T04:50:14.280416,midterm,1
493,Hindi,38.38680130044792,100,38.38680130044792,2026-01-30T04:50:14.280416,midterm,1
493,Mathematics,44.01783281776133,100,44.01783281776133,2026-02-06T04:50:14.280416,midterm,2
493,Science,37.71570824202494,100,37.71570824202494,2026-02-06T04:50:14.280416,midterm,2
493,English,44.01992468456898,100,44.01992468456898,2026-02-06T04:50:14.280416,midterm,2
493,Social Studies,45.26803919025885,100,45.26803919025885,2026-02-06T04:50:14.280416,midterm,2
493,Hindi,49.20833216595649,100,49.20833216595649,2026-02-06T04:50:14.280416,midterm,2
493,Mathematics,53.70448754164448,100,53.70448754164448,2026-02-16T04:50:14.280416,final,3
493,Science,41.65661203804325,100,41.65661203804325,2026-02-16T04:50:14.280416,final,3
493,English,27.798772201778068,100,27.798772201778068,2026-02-16T04:50:14.280416,final,3
493,Social Studies,37.42549688506277,100,37.42549688506277,2026-02-16T04:50:14.280416,final,3
493,Hindi,41.317163527320666,100,41.317163527320666,2026-02-16T04:50:14.280416,final,3
494,Mathematics,72.20135824284641,100,72.20135824284641,2025-11-21T04:50:14.280416,midterm,1
494,Science,100.0,100,100.0,2025-11-21T04:50:14.280416,midterm,1
494,English,91.98282492972197,100,91.98282492972197,2025-11-21T04:50:14.280416,midterm,1
494,Social Studies,94.37257415042016,100,94.37257415042016,2025-11-21T04:50:14.280416,midterm,1
494,Hindi,100.0,100,100.0,2025-11-21T04:50:14.280416,midterm,1
494,Mathematics,84.25761750319384,100,84.25761750319384,2025-12-14T04:50:14.280416,midterm,2
494,Science,96.29946511345761,100,96.29946511345761,2025-12-14T04:50:14.280416,midterm,2
494,English,89.46040457359796,100,89.46040457359796,2025-12-14T04:50:14.280416,midterm,2
494,Social Studies,88.71817713445812,100,88.71817713445812,2025-12-14T04:50:14.280416,midterm,2
494,Hindi,82.83712192657352,100,82.83712192657352,2025-12-14T04:50:14.280416,midterm,2
494,Mathematics,100.0,100,100.0,2025-12-27T04:50:14.280416,final,3
494,Science,86.80404540386161,100,86.80404540386161,2025-12-27T04:50:14.280416,final,3
494,English,97.55368827357434,100,97.55368827357434,2025-12-27T04:50:14.280416,final,3
494,Social Studies,71.80897192989795,100,71.80897192989795,2025-12-27T04:50:14.280416,final,3
494,Hindi,100.0,100,100.0,2025-12-27T04:50:14.280416,final,3
495,Mathematics,74.54998972012793,100,74.54998972012793,2025-10-31T04:50:14.280416,midterm,1
495,Science,65.00221926353036,100,65.00221926353036,2025-10-31T04:50:14.280416,midterm,1
495,English,61.75845349917809,100,61.75845349917809,2025-10-31T04:50:14.280416,midterm,1
495,Social Studies,68.027878216693,100,68.027878216693,2025-10-31T04:50:14.280416,midterm,1
495,Hindi,86.91578476936023,100,86.91578476936023,2025-10-31T04:50:14.280416,midterm,1
495,Mathematics,46.395511171522486,100,46.395511171522486,2025-11-28T04:50:14.280416,midterm,2
495,Science,71.84815203629861,100,71.84815203629861,2025-11-28T04:50:14.280416,midterm,2
495,English,54.91170513901831,100,54.91170513901831,2025-11-28T04:50:14.280416,midterm,2
495,Social Studies,63.828694197560026,100,63.828694197560026,2025-11-28T04:50:14.280416,midterm,2
495,Hindi,61.5490769697707,100,61.5490769697707,2025-11-28T04:50:14.280416,midterm,2
495,Mathematics,59.74469558257978,100,59.74469558257978,2026-01-01T04:50:14.280416,final,3
495,Science,63.92322687003004,100,63.92322687003004,2026-01-01T04:50:14.280416,final,3
495,English,52.686166707779435,100,52.686166707779435,2026-01-01T04:50:14.280416,final,3
495,Social Studies,74.31968252183701,100,74.31968252183701,2026-01-01T04:50:14.280416,final,3
495,Hindi,46.08644304857133,100,46.08644304857133,2026-01-01T04:50:14.280416,final,3
496,Mathematics,76.06403691253846,100,76.06403691253846,2025-12-14T04:50:14.280416,midterm,1
496,Science,67.40103325890932,100,67.40103325890932,2025-12-14T04:50:14.280416,midterm,1
496,English,58.9571428461805,100,58.9571428461805,2025-12-14T04:50:14.280416,midterm,1
496,Social Studies,72.690225490242,100,72.690225490242,2025-12-14T04:50:14.280416,midterm,1
496,Hindi,55.09688091719026,100,55.09688091719026,2025-12-14T04:50:14.280416,midterm,1
496,Mathematics,71.06353000145138,100,71.06353000145138,2025-10-24T04:50:14.280416,midterm,2
496,Science,56.43762270613949,100,56.43762270613949,2025-10-24T04:50:14.280416,midterm,2
496,English,75.27911262743335,100,75.27911262743335,2025-10-24T04:50:14.280416,midterm,2
496,Social Studies,61.422818447951286,100,61.422818447951286,2025-10-24T04:50:14.280416,midterm,2
496,Hindi,66.15645161396195,100,66.15645161396195,2025-10-24T04:50:14.280416,midterm,2
496,Mathematics,73.60588566368666,100,73.60588566368666,2026-02-18T04:50:14.280416,final,3
496,Science,62.94097066583268,100,62.94097066583268,2026-02-18T04:50:14.280416,final,3
496,English,70.08675178757201,100,70.08675178757201,2026-02-18T04:50:14.280416,final,3
496,Social Studies,55.5280867718065,100,55.5280867718065,2026-02-18T04:50:14.280416,final,3
496,Hindi,76.97514782021659,100,76.97514782021659,2026-02-18T04:50:14.280416,final,3
497,Mathematics,89.64068219907963,100,89.64068219907963,2025-12-11T04:50:14.280416,midterm,1
497,Science,99.91363282267153,100,99.91363282267153,2025-12-11T04:50:14.280416,midterm,1
497,English,72.9032256102363,100,72.9032256102363,2025-12-11T04:50:14.280416,midterm,1
497,Social Studies,79.87358555154378,100,79.87358555154378,2025-12-11T04:50:14.280416,midterm,1
497,Hindi,54.185287414497026,100,54.185287414497026,2025-12-11T04:50:14.280416,midterm,1
497,Mathematics,87.0188874066278,100,87.0188874066278,2025-10-05T04:50:14.280416,midterm,2
497,Science,79.75382919081298,100,79.75382919081298,2025-10-05T04:50:14.280416,midterm,2
497,English,67.15220969405958,100,67.15220969405958,2025-10-05T04:50:14.280416,midterm,2
497,Social Studies,84.363352146462,100,84.363352146462,2025-10-05T04:50:14.280416,midterm,2
497,Hindi,69.44678337711849,100,69.44678337711849,2025-10-05T04:50:14.280416,midterm,2
497,Mathematics,67.41129231342634,100,67.41129231342634,2025-12-03T04:50:14.280416,final,3
497,Science,76.74489339784682,100,76.74489339784682,2025-12-03T04:50:14.280416,final,3
497,English,61.35799914526873,100,61.35799914526873,2025-12-03T04:50:14.280416,final,3
497,Social Studies,82.2077917875714,100,82.2077917875714,2025-12-03T04:50:14.280416,final,3
497,Hindi,61.43164602430348,100,61.43164602430348,2025-12-03T04:50:14.280416,final,3
498,Mathematics,45.349191968602995,100,45.349191968602995,2025-10-19T04:50:14.280416,midterm,1
498,Science,46.752841982751505,100,46.752841982751505,2025-10-19T04:50:14.280416,midterm,1
498,English,63.44474024199607,100,63.44474024199607,2025-10-19T04:50:14.280416,midterm,1
498,Social Studies,49.681986251637774,100,49.681986251637774,2025-10-19T04:50:14.280416,midterm,1
498,Hindi,42.36978202316317,100,42.36978202316317,2025-10-19T04:50:14.280416,midterm,1
498,Mathematics,49.792939867476875,100,49.792939867476875,2025-12-29T04:50:14.281416,midterm,2
498,Science,55.529316160029985,100,55.529316160029985,2025-12-29T04:50:14.281416,midterm,2
498,English,44.040015030191,100,44.040015030191,2025-12-29T04:50:14.281416,midterm,2
498,Social Studies,44.332928776491414,100,44.332928776491414,2025-12-29T04:50:14.281416,midterm,2
498,Hindi,76.9627032078307,100,76.9627032078307,2025-12-29T04:50:14.281416,midterm,2
498,Mathematics,47.24408582869599,100,47.24408582869599,2025-10-05T04:50:14.281416,final,3
498,Science,52.619316179104786,100,52.619316179104786,2025-10-05T04:50:14.281416,final,3
498,English,52.17736985884199,100,52.17736985884199,2025-10-05T04:50:14.281416,final,3
498,Social Studies,51.63617178913044,100,51.63617178913044,2025-10-05T04:50:14.281416,final,3
498,Hindi,62.06320726652588,100,62.06320726652588,2025-10-05T04:50:14.281416,final,3
499,Mathematics,49.69225362570123,100,49.69225362570123,2026-03-06T04:50:14.281416,midterm,1
499,Science,37.151279805664814,100,37.151279805664814,2026-03-06T04:50:14.281416,midterm,1
499,English,27.846041255057244,100,27.846041255057244,2026-03-06T04:50:14.281416,midterm,1
499,Social Studies,52.955226399469765,100,52.955226399469765,2026-03-06T04:50:14.281416,midterm,1
499,Hindi,39.257413209013905,100,39.257413209013905,2026-03-06T04:50:14.281416,midterm,1
499,Mathematics,57.51404226955242,100,57.51404226955242,2025-12-07T04:50:14.281416,midterm,2
499,Science,17.754965145329102,100,17.754965145329102,2025-12-07T04:50:14.281416,midterm,2
499,English,42.16485633381394,100,42.16485633381394,2025-12-07T04:50:14.281416,midterm,2
499,Social Studies,59.396887459742814,100,59.396887459742814,2025-12-07T04:50:14.281416,midterm,2
499,Hindi,36.67818276659915,100,36.67818276659915,2025-12-07T04:50:14.281416,midterm,2
499,Mathematics,37.95588988763437,100,37.95588988763437,2025-12-03T04:50:14.281416,final,3
499,Science,43.16594103688412,100,43.16594103688412,2025-12-03T04:50:14.281416,final,3
499,English,34.62286593213116,100,34.62286593213116,2025-12-03T04:50:14.281416,final,3
499,Social Studies,37.0901048004534,100,37.0901048004534,2025-12-03T04:50:14.281416,final,3
499,Hindi,36.8326731790667,100,36.8326731790667,2025-12-03T04:50:14.281416,final,3
500,Mathematics,34.80117001029713,100,34.80117001029713,2025-12-20T04:50:14.281416,midterm,1
500,Science,53.36394285656646,100,53.36394285656646,2025-12-20T04:50:14.281416,midterm,1
500,English,45.686157677525216,100,45.686157677525216,2025-12-20T04:50:14.281416,midterm,1
500,Social Studies,43.58165967559388,100,43.58165967559388,2025-12-20T04:50:14.281416,midterm,1
500,Hindi,49.161087423462035,100,49.161087423462035,2025-12-20T04:50:14.281416,midterm,1
500,Mathematics,38.4318190225262,100,38.4318190225262,2025-12-25T04:50:14.281416,midterm,2
500,Science,33.33333917103186,100,33.33333917103186,2025-12-25T04:50:14.281416,midterm,2
500,English,35.04913430841529,100,35.04913430841529,2025-12-25T04:50:14.281416,midterm,2
500,Social Studies,41.093207765606955,100,41.093207765606955,2025-12-25T04:50:14.281416,midterm,2
500,Hindi,30.483260270831842,100,30.483260270831842,2025-12-25T04:50:14.281416,midterm,2
500,Mathematics,36.07276718869411,100,36.07276718869411,2025-11-12T04:50:14.281416,final,3
500,Science,35.91421093584652,100,35.91421093584652,2025-11-12T04:50:14.281416,final,3
500,English,62.320939652851,100,62.320939652851,2025-11-12T04:50:14.281416,final,3
500,Social Studies,13.337227955221696,100,13.337227955221696,2025-11-12T04:50:14.281416,final,3
500,Hindi,39.27918014050453,100,39.27918014050453,2025-11-12T04:50:14.281416,final,3
